event_id,t_start,t_end,duration,n_cells,n_center,event_type,avg_score,is_spatial
0,0,0,1,1,69,spatial_sustained,0.6426,False
1,0,0,1,1,128,spatial_sustained,0.7514,False
2,0,0,1,1,352,spatial_sustained,0.6379,False
3,0,0,1,2,448,spatial_sustained,0.5947,True
4,0,0,1,1,551,spatial_sustained,0.8,False
5,0,0,1,1,766,spatial_sustained,0.6145,False
6,0,0,1,1,768,spatial_sustained,0.6038,False
7,0,0,1,1,864,spatial_sustained,0.5179,False
8,0,0,1,1,986,spatial_sustained,0.6195,False
9,0,0,1,1,1007,spatial_sustained,0.7939,False
10,0,0,1,1,1013,spatial_sustained,0.5717,False
11,1,1,1,1,112,spatial_sustained,0.7713,False
12,1,1,1,9,275,spatial_sustained,0.5994,True
13,1,1,1,2,442,spatial_sustained,0.6786,True
14,1,1,1,9,460,spatial_sustained,0.851,True
15,1,1,1,1,768,spatial_sustained,0.6178,False
16,1,1,1,1,869,spatial_sustained,0.8,False
17,1,1,1,1,925,spatial_sustained,0.6361,False
18,2,2,1,1,20,spatial_sustained,0.8,False
19,2,2,1,1,27,spatial_sustained,0.8,False
20,2,2,1,3,48,spatial_sustained,0.7692,True
21,2,2,1,1,111,spatial_sustained,0.5062,False
22,2,2,1,1,113,spatial_sustained,0.7626,False
23,2,2,1,1,148,spatial_sustained,0.6571,False
24,2,2,1,1,232,spatial_sustained,0.564,False
25,2,2,1,9,275,spatial_sustained,0.8417,True
26,2,2,1,1,255,spatial_sustained,0.5757,False
27,2,2,1,1,293,spatial_sustained,0.559,False
28,2,2,1,1,313,spatial_sustained,0.8531,False
29,2,2,1,1,321,spatial_sustained,0.5586,False
30,2,2,1,1,359,spatial_sustained,0.5746,False
31,2,2,1,4,451,spatial_sustained,0.6628,True
32,2,2,1,9,460,spatial_sustained,0.8605,True
33,2,2,1,1,548,spatial_sustained,0.5183,False
34,2,2,1,1,647,spatial_sustained,0.8561,False
35,2,2,1,1,722,spatial_sustained,0.8,False
36,2,2,1,1,768,spatial_sustained,0.7355,False
37,2,2,1,3,863,spatial_sustained,0.6296,True
38,2,2,1,1,990,spatial_sustained,0.5426,False
39,2,2,1,1,1020,spatial_sustained,0.5163,False
40,3,3,1,3,48,spatial_sustained,0.7475,True
41,3,3,1,1,58,spatial_sustained,0.5407,False
42,3,3,1,1,113,spatial_sustained,0.7251,False
43,3,3,1,2,215,spatial_sustained,0.6866,True
44,3,3,1,1,191,spatial_sustained,0.6568,False
45,3,3,1,1,232,spatial_sustained,0.5321,False
46,3,3,1,9,275,spatial_sustained,0.8228,True
47,3,3,1,1,313,spatial_sustained,0.9,False
48,3,3,1,1,416,spatial_sustained,0.8,False
49,3,3,1,9,460,spatial_sustained,0.8108,True
50,3,3,1,9,577,spatial_sustained,0.8544,True
51,3,3,1,1,586,spatial_sustained,0.8552,False
52,3,3,1,1,696,spatial_sustained,0.8538,False
53,3,3,1,1,766,spatial_sustained,0.63,False
54,3,3,1,1,768,spatial_sustained,0.686,False
55,3,3,1,1,808,spatial_sustained,0.8,False
56,3,3,1,1,858,spatial_sustained,0.7102,False
57,3,3,1,1,905,spatial_sustained,0.5603,False
58,4,4,1,1,3,spatial_sustained,0.6133,False
59,4,4,1,3,48,spatial_sustained,0.8158,True
60,4,4,1,1,63,spatial_sustained,0.8508,False
61,4,4,1,1,113,spatial_sustained,0.7743,False
62,4,4,1,1,150,spatial_sustained,0.8,False
63,4,4,1,2,223,spatial_sustained,0.5762,True
64,4,4,1,10,275,spatial_sustained,0.7933,True
65,4,4,1,1,318,spatial_sustained,0.8,False
66,4,4,1,1,332,spatial_sustained,0.631,False
67,4,4,1,2,417,spatial_sustained,0.5824,True
68,4,4,1,1,481,spatial_sustained,0.5211,False
69,4,4,1,9,577,spatial_sustained,0.9,True
70,4,4,1,1,551,spatial_sustained,0.5773,False
71,4,4,1,1,586,spatial_sustained,0.9,False
72,4,4,1,1,621,spatial_sustained,0.5055,False
73,4,4,1,1,639,spatial_sustained,0.6765,False
74,4,4,1,4,721,spatial_sustained,0.6314,True
75,4,4,1,1,696,spatial_sustained,0.9,False
76,4,4,1,1,717,spatial_sustained,0.7948,False
77,4,4,1,1,735,spatial_sustained,0.8,False
78,4,4,1,1,765,spatial_sustained,0.5719,False
79,4,4,1,1,768,spatial_sustained,0.6132,False
80,4,4,1,1,802,spatial_sustained,0.5428,False
81,4,4,1,1,817,spatial_sustained,0.5829,False
82,4,4,1,3,828,spatial_sustained,0.6002,True
83,4,4,1,1,921,spatial_sustained,0.6628,False
84,4,4,1,1,937,spatial_sustained,0.6059,False
85,4,4,1,1,995,spatial_sustained,0.5925,False
86,4,4,1,2,1000,spatial_sustained,0.6014,True
87,4,4,1,1,1004,spatial_sustained,0.5441,False
88,5,5,1,2,63,spatial_sustained,0.7017,True
89,5,5,1,5,49,spatial_sustained,0.7545,True
90,5,5,1,2,116,spatial_sustained,0.6985,True
91,5,5,1,1,113,spatial_sustained,0.778,False
92,5,5,1,1,121,spatial_sustained,0.54,False
93,5,5,1,1,131,spatial_sustained,0.5323,False
94,5,5,1,3,226,spatial_sustained,0.7428,True
95,5,5,1,1,240,spatial_sustained,0.6042,False
96,5,5,1,9,275,spatial_sustained,0.8294,True
97,5,5,1,1,254,spatial_sustained,0.8,False
98,5,5,1,2,451,spatial_sustained,0.5508,True
99,5,5,1,1,462,spatial_sustained,0.5091,False
100,5,5,1,13,562,spatial_sustained,0.6811,True
101,5,5,1,1,586,spatial_sustained,0.9,False
102,5,5,1,1,608,spatial_sustained,0.5193,False
103,5,5,1,1,696,spatial_sustained,0.9,False
104,5,5,1,1,707,spatial_sustained,0.8,False
105,5,5,1,1,768,spatial_sustained,0.8023,False
106,5,5,1,1,796,spatial_sustained,0.5048,False
107,5,5,1,1,861,spatial_sustained,0.6633,False
108,5,5,1,1,900,spatial_sustained,0.5199,False
109,5,5,1,1,905,spatial_sustained,0.542,False
110,5,5,1,1,907,spatial_sustained,0.563,False
111,5,5,1,1,951,spatial_sustained,0.6989,False
112,5,5,1,1,999,spatial_sustained,0.8,False
113,5,5,1,1,1010,spatial_sustained,0.532,False
114,5,5,1,1,1016,spatial_sustained,0.5252,False
115,6,6,1,1,23,spatial_sustained,0.5188,False
116,6,6,1,7,79,spatial_sustained,0.7951,True
117,6,6,1,1,63,spatial_sustained,0.8704,False
118,6,6,1,1,73,spatial_sustained,0.6606,False
119,6,6,1,2,166,spatial_sustained,0.5527,True
120,6,6,1,2,193,spatial_sustained,0.8,True
121,6,6,1,1,353,spatial_sustained,0.5194,False
122,6,6,1,1,444,spatial_sustained,0.6043,False
123,6,6,1,1,586,spatial_sustained,0.9,False
124,6,6,1,9,636,spatial_sustained,0.848,True
125,6,6,1,1,696,spatial_sustained,0.9,False
126,6,6,1,1,703,spatial_sustained,0.7748,False
127,6,6,1,2,765,spatial_sustained,0.5306,True
128,6,6,1,2,773,spatial_sustained,0.5896,True
129,6,6,1,1,768,spatial_sustained,0.799,False
130,6,6,1,1,860,spatial_sustained,0.8,False
131,6,6,1,4,899,spatial_sustained,0.5638,True
132,6,6,1,2,952,spatial_sustained,0.7589,True
133,6,6,1,1,929,spatial_sustained,0.5993,False
134,6,6,1,1,947,spatial_sustained,0.5579,False
135,6,6,1,1,991,spatial_sustained,0.5185,False
136,6,6,1,1,1015,spatial_sustained,0.7707,False
137,7,7,1,8,79,spatial_sustained,0.8382,True
138,7,7,1,1,43,spatial_sustained,0.8421,False
139,7,7,1,1,63,spatial_sustained,0.8673,False
140,7,7,1,1,220,spatial_sustained,0.5435,False
141,7,7,1,1,225,spatial_sustained,0.8,False
142,7,7,1,1,318,spatial_sustained,0.687,False
143,7,7,1,2,352,spatial_sustained,0.8,True
144,7,7,1,1,444,spatial_sustained,0.7184,False
145,7,7,1,1,559,spatial_sustained,0.5508,False
146,7,7,1,9,636,spatial_sustained,0.8929,True
147,7,7,1,1,696,spatial_sustained,0.8951,False
148,7,7,1,2,865,spatial_sustained,0.5513,True
149,7,7,1,1,960,spatial_sustained,0.7943,False
150,7,7,1,1,994,spatial_sustained,0.7799,False
151,7,7,1,2,1008,spatial_sustained,0.5515,True
152,7,7,1,2,1013,spatial_sustained,0.6115,True
153,7,7,1,1,1023,spatial_sustained,0.5326,False
154,8,8,1,9,79,spatial_sustained,0.8027,True
155,8,8,1,1,21,spatial_sustained,0.6206,False
156,8,8,1,1,23,spatial_sustained,0.5127,False
157,8,8,1,1,43,spatial_sustained,0.8814,False
158,8,8,1,1,63,spatial_sustained,0.874,False
159,8,8,1,1,225,spatial_sustained,0.5786,False
160,8,8,1,1,321,spatial_sustained,0.8,False
161,8,8,1,4,382,spatial_sustained,0.6599,True
162,8,8,1,1,696,spatial_sustained,0.8921,False
163,8,8,1,1,833,spatial_sustained,0.566,False
164,8,8,1,1,869,spatial_sustained,0.8,False
165,8,8,1,2,921,spatial_sustained,0.6536,True
166,9,9,1,1,3,spatial_sustained,0.5137,False
167,9,9,1,1,43,spatial_sustained,0.8757,False
168,9,9,1,8,81,spatial_sustained,0.8419,True
169,9,9,1,1,63,spatial_sustained,0.8791,False
170,9,9,1,1,84,spatial_sustained,0.8,False
171,9,9,1,1,225,spatial_sustained,0.5185,False
172,9,9,1,1,321,spatial_sustained,0.6635,False
173,9,9,1,1,451,spatial_sustained,0.7404,False
174,9,9,1,1,671,spatial_sustained,0.5372,False
175,9,9,1,1,736,spatial_sustained,0.5466,False
176,9,9,1,1,863,spatial_sustained,0.5062,False
177,9,9,1,1,929,spatial_sustained,0.5109,False
178,9,9,1,1,993,spatial_sustained,0.5062,False
179,10,10,1,1,43,spatial_sustained,0.8724,False
180,10,10,1,1,63,spatial_sustained,0.8807,False
181,10,10,1,9,119,spatial_sustained,0.8056,True
182,10,10,1,1,101,spatial_sustained,0.8,False
183,10,10,1,1,321,spatial_sustained,0.5433,False
184,10,10,1,2,414,spatial_sustained,0.6049,True
185,10,10,1,1,479,spatial_sustained,0.5532,False
186,10,10,1,1,888,spatial_sustained,0.6168,False
187,10,10,1,1,915,spatial_sustained,0.8713,False
188,10,10,1,1,1007,spatial_sustained,0.5581,False
189,11,11,1,1,63,spatial_sustained,0.884,False
190,11,11,1,9,119,spatial_sustained,0.8736,True
191,11,11,1,1,90,spatial_sustained,0.8457,False
192,11,11,1,9,158,spatial_sustained,0.8249,True
193,11,11,1,3,195,spatial_sustained,0.5876,True
194,11,11,1,1,176,spatial_sustained,0.5417,False
195,11,11,1,1,318,spatial_sustained,0.7636,False
196,11,11,1,1,670,spatial_sustained,0.5628,False
197,11,11,1,1,704,spatial_sustained,0.6304,False
198,11,11,1,1,892,spatial_sustained,0.7631,False
199,11,11,1,1,915,spatial_sustained,0.9,False
200,11,11,1,1,1006,spatial_sustained,0.7162,False
201,11,11,1,2,1017,spatial_sustained,0.6636,True
202,12,12,1,1,90,spatial_sustained,0.8932,False
203,12,12,1,1,104,spatial_sustained,0.5476,False
204,12,12,1,9,158,spatial_sustained,0.8794,True
205,12,12,1,3,176,spatial_sustained,0.5421,True
206,12,12,1,1,155,spatial_sustained,0.6221,False
207,12,12,1,1,444,spatial_sustained,0.8192,False
208,12,12,1,1,551,spatial_sustained,0.5336,False
209,12,12,1,1,810,spatial_sustained,0.5008,False
210,12,12,1,1,855,spatial_sustained,0.5922,False
211,12,12,1,1,864,spatial_sustained,0.5073,False
212,12,12,1,1,869,spatial_sustained,0.5649,False
213,12,12,1,1,915,spatial_sustained,0.9,False
214,12,12,1,2,944,spatial_sustained,0.6162,True
215,13,13,1,5,22,spatial_sustained,0.6812,True
216,13,13,1,1,32,spatial_sustained,0.5227,False
217,13,13,1,1,38,spatial_sustained,0.5299,False
218,13,13,1,1,90,spatial_sustained,0.8928,False
219,13,13,1,9,158,spatial_sustained,0.8545,True
220,13,13,1,2,177,spatial_sustained,0.619,True
221,13,13,1,1,442,spatial_sustained,0.6604,False
222,13,13,1,1,444,spatial_sustained,0.8547,False
223,13,13,1,2,449,spatial_sustained,0.5837,True
224,13,13,1,9,566,spatial_sustained,0.841,True
225,13,13,1,1,754,spatial_sustained,0.6664,False
226,13,13,1,1,808,spatial_sustained,0.7619,False
227,13,13,1,1,855,spatial_sustained,0.5326,False
228,13,13,1,1,890,spatial_sustained,0.5167,False
229,13,13,1,1,915,spatial_sustained,0.9,False
230,13,13,1,4,988,spatial_sustained,0.5868,True
231,13,13,1,1,993,spatial_sustained,0.5733,False
232,14,14,1,3,53,spatial_sustained,0.6126,True
233,14,14,1,1,64,spatial_sustained,0.8,False
234,14,14,1,1,80,spatial_sustained,0.8,False
235,14,14,1,1,90,spatial_sustained,0.8888,False
236,14,14,1,9,158,spatial_sustained,0.8572,True
237,14,14,1,2,177,spatial_sustained,0.7112,True
238,14,14,1,1,444,spatial_sustained,0.9,False
239,14,14,1,9,566,spatial_sustained,0.8826,True
240,14,14,1,9,609,spatial_sustained,0.8798,True
241,14,14,1,1,754,spatial_sustained,0.7247,False
242,14,14,1,1,880,spatial_sustained,0.5054,False
243,15,15,1,1,1,spatial_sustained,0.537,False
244,15,15,1,1,20,spatial_sustained,0.5504,False
245,15,15,1,1,65,spatial_sustained,0.5662,False
246,15,15,1,1,81,spatial_sustained,0.6618,False
247,15,15,1,3,176,spatial_sustained,0.6443,True
248,15,15,1,1,225,spatial_sustained,0.8,False
249,15,15,1,1,255,spatial_sustained,0.5962,False
250,15,15,1,2,414,spatial_sustained,0.6912,True
251,15,15,1,1,444,spatial_sustained,0.9,False
252,15,15,1,2,511,spatial_sustained,0.7729,True
253,15,15,1,9,601,spatial_sustained,0.8326,True
254,15,15,1,9,609,spatial_sustained,0.9,True
255,15,15,1,1,860,spatial_sustained,0.6301,False
256,15,15,1,1,920,spatial_sustained,0.5137,False
257,15,15,1,1,925,spatial_sustained,0.6594,False
258,15,15,1,1,993,spatial_sustained,0.5626,False
259,15,15,1,1,1014,spatial_sustained,0.5043,False
260,15,15,1,1,1017,spatial_sustained,0.5263,False
261,16,16,1,1,80,spatial_sustained,0.8,False
262,16,16,1,1,96,spatial_sustained,0.6601,False
263,16,16,1,3,163,spatial_sustained,0.6667,True
264,16,16,1,1,155,spatial_sustained,0.5949,False
265,16,16,1,1,176,spatial_sustained,0.6394,False
266,16,16,1,1,382,spatial_sustained,0.9,False
267,16,16,1,1,444,spatial_sustained,0.9,False
268,16,16,1,2,497,spatial_sustained,0.5815,True
269,16,16,1,1,552,spatial_sustained,0.5333,False
270,16,16,1,9,601,spatial_sustained,0.8654,True
271,16,16,1,9,609,spatial_sustained,0.9,True
272,16,16,1,1,621,spatial_sustained,0.8347,False
273,16,16,1,3,625,spatial_sustained,0.5187,True
274,16,16,1,4,703,spatial_sustained,0.8016,True
275,16,16,1,1,765,spatial_sustained,0.8843,False
276,16,16,1,1,856,spatial_sustained,0.637,False
277,16,16,1,1,949,spatial_sustained,0.6776,False
278,17,17,1,1,8,spatial_sustained,0.5633,False
279,17,17,1,1,20,spatial_sustained,0.8,False
280,17,17,1,1,176,spatial_sustained,0.6558,False
281,17,17,1,1,319,spatial_sustained,0.5748,False
282,17,17,1,1,444,spatial_sustained,0.8984,False
283,17,17,1,1,462,spatial_sustained,0.5286,False
284,17,17,1,21,608,spatial_sustained,0.8726,True
285,17,17,1,9,601,spatial_sustained,0.8688,True
286,17,17,1,1,621,spatial_sustained,0.8795,False
287,17,17,1,4,703,spatial_sustained,0.816,True
288,17,17,1,1,765,spatial_sustained,0.9,False
289,17,17,1,1,1003,spatial_sustained,0.5884,False
290,18,18,1,1,15,spatial_sustained,0.6869,False
291,18,18,1,1,20,spatial_sustained,0.7059,False
292,18,18,1,1,134,spatial_sustained,0.5147,False
293,18,18,1,1,136,spatial_sustained,0.8,False
294,18,18,1,1,155,spatial_sustained,0.6334,False
295,18,18,1,3,194,spatial_sustained,0.8,True
296,18,18,1,1,444,spatial_sustained,0.8417,False
297,18,18,1,9,527,spatial_sustained,0.8192,True
298,18,18,1,21,608,spatial_sustained,0.8956,True
299,18,18,1,9,601,spatial_sustained,0.8742,True
300,18,18,1,1,621,spatial_sustained,0.8872,False
301,18,18,1,2,768,spatial_sustained,0.6599,True
302,18,18,1,1,995,spatial_sustained,0.5448,False
303,18,18,1,1,1008,spatial_sustained,0.5719,False
304,19,19,1,1,0,spatial_sustained,0.5871,False
305,19,19,1,1,23,spatial_sustained,0.6086,False
306,19,19,1,9,76,spatial_sustained,0.8433,True
307,19,19,1,2,123,spatial_sustained,0.6345,True
308,19,19,1,2,181,spatial_sustained,0.5504,True
309,19,19,1,1,161,spatial_sustained,0.5297,False
310,19,19,1,1,416,spatial_sustained,0.579,False
311,19,19,1,9,527,spatial_sustained,0.8571,True
312,19,19,1,18,609,spatial_sustained,0.895,True
313,19,19,1,10,683,spatial_sustained,0.8457,True
314,19,19,1,1,892,spatial_sustained,0.5392,False
315,19,19,1,2,901,spatial_sustained,0.587,True
316,19,19,1,1,958,spatial_sustained,0.634,False
317,19,19,1,1,1023,spatial_sustained,0.8,False
318,20,20,1,1,20,spatial_sustained,0.5271,False
319,20,20,1,9,76,spatial_sustained,0.8982,True
320,20,20,1,1,104,spatial_sustained,0.5624,False
321,20,20,1,9,150,spatial_sustained,0.8447,True
322,20,20,1,1,191,spatial_sustained,0.5357,False
323,20,20,1,1,211,spatial_sustained,0.8372,False
324,20,20,1,1,321,spatial_sustained,0.5011,False
325,20,20,1,1,416,spatial_sustained,0.7432,False
326,20,20,1,18,496,spatial_sustained,0.8285,True
327,20,20,1,18,609,spatial_sustained,0.8908,True
328,20,20,1,10,683,spatial_sustained,0.8832,True
329,20,20,1,1,898,spatial_sustained,0.5353,False
330,20,20,1,1,994,spatial_sustained,0.5337,False
331,20,20,1,2,1007,spatial_sustained,0.6595,True
332,20,20,1,1,1023,spatial_sustained,0.8,False
333,21,21,1,1,16,spatial_sustained,0.7468,False
334,21,21,1,9,76,spatial_sustained,0.9,True
335,21,21,1,1,79,spatial_sustained,0.5352,False
336,21,21,1,10,150,spatial_sustained,0.857,True
337,21,21,1,1,101,spatial_sustained,0.8,False
338,21,21,1,1,211,spatial_sustained,0.8736,False
339,21,21,1,1,286,spatial_sustained,0.5484,False
340,21,21,1,1,309,spatial_sustained,0.9,False
341,21,21,1,16,495,spatial_sustained,0.8695,True
342,21,21,1,18,609,spatial_sustained,0.8991,True
343,21,21,1,9,683,spatial_sustained,0.8819,True
344,21,21,1,1,735,spatial_sustained,0.5625,False
345,21,21,1,1,808,spatial_sustained,0.5686,False
346,21,21,1,2,897,spatial_sustained,0.6,True
347,21,21,1,1,904,spatial_sustained,0.8,False
348,21,21,1,9,939,spatial_sustained,0.8297,True
349,21,21,1,1,944,spatial_sustained,0.5254,False
350,22,22,1,1,0,spatial_sustained,0.8,False
351,22,22,1,1,24,spatial_sustained,0.5098,False
352,22,22,1,1,30,spatial_sustained,0.6234,False
353,22,22,1,9,150,spatial_sustained,0.8905,True
354,22,22,1,1,160,spatial_sustained,0.5166,False
355,22,22,1,1,211,spatial_sustained,0.8744,False
356,22,22,1,1,225,spatial_sustained,0.8,False
357,22,22,1,1,309,spatial_sustained,0.9,False
358,22,22,1,1,318,spatial_sustained,0.5118,False
359,22,22,1,8,394,spatial_sustained,0.851,True
360,22,22,1,1,383,spatial_sustained,0.5755,False
361,22,22,1,2,451,spatial_sustained,0.5709,True
362,22,22,1,16,495,spatial_sustained,0.8578,True
363,22,22,1,18,609,spatial_sustained,0.8936,True
364,22,22,1,9,683,spatial_sustained,0.8818,True
365,22,22,1,1,756,spatial_sustained,0.7135,False
366,22,22,1,9,939,spatial_sustained,0.8427,True
367,22,22,1,1,1000,spatial_sustained,0.7442,False
368,23,23,1,1,26,spatial_sustained,0.8,False
369,23,23,1,9,150,spatial_sustained,0.8933,True
370,23,23,1,1,161,spatial_sustained,0.8,False
371,23,23,1,1,211,spatial_sustained,0.8787,False
372,23,23,1,1,288,spatial_sustained,0.5779,False
373,23,23,1,1,309,spatial_sustained,0.9,False
374,23,23,1,1,352,spatial_sustained,0.8,False
375,23,23,1,8,394,spatial_sustained,0.8842,True
376,23,23,1,16,495,spatial_sustained,0.8448,True
377,23,23,1,18,609,spatial_sustained,0.8801,True
378,23,23,1,15,715,spatial_sustained,0.8687,True
379,23,23,1,1,735,spatial_sustained,0.8,False
380,23,23,1,1,895,spatial_sustained,0.8,False
381,23,23,1,8,940,spatial_sustained,0.8625,True
382,24,24,1,2,4,spatial_sustained,0.675,True
383,24,24,1,1,8,spatial_sustained,0.5625,False
384,24,24,1,1,13,spatial_sustained,0.5413,False
385,24,24,1,4,52,spatial_sustained,0.5955,True
386,24,24,1,13,117,spatial_sustained,0.5729,True
387,24,24,1,1,27,spatial_sustained,0.8,False
388,24,24,1,1,42,spatial_sustained,0.5156,False
389,24,24,1,2,98,spatial_sustained,0.548,True
390,24,24,1,2,69,spatial_sustained,0.5885,True
391,24,24,1,4,137,spatial_sustained,0.5397,True
392,24,24,1,1,166,spatial_sustained,0.6255,False
393,24,24,1,1,211,spatial_sustained,0.8837,False
394,24,24,1,1,232,spatial_sustained,0.5227,False
395,24,24,1,15,388,spatial_sustained,0.5617,True
396,24,24,1,1,309,spatial_sustained,0.666,False
397,24,24,1,9,393,spatial_sustained,0.6174,True
398,24,24,1,1,383,spatial_sustained,0.6685,False
399,24,24,1,13,462,spatial_sustained,0.82,True
400,24,24,1,21,609,spatial_sustained,0.6241,True
401,24,24,1,2,616,spatial_sustained,0.5203,True
402,24,24,1,19,715,spatial_sustained,0.814,True
403,24,24,1,1,638,spatial_sustained,0.5064,False
404,24,24,1,1,657,spatial_sustained,0.5137,False
405,24,24,1,1,666,spatial_sustained,0.5769,False
406,24,24,1,4,703,spatial_sustained,0.6378,True
407,24,24,1,10,796,spatial_sustained,0.8139,True
408,24,24,1,5,838,spatial_sustained,0.5622,True
409,24,24,1,1,843,spatial_sustained,0.8,False
410,24,24,1,1,882,spatial_sustained,0.5491,False
411,24,24,1,1,902,spatial_sustained,0.5078,False
412,24,24,1,8,970,spatial_sustained,0.6618,True
413,24,24,1,1,924,spatial_sustained,0.5826,False
414,24,24,1,1,936,spatial_sustained,0.5544,False
415,24,24,1,1,947,spatial_sustained,0.5074,False
416,24,24,1,3,983,spatial_sustained,0.5166,True
417,24,24,1,1,954,spatial_sustained,0.5669,False
418,24,24,1,1,959,spatial_sustained,0.6199,False
419,24,24,1,1,977,spatial_sustained,0.5069,False
420,25,25,1,1,117,spatial_sustained,0.5075,False
421,25,25,1,5,181,spatial_sustained,0.6082,True
422,25,25,1,1,211,spatial_sustained,0.8923,False
423,25,25,1,1,223,spatial_sustained,0.6183,False
424,25,25,1,8,394,spatial_sustained,0.6034,True
425,25,25,1,13,462,spatial_sustained,0.8261,True
426,25,25,1,1,410,spatial_sustained,0.8,False
427,25,25,1,9,683,spatial_sustained,0.8961,True
428,25,25,1,9,796,spatial_sustained,0.8974,True
429,25,25,1,1,864,spatial_sustained,0.8539,False
430,26,26,1,1,17,spatial_sustained,0.8,False
431,26,26,1,1,96,spatial_sustained,0.5641,False
432,26,26,1,7,151,spatial_sustained,0.7504,True
433,26,26,1,10,463,spatial_sustained,0.8912,True
434,26,26,1,3,562,spatial_sustained,0.543,True
435,26,26,1,1,608,spatial_sustained,0.5803,False
436,26,26,1,9,683,spatial_sustained,0.8999,True
437,26,26,1,10,797,spatial_sustained,0.8457,True
438,26,26,1,8,803,spatial_sustained,0.7897,True
439,26,26,1,2,897,spatial_sustained,0.6354,True
440,26,26,1,1,871,spatial_sustained,0.545,False
441,26,26,1,1,1001,spatial_sustained,0.8,False
442,27,27,1,5,68,spatial_sustained,0.597,True
443,27,27,1,1,24,spatial_sustained,0.6673,False
444,27,27,1,8,98,spatial_sustained,0.6731,True
445,27,27,1,2,111,spatial_sustained,0.6667,True
446,27,27,1,2,117,spatial_sustained,0.6866,True
447,27,27,1,5,181,spatial_sustained,0.7942,True
448,27,27,1,1,155,spatial_sustained,0.6894,False
449,27,27,1,1,166,spatial_sustained,0.7931,False
450,27,27,1,1,268,spatial_sustained,0.5273,False
451,27,27,1,1,332,spatial_sustained,0.7364,False
452,27,27,1,2,416,spatial_sustained,0.6656,True
453,27,27,1,13,464,spatial_sustained,0.8294,True
454,27,27,1,1,410,spatial_sustained,0.5217,False
455,27,27,1,1,444,spatial_sustained,0.6198,False
456,27,27,1,1,608,spatial_sustained,0.6349,False
457,27,27,1,9,802,spatial_sustained,0.7341,True
458,27,27,1,9,796,spatial_sustained,0.8126,True
459,27,27,1,1,799,spatial_sustained,0.5481,False
460,27,27,1,1,838,spatial_sustained,0.5273,False
461,27,27,1,1,843,spatial_sustained,0.852,False
462,27,27,1,1,894,spatial_sustained,0.5929,False
463,27,27,1,1,995,spatial_sustained,0.5868,False
464,27,27,1,1,1011,spatial_sustained,0.8531,False
465,28,28,1,1,26,spatial_sustained,0.613,False
466,28,28,1,1,100,spatial_sustained,0.7352,False
467,28,28,1,1,128,spatial_sustained,0.5493,False
468,28,28,1,1,144,spatial_sustained,0.657,False
469,28,28,1,1,195,spatial_sustained,0.5807,False
470,28,28,1,3,231,spatial_sustained,0.6404,True
471,28,28,1,1,416,spatial_sustained,0.6561,False
472,28,28,1,2,426,spatial_sustained,0.6332,True
473,28,28,1,1,442,spatial_sustained,0.8,False
474,28,28,1,1,496,spatial_sustained,0.5748,False
475,28,28,1,2,574,spatial_sustained,0.5301,True
476,28,28,1,8,610,spatial_sustained,0.7977,True
477,28,28,1,1,754,spatial_sustained,0.5023,False
478,28,28,1,9,803,spatial_sustained,0.7587,True
479,28,28,1,1,843,spatial_sustained,0.9,False
480,28,28,1,1,897,spatial_sustained,0.5012,False
481,28,28,1,1,916,spatial_sustained,0.5246,False
482,28,28,1,1,934,spatial_sustained,0.5088,False
483,28,28,1,2,989,spatial_sustained,0.5484,True
484,28,28,1,1,999,spatial_sustained,0.6677,False
485,28,28,1,1,1011,spatial_sustained,0.9,False
486,28,28,1,1,1016,spatial_sustained,0.7924,False
487,28,28,1,1,1019,spatial_sustained,0.5267,False
488,29,29,1,1,72,spatial_sustained,0.5461,False
489,29,29,1,1,225,spatial_sustained,0.8,False
490,29,29,1,1,231,spatial_sustained,0.5081,False
491,29,29,1,1,430,spatial_sustained,0.6591,False
492,29,29,1,10,609,spatial_sustained,0.7733,True
493,29,29,1,3,561,spatial_sustained,0.7212,True
494,29,29,1,2,656,spatial_sustained,0.7595,True
495,29,29,1,1,670,spatial_sustained,0.5953,False
496,29,29,1,1,767,spatial_sustained,0.8,False
497,29,29,1,8,803,spatial_sustained,0.8231,True
498,29,29,1,9,825,spatial_sustained,0.7783,True
499,29,29,1,1,809,spatial_sustained,0.5074,False
500,29,29,1,1,843,spatial_sustained,0.9,False
501,29,29,1,6,918,spatial_sustained,0.6163,True
502,29,29,1,1,989,spatial_sustained,0.6574,False
503,29,29,1,1,997,spatial_sustained,0.8563,False
504,29,29,1,1,1011,spatial_sustained,0.9,False
505,29,29,1,1,1015,spatial_sustained,0.5256,False
506,30,30,1,1,15,spatial_sustained,0.8,False
507,30,30,1,1,30,spatial_sustained,0.5919,False
508,30,30,1,2,106,spatial_sustained,0.5401,True
509,30,30,1,1,108,spatial_sustained,0.5016,False
510,30,30,1,1,112,spatial_sustained,0.5333,False
511,30,30,1,1,240,spatial_sustained,0.56,False
512,30,30,1,1,353,spatial_sustained,0.6371,False
513,30,30,1,1,371,spatial_sustained,0.5827,False
514,30,30,1,1,382,spatial_sustained,0.6186,False
515,30,30,1,2,449,spatial_sustained,0.6432,True
516,30,30,1,1,433,spatial_sustained,0.5106,False
517,30,30,1,1,444,spatial_sustained,0.5326,False
518,30,30,1,1,495,spatial_sustained,0.5616,False
519,30,30,1,1,529,spatial_sustained,0.5019,False
520,30,30,1,2,543,spatial_sustained,0.5488,True
521,30,30,1,1,552,spatial_sustained,0.8,False
522,30,30,1,9,609,spatial_sustained,0.8402,True
523,30,30,1,1,618,spatial_sustained,0.8501,False
524,30,30,1,1,767,spatial_sustained,0.7896,False
525,30,30,1,8,803,spatial_sustained,0.8416,True
526,30,30,1,10,826,spatial_sustained,0.8154,True
527,30,30,1,1,813,spatial_sustained,0.5479,False
528,30,30,1,1,843,spatial_sustained,0.7352,False
529,30,30,1,1,895,spatial_sustained,0.5835,False
530,30,30,1,1,903,spatial_sustained,0.7261,False
531,30,30,1,1,907,spatial_sustained,0.5635,False
532,30,30,1,2,944,spatial_sustained,0.6816,True
533,30,30,1,1,917,spatial_sustained,0.7496,False
534,30,30,1,3,930,spatial_sustained,0.5511,True
535,30,30,1,1,932,spatial_sustained,0.77,False
536,30,30,1,1,937,spatial_sustained,0.6549,False
537,30,30,1,1,946,spatial_sustained,0.633,False
538,30,30,1,1,958,spatial_sustained,0.5753,False
539,30,30,1,1,997,spatial_sustained,0.9,False
540,30,30,1,1,1011,spatial_sustained,0.9,False
541,31,31,1,1,17,spatial_sustained,0.8,False
542,31,31,1,2,97,spatial_sustained,0.6613,True
543,31,31,1,3,144,spatial_sustained,0.6009,True
544,31,31,1,1,165,spatial_sustained,0.534,False
545,31,31,1,4,349,spatial_sustained,0.5877,True
546,31,31,1,1,352,spatial_sustained,0.509,False
547,31,31,1,2,445,spatial_sustained,0.6237,True
548,31,31,1,1,512,spatial_sustained,0.8309,False
549,31,31,1,11,610,spatial_sustained,0.8332,True
550,31,31,1,1,618,spatial_sustained,0.8985,False
551,31,31,1,2,765,spatial_sustained,0.5611,True
552,31,31,1,8,803,spatial_sustained,0.8974,True
553,31,31,1,9,825,spatial_sustained,0.8798,True
554,31,31,1,1,841,spatial_sustained,0.5704,False
555,31,31,1,1,843,spatial_sustained,0.7131,False
556,31,31,1,1,894,spatial_sustained,0.5956,False
557,31,31,1,4,943,spatial_sustained,0.588,True
558,31,31,1,1,933,spatial_sustained,0.5432,False
559,31,31,1,1,990,spatial_sustained,0.8,False
560,31,31,1,1,997,spatial_sustained,0.8908,False
561,31,31,1,1,1000,spatial_sustained,0.673,False
562,31,31,1,1,1003,spatial_sustained,0.5075,False
563,31,31,1,1,1011,spatial_sustained,0.8969,False
564,31,31,1,1,1016,spatial_sustained,0.6046,False
565,32,32,1,1,4,spatial_sustained,0.84,False
566,32,32,1,1,13,spatial_sustained,0.5007,False
567,32,32,1,1,16,spatial_sustained,0.5667,False
568,32,32,1,1,65,spatial_sustained,0.5114,False
569,32,32,1,1,84,spatial_sustained,0.5765,False
570,32,32,1,1,86,spatial_sustained,0.7283,False
571,32,32,1,1,176,spatial_sustained,0.5981,False
572,32,32,1,1,512,spatial_sustained,0.8822,False
573,32,32,1,1,552,spatial_sustained,0.5119,False
574,32,32,1,10,610,spatial_sustained,0.8755,True
575,32,32,1,1,618,spatial_sustained,0.8941,False
576,32,32,1,9,825,spatial_sustained,0.8928,True
577,32,32,1,1,843,spatial_sustained,0.6087,False
578,32,32,1,1,944,spatial_sustained,0.5555,False
579,32,32,1,1,960,spatial_sustained,0.6766,False
580,32,32,1,1,985,spatial_sustained,0.5129,False
581,32,32,1,1,997,spatial_sustained,0.8663,False
582,32,32,1,2,1003,spatial_sustained,0.6394,True
583,32,32,1,1,1010,spatial_sustained,0.5248,False
584,33,33,1,2,37,spatial_sustained,0.777,True
585,33,33,1,1,79,spatial_sustained,0.5025,False
586,33,33,1,1,86,spatial_sustained,0.6286,False
587,33,33,1,2,136,spatial_sustained,0.6268,True
588,33,33,1,1,134,spatial_sustained,0.5837,False
589,33,33,1,1,160,spatial_sustained,0.519,False
590,33,33,1,2,177,spatial_sustained,0.6381,True
591,33,33,1,1,196,spatial_sustained,0.6672,False
592,33,33,1,1,288,spatial_sustained,0.5674,False
593,33,33,1,1,512,spatial_sustained,0.8927,False
594,33,33,1,9,609,spatial_sustained,0.9,True
595,33,33,1,1,618,spatial_sustained,0.8874,False
596,33,33,1,9,825,spatial_sustained,0.9,True
597,33,33,1,1,816,spatial_sustained,0.5152,False
598,33,33,1,1,828,spatial_sustained,0.6255,False
599,33,33,1,1,843,spatial_sustained,0.6276,False
600,33,33,1,1,873,spatial_sustained,0.8867,False
601,33,33,1,1,959,spatial_sustained,0.6847,False
602,33,33,1,1,989,spatial_sustained,0.8403,False
603,33,33,1,1,997,spatial_sustained,0.8552,False
604,33,33,1,1,1014,spatial_sustained,0.6956,False
605,33,33,1,1,1017,spatial_sustained,0.627,False
606,34,34,1,1,12,spatial_sustained,0.5452,False
607,34,34,1,1,17,spatial_sustained,0.8,False
608,34,34,1,8,163,spatial_sustained,0.6514,True
609,34,34,1,1,112,spatial_sustained,0.5259,False
610,34,34,1,2,177,spatial_sustained,0.6782,True
611,34,34,1,3,320,spatial_sustained,0.6242,True
612,34,34,1,1,318,spatial_sustained,0.6925,False
613,34,34,1,1,512,spatial_sustained,0.8918,False
614,34,34,1,1,618,spatial_sustained,0.8829,False
615,34,34,1,11,826,spatial_sustained,0.8452,True
616,34,34,1,1,862,spatial_sustained,0.5808,False
617,34,34,1,2,904,spatial_sustained,0.85,True
618,34,34,1,1,907,spatial_sustained,0.5155,False
619,34,34,1,1,989,spatial_sustained,0.8864,False
620,34,34,1,1,997,spatial_sustained,0.8581,False
621,34,34,1,1,999,spatial_sustained,0.5629,False
622,34,34,1,1,1008,spatial_sustained,0.5375,False
623,35,35,1,2,112,spatial_sustained,0.6592,True
624,35,35,1,3,133,spatial_sustained,0.637,True
625,35,35,1,1,176,spatial_sustained,0.6289,False
626,35,35,1,4,226,spatial_sustained,0.7235,True
627,35,35,1,1,312,spatial_sustained,0.5871,False
628,35,35,1,1,486,spatial_sustained,0.8904,False
629,35,35,1,1,512,spatial_sustained,0.9,False
630,35,35,1,9,621,spatial_sustained,0.8408,True
631,35,35,1,1,642,spatial_sustained,0.8828,False
632,35,35,1,1,670,spatial_sustained,0.5418,False
633,35,35,1,9,825,spatial_sustained,0.9,True
634,35,35,1,1,807,spatial_sustained,0.5237,False
635,35,35,1,2,864,spatial_sustained,0.632,True
636,35,35,1,1,871,spatial_sustained,0.5002,False
637,35,35,1,2,905,spatial_sustained,0.7633,True
638,35,35,1,1,880,spatial_sustained,0.5045,False
639,35,35,1,1,892,spatial_sustained,0.6672,False
640,35,35,1,1,955,spatial_sustained,0.6426,False
641,35,35,1,1,989,spatial_sustained,0.8927,False
642,35,35,1,2,1023,spatial_sustained,0.67,True
643,35,35,1,1,997,spatial_sustained,0.8637,False
644,35,35,1,1,1000,spatial_sustained,0.8,False
645,35,35,1,1,1010,spatial_sustained,0.5392,False
646,36,36,1,1,68,spatial_sustained,0.5031,False
647,36,36,1,9,201,spatial_sustained,0.8387,True
648,36,36,1,1,486,spatial_sustained,0.9,False
649,36,36,1,9,621,spatial_sustained,0.8811,True
650,36,36,1,1,642,spatial_sustained,0.9,False
651,36,36,1,9,784,spatial_sustained,0.8843,True
652,36,36,1,1,837,spatial_sustained,0.5143,False
653,36,36,1,1,858,spatial_sustained,0.7341,False
654,36,36,1,1,873,spatial_sustained,0.9,False
655,36,36,1,1,895,spatial_sustained,0.8,False
656,36,36,1,1,936,spatial_sustained,0.6008,False
657,36,36,1,1,955,spatial_sustained,0.6742,False
658,36,36,1,1,989,spatial_sustained,0.8924,False
659,36,36,1,1,997,spatial_sustained,0.8681,False
660,37,37,1,1,24,spatial_sustained,0.6195,False
661,37,37,1,1,32,spatial_sustained,0.5227,False
662,37,37,1,1,119,spatial_sustained,0.5215,False
663,37,37,1,1,161,spatial_sustained,0.648,False
664,37,37,1,2,166,spatial_sustained,0.5552,True
665,37,37,1,9,201,spatial_sustained,0.8777,True
666,37,37,1,1,227,spatial_sustained,0.5486,False
667,37,37,1,1,246,spatial_sustained,0.5095,False
668,37,37,1,1,312,spatial_sustained,0.5814,False
669,37,37,1,1,335,spatial_sustained,0.8535,False
670,37,37,1,1,425,spatial_sustained,0.5123,False
671,37,37,1,1,486,spatial_sustained,0.9,False
672,37,37,1,1,606,spatial_sustained,0.5161,False
673,37,37,1,1,642,spatial_sustained,0.9,False
674,37,37,1,9,784,spatial_sustained,0.9,True
675,37,37,1,1,873,spatial_sustained,0.9,False
676,37,37,1,9,912,spatial_sustained,0.8389,True
677,37,37,1,1,989,spatial_sustained,0.894,False
678,38,38,1,2,81,spatial_sustained,0.5321,True
679,38,38,1,1,85,spatial_sustained,0.5034,False
680,38,38,1,1,163,spatial_sustained,0.5738,False
681,38,38,1,9,201,spatial_sustained,0.8776,True
682,38,38,1,1,176,spatial_sustained,0.5309,False
683,38,38,1,1,225,spatial_sustained,0.5113,False
684,38,38,1,1,312,spatial_sustained,0.5384,False
685,38,38,1,1,335,spatial_sustained,0.9,False
686,38,38,1,1,486,spatial_sustained,0.9,False
687,38,38,1,1,511,spatial_sustained,0.5746,False
688,38,38,1,9,606,spatial_sustained,0.8374,True
689,38,38,1,9,647,spatial_sustained,0.8418,True
690,38,38,1,1,642,spatial_sustained,0.9,False
691,38,38,1,12,784,spatial_sustained,0.8987,True
692,38,38,1,1,767,spatial_sustained,0.6121,False
693,38,38,1,1,807,spatial_sustained,0.5156,False
694,38,38,1,2,901,spatial_sustained,0.6273,True
695,38,38,1,1,873,spatial_sustained,0.9,False
696,38,38,1,9,912,spatial_sustained,0.8761,True
697,38,38,1,1,925,spatial_sustained,0.7,False
698,38,38,1,1,959,spatial_sustained,0.6394,False
699,38,38,1,3,988,spatial_sustained,0.6678,True
700,38,38,1,1,1023,spatial_sustained,0.5893,False
701,39,39,1,1,79,spatial_sustained,0.7362,False
702,39,39,1,10,175,spatial_sustained,0.8109,True
703,39,39,1,1,201,spatial_sustained,0.8746,False
704,39,39,1,9,347,spatial_sustained,0.8424,True
705,39,39,1,1,321,spatial_sustained,0.8,False
706,39,39,1,1,335,spatial_sustained,0.9,False
707,39,39,1,9,597,spatial_sustained,0.8381,True
708,39,39,1,9,606,spatial_sustained,0.8737,True
709,39,39,1,9,647,spatial_sustained,0.8843,True
710,39,39,1,1,642,spatial_sustained,0.9,False
711,39,39,1,8,777,spatial_sustained,0.8086,True
712,39,39,1,12,784,spatial_sustained,0.9,True
713,39,39,1,1,765,spatial_sustained,0.6108,False
714,39,39,1,1,873,spatial_sustained,0.9,False
715,39,39,1,9,912,spatial_sustained,0.8752,True
716,39,39,1,2,921,spatial_sustained,0.5328,True
717,39,39,1,1,989,spatial_sustained,0.8927,False
718,39,39,1,1,999,spatial_sustained,0.5018,False
719,40,40,1,3,17,spatial_sustained,0.6659,True
720,40,40,1,1,24,spatial_sustained,0.549,False
721,40,40,1,11,173,spatial_sustained,0.8357,True
722,40,40,1,1,86,spatial_sustained,0.6299,False
723,40,40,1,6,131,spatial_sustained,0.7394,True
724,40,40,1,3,133,spatial_sustained,0.6692,True
725,40,40,1,1,227,spatial_sustained,0.5924,False
726,40,40,1,1,288,spatial_sustained,0.7577,False
727,40,40,1,9,347,spatial_sustained,0.8846,True
728,40,40,1,1,335,spatial_sustained,0.9,False
729,40,40,1,1,352,spatial_sustained,0.609,False
730,40,40,1,1,497,spatial_sustained,0.627,False
731,40,40,1,9,597,spatial_sustained,0.8796,True
732,40,40,1,9,606,spatial_sustained,0.8729,True
733,40,40,1,9,647,spatial_sustained,0.8858,True
734,40,40,1,9,777,spatial_sustained,0.8746,True
735,40,40,1,12,784,spatial_sustained,0.9,True
736,40,40,1,9,912,spatial_sustained,0.8767,True
737,40,40,1,2,991,spatial_sustained,0.6113,True
738,40,40,1,1,992,spatial_sustained,0.7264,False
739,41,41,1,1,0,spatial_sustained,0.6165,False
740,41,41,1,1,20,spatial_sustained,0.747,False
741,41,41,1,2,56,spatial_sustained,0.596,True
742,41,41,1,2,86,spatial_sustained,0.6663,True
743,41,41,1,9,174,spatial_sustained,0.9,True
744,41,41,1,1,258,spatial_sustained,0.8,False
745,41,41,1,9,347,spatial_sustained,0.8866,True
746,41,41,1,1,335,spatial_sustained,0.8949,False
747,41,41,1,1,352,spatial_sustained,0.5342,False
748,41,41,1,9,597,spatial_sustained,0.8844,True
749,41,41,1,9,606,spatial_sustained,0.8761,True
750,41,41,1,9,645,spatial_sustained,0.8729,True
751,41,41,1,9,777,spatial_sustained,0.878,True
752,41,41,1,1,748,spatial_sustained,0.8462,False
753,41,41,1,12,784,spatial_sustained,0.9,True
754,41,41,1,9,860,spatial_sustained,0.8386,True
755,41,41,1,2,901,spatial_sustained,0.5264,True
756,41,41,1,9,912,spatial_sustained,0.879,True
757,41,41,1,1,959,spatial_sustained,0.5994,False
758,41,41,1,1,1000,spatial_sustained,0.5099,False
759,42,42,1,1,26,spatial_sustained,0.7226,False
760,42,42,1,2,69,spatial_sustained,0.5802,True
761,42,42,1,1,55,spatial_sustained,0.6093,False
762,42,42,1,2,161,spatial_sustained,0.6827,True
763,42,42,1,1,258,spatial_sustained,0.6898,False
764,42,42,1,1,260,spatial_sustained,0.5193,False
765,42,42,1,1,335,spatial_sustained,0.8943,False
766,42,42,1,9,597,spatial_sustained,0.8885,True
767,42,42,1,9,606,spatial_sustained,0.8813,True
768,42,42,1,9,645,spatial_sustained,0.8936,True
769,42,42,1,1,657,spatial_sustained,0.5268,False
770,42,42,1,1,701,spatial_sustained,0.597,False
771,42,42,1,1,748,spatial_sustained,0.8939,False
772,42,42,1,26,849,spatial_sustained,0.8861,True
773,42,42,1,9,860,spatial_sustained,0.7861,True
774,42,42,1,1,959,spatial_sustained,0.6293,False
775,42,42,1,1,999,spatial_sustained,0.8,False
776,42,42,1,1,1023,spatial_sustained,0.5222,False
777,43,43,1,4,48,spatial_sustained,0.6574,True
778,43,43,1,2,52,spatial_sustained,0.6332,True
779,43,43,1,1,45,spatial_sustained,0.539,False
780,43,43,1,1,55,spatial_sustained,0.5788,False
781,43,43,1,1,64,spatial_sustained,0.5398,False
782,43,43,1,1,66,spatial_sustained,0.5671,False
783,43,43,1,2,70,spatial_sustained,0.6405,True
784,43,43,1,3,129,spatial_sustained,0.7145,True
785,43,43,1,1,260,spatial_sustained,0.5272,False
786,43,43,1,1,288,spatial_sustained,0.8,False
787,43,43,1,1,335,spatial_sustained,0.9,False
788,43,43,1,1,448,spatial_sustained,0.7943,False
789,43,43,1,1,560,spatial_sustained,0.641,False
790,43,43,1,9,597,spatial_sustained,0.8874,True
791,43,43,1,9,606,spatial_sustained,0.8822,True
792,43,43,1,9,645,spatial_sustained,0.8934,True
793,43,43,1,1,748,spatial_sustained,0.8957,False
794,43,43,1,26,849,spatial_sustained,0.8908,True
795,43,43,1,1,768,spatial_sustained,0.5932,False
796,43,43,1,9,860,spatial_sustained,0.7985,True
797,43,43,1,1,959,spatial_sustained,0.6402,False
798,43,43,1,1,988,spatial_sustained,0.5156,False
799,43,43,1,1,999,spatial_sustained,0.7404,False
800,43,43,1,1,1004,spatial_sustained,0.7672,False
801,44,44,1,1,0,spatial_sustained,0.7575,False
802,44,44,1,1,16,spatial_sustained,0.8,False
803,44,44,1,1,24,spatial_sustained,0.6232,False
804,44,44,1,1,27,spatial_sustained,0.8,False
805,44,44,1,4,118,spatial_sustained,0.6593,True
806,44,44,1,1,160,spatial_sustained,0.5716,False
807,44,44,1,1,211,spatial_sustained,0.8825,False
808,44,44,1,1,246,spatial_sustained,0.8,False
809,44,44,1,1,335,spatial_sustained,0.9,False
810,44,44,1,2,417,spatial_sustained,0.5508,True
811,44,44,1,10,536,spatial_sustained,0.8552,True
812,44,44,1,1,748,spatial_sustained,0.8977,False
813,44,44,1,23,850,spatial_sustained,0.8899,True
814,44,44,1,1,825,spatial_sustained,0.607,False
815,44,44,1,1,927,spatial_sustained,0.8,False
816,44,44,1,1,933,spatial_sustained,0.5311,False
817,44,44,1,2,1012,spatial_sustained,0.5788,True
818,45,45,1,2,32,spatial_sustained,0.6941,True
819,45,45,1,7,117,spatial_sustained,0.6284,True
820,45,45,1,2,124,spatial_sustained,0.6676,True
821,45,45,1,2,102,spatial_sustained,0.8,True
822,45,45,1,1,211,spatial_sustained,0.9,False
823,45,45,1,1,246,spatial_sustained,0.8,False
824,45,45,1,1,312,spatial_sustained,0.6013,False
825,45,45,1,9,348,spatial_sustained,0.8543,True
826,45,45,1,1,321,spatial_sustained,0.8,False
827,45,45,1,9,484,spatial_sustained,0.8706,True
828,45,45,1,10,536,spatial_sustained,0.8935,True
829,45,45,1,1,734,spatial_sustained,0.6398,False
830,45,45,1,1,748,spatial_sustained,0.898,False
831,45,45,1,9,783,spatial_sustained,0.8879,True
832,45,45,1,2,935,spatial_sustained,0.6445,True
833,45,45,1,2,962,spatial_sustained,0.5714,True
834,45,45,1,1,1007,spatial_sustained,0.7574,False
835,46,46,1,6,126,spatial_sustained,0.6022,True
836,46,46,1,1,211,spatial_sustained,0.9,False
837,46,46,1,3,222,spatial_sustained,0.7073,True
838,46,46,1,1,226,spatial_sustained,0.8,False
839,46,46,1,2,278,spatial_sustained,0.8152,True
840,46,46,1,15,349,spatial_sustained,0.8067,True
841,46,46,1,1,291,spatial_sustained,0.5873,False
842,46,46,1,2,415,spatial_sustained,0.7253,True
843,46,46,1,10,484,spatial_sustained,0.8652,True
844,46,46,1,10,536,spatial_sustained,0.8951,True
845,46,46,1,1,735,spatial_sustained,0.8,False
846,46,46,1,1,824,spatial_sustained,0.5057,False
847,46,46,1,1,1000,spatial_sustained,0.8,False
848,46,46,1,1,1008,spatial_sustained,0.5048,False
849,47,47,1,1,15,spatial_sustained,0.8,False
850,47,47,1,6,69,spatial_sustained,0.8327,True
851,47,47,1,4,54,spatial_sustained,0.5867,True
852,47,47,1,2,111,spatial_sustained,0.7117,True
853,47,47,1,1,108,spatial_sustained,0.5108,False
854,47,47,1,1,129,spatial_sustained,0.6408,False
855,47,47,1,9,184,spatial_sustained,0.8447,True
856,47,47,1,1,211,spatial_sustained,0.9,False
857,47,47,1,1,278,spatial_sustained,0.8932,False
858,47,47,1,11,349,spatial_sustained,0.8754,True
859,47,47,1,1,331,spatial_sustained,0.5095,False
860,47,47,1,1,352,spatial_sustained,0.8,False
861,47,47,1,9,484,spatial_sustained,0.8754,True
862,47,47,1,9,535,spatial_sustained,0.895,True
863,47,47,1,1,551,spatial_sustained,0.5915,False
864,47,47,1,1,752,spatial_sustained,0.6201,False
865,47,47,1,1,773,spatial_sustained,0.6545,False
866,47,47,1,1,802,spatial_sustained,0.509,False
867,47,47,1,1,831,spatial_sustained,0.5548,False
868,47,47,1,9,885,spatial_sustained,0.8854,True
869,47,47,1,2,901,spatial_sustained,0.5556,True
870,47,47,1,1,872,spatial_sustained,0.5266,False
871,47,47,1,1,881,spatial_sustained,0.5013,False
872,47,47,1,1,955,spatial_sustained,0.5886,False
873,47,47,1,2,958,spatial_sustained,0.5868,True
874,47,47,1,1,999,spatial_sustained,0.5411,False
875,47,47,1,1,1002,spatial_sustained,0.6118,False
876,47,47,1,2,1009,spatial_sustained,0.6217,True
877,47,47,1,1,1013,spatial_sustained,0.8302,False
878,47,47,1,1,1020,spatial_sustained,0.6082,False
879,48,48,1,4,53,spatial_sustained,0.7648,True
880,48,48,1,1,30,spatial_sustained,0.5235,False
881,48,48,1,6,69,spatial_sustained,0.617,True
882,48,48,1,3,144,spatial_sustained,0.5689,True
883,48,48,1,1,149,spatial_sustained,0.534,False
884,48,48,1,9,184,spatial_sustained,0.6504,True
885,48,48,1,8,258,spatial_sustained,0.6912,True
886,48,48,1,1,171,spatial_sustained,0.5102,False
887,48,48,1,4,232,spatial_sustained,0.5734,True
888,48,48,1,1,205,spatial_sustained,0.5098,False
889,48,48,1,1,211,spatial_sustained,0.5053,False
890,48,48,1,1,223,spatial_sustained,0.5846,False
891,48,48,1,1,278,spatial_sustained,0.9783,False
892,48,48,1,12,379,spatial_sustained,0.6492,True
893,48,48,1,2,352,spatial_sustained,0.7252,True
894,48,48,1,1,383,spatial_sustained,0.7141,False
895,48,48,1,2,426,spatial_sustained,0.5716,True
896,48,48,1,1,449,spatial_sustained,0.5305,False
897,48,48,1,14,496,spatial_sustained,0.5899,True
898,48,48,1,9,535,spatial_sustained,0.996,True
899,48,48,1,1,519,spatial_sustained,0.5907,False
900,48,48,1,7,555,spatial_sustained,0.555,True
901,48,48,1,1,613,spatial_sustained,0.7121,False
902,48,48,1,1,653,spatial_sustained,0.6436,False
903,48,48,1,2,656,spatial_sustained,0.5767,True
904,48,48,1,3,840,spatial_sustained,0.8191,True
905,48,48,1,14,887,spatial_sustained,0.6816,True
906,48,48,1,1,825,spatial_sustained,0.524,False
907,48,48,1,2,859,spatial_sustained,0.5179,True
908,48,48,1,1,834,spatial_sustained,0.553,False
909,48,48,1,1,843,spatial_sustained,0.68,False
910,48,48,1,1,880,spatial_sustained,0.5409,False
911,48,48,1,3,935,spatial_sustained,0.6963,True
912,48,48,1,1,910,spatial_sustained,0.5149,False
913,48,48,1,2,958,spatial_sustained,0.5924,True
914,48,48,1,3,1016,spatial_sustained,0.627,True
915,48,48,1,1,992,spatial_sustained,0.605,False
916,48,48,1,1,1005,spatial_sustained,0.6282,False
917,48,48,1,1,1013,spatial_sustained,0.8983,False
918,49,49,1,3,53,spatial_sustained,0.8112,True
919,49,49,1,6,69,spatial_sustained,0.5834,True
920,49,49,1,1,79,spatial_sustained,0.5415,False
921,49,49,1,1,81,spatial_sustained,0.561,False
922,49,49,1,9,184,spatial_sustained,0.6305,True
923,49,49,1,1,155,spatial_sustained,0.5097,False
924,49,49,1,1,166,spatial_sustained,0.5563,False
925,49,49,1,1,168,spatial_sustained,0.5076,False
926,49,49,1,9,305,spatial_sustained,0.8959,True
927,49,49,1,1,278,spatial_sustained,0.6753,False
928,49,49,1,12,379,spatial_sustained,0.6398,True
929,49,49,1,1,426,spatial_sustained,0.5508,False
930,49,49,1,7,496,spatial_sustained,0.6737,True
931,49,49,1,1,451,spatial_sustained,0.6327,False
932,49,49,1,9,535,spatial_sustained,0.9964,True
933,49,49,1,1,551,spatial_sustained,0.8123,False
934,49,49,1,9,885,spatial_sustained,0.6761,True
935,49,49,1,2,892,spatial_sustained,0.6555,True
936,49,49,1,2,946,spatial_sustained,0.5405,True
937,49,49,1,1,920,spatial_sustained,0.5015,False
938,49,49,1,1,944,spatial_sustained,0.5469,False
939,49,49,1,1,994,spatial_sustained,0.8237,False
940,49,49,1,1,1013,spatial_sustained,0.9152,False
941,49,49,1,1,1019,spatial_sustained,0.715,False
942,50,50,1,1,13,spatial_sustained,0.6224,False
943,50,50,1,2,53,spatial_sustained,0.8584,True
944,50,50,1,1,116,spatial_sustained,0.6765,False
945,50,50,1,1,118,spatial_sustained,0.9,False
946,50,50,1,2,168,spatial_sustained,0.6102,True
947,50,50,1,1,170,spatial_sustained,0.5159,False
948,50,50,1,1,187,spatial_sustained,0.6459,False
949,50,50,1,1,189,spatial_sustained,0.6174,False
950,50,50,1,3,223,spatial_sustained,0.7289,True
951,50,50,1,2,292,spatial_sustained,0.6308,True
952,50,50,1,9,305,spatial_sustained,0.9951,True
953,50,50,1,1,278,spatial_sustained,0.6728,False
954,50,50,1,14,380,spatial_sustained,0.7046,True
955,50,50,1,1,319,spatial_sustained,0.5763,False
956,50,50,1,1,362,spatial_sustained,0.5011,False
957,50,50,1,1,364,spatial_sustained,0.5139,False
958,50,50,1,1,392,spatial_sustained,0.506,False
959,50,50,1,1,451,spatial_sustained,0.8485,False
960,50,50,1,1,479,spatial_sustained,0.6197,False
961,50,50,1,1,496,spatial_sustained,0.5378,False
962,50,50,1,9,535,spatial_sustained,0.9967,True
963,50,50,1,3,544,spatial_sustained,0.6379,True
964,50,50,1,3,520,spatial_sustained,0.6924,True
965,50,50,1,2,549,spatial_sustained,0.6095,True
966,50,50,1,1,557,spatial_sustained,0.531,False
967,50,50,1,2,641,spatial_sustained,0.5261,True
968,50,50,1,1,613,spatial_sustained,0.6047,False
969,50,50,1,1,677,spatial_sustained,0.72,False
970,50,50,1,2,757,spatial_sustained,0.5287,True
971,50,50,1,1,743,spatial_sustained,0.523,False
972,50,50,1,1,752,spatial_sustained,0.5664,False
973,50,50,1,12,916,spatial_sustained,0.7744,True
974,50,50,1,1,888,spatial_sustained,0.6383,False
975,50,50,1,1,898,spatial_sustained,0.5361,False
976,50,50,1,1,907,spatial_sustained,0.6204,False
977,50,50,1,2,933,spatial_sustained,0.6256,True
978,50,50,1,1,946,spatial_sustained,0.5218,False
979,50,50,1,1,954,spatial_sustained,0.5616,False
980,50,50,1,2,1023,spatial_sustained,0.7702,True
981,50,50,1,2,1014,spatial_sustained,0.8415,True
982,51,51,1,7,71,spatial_sustained,0.6019,True
983,51,51,1,1,17,spatial_sustained,0.8156,False
984,51,51,1,1,53,spatial_sustained,1.0,False
985,51,51,1,1,135,spatial_sustained,0.5498,False
986,51,51,1,1,176,spatial_sustained,0.5843,False
987,51,51,1,3,233,spatial_sustained,0.6953,True
988,51,51,1,1,258,spatial_sustained,0.8286,False
989,51,51,1,1,278,spatial_sustained,0.6509,False
990,51,51,1,10,380,spatial_sustained,0.7732,True
991,51,51,1,5,392,spatial_sustained,0.5606,True
992,51,51,1,1,408,spatial_sustained,0.5444,False
993,51,51,1,1,416,spatial_sustained,0.5591,False
994,51,51,1,7,462,spatial_sustained,0.6506,True
995,51,51,1,2,534,spatial_sustained,0.528,True
996,51,51,1,2,506,spatial_sustained,0.6169,True
997,51,51,1,1,544,spatial_sustained,0.8441,False
998,51,51,1,2,639,spatial_sustained,0.6234,True
999,51,51,1,1,654,spatial_sustained,0.5066,False
1000,51,51,1,2,718,spatial_sustained,0.6444,True
1001,51,51,1,1,744,spatial_sustained,0.5844,False
1002,51,51,1,1,746,spatial_sustained,0.5834,False
1003,51,51,1,2,800,spatial_sustained,0.6499,True
1004,51,51,1,2,810,spatial_sustained,0.6348,True
1005,51,51,1,1,812,spatial_sustained,0.5394,False
1006,51,51,1,2,838,spatial_sustained,0.6504,True
1007,51,51,1,9,885,spatial_sustained,0.8453,True
1008,51,51,1,1,912,spatial_sustained,0.8159,False
1009,51,51,1,1,935,spatial_sustained,0.6051,False
1010,51,51,1,1,997,spatial_sustained,0.692,False
1011,51,51,1,1,1001,spatial_sustained,0.6137,False
1012,51,51,1,1,1014,spatial_sustained,0.6456,False
1013,52,52,1,2,34,spatial_sustained,0.6338,True
1014,52,52,1,5,42,spatial_sustained,0.6566,True
1015,52,52,1,1,18,spatial_sustained,0.5722,False
1016,52,52,1,2,70,spatial_sustained,0.7029,True
1017,52,52,1,2,84,spatial_sustained,0.9105,True
1018,52,52,1,1,58,spatial_sustained,0.5458,False
1019,52,52,1,1,112,spatial_sustained,0.637,False
1020,52,52,1,3,152,spatial_sustained,0.538,True
1021,52,52,1,5,159,spatial_sustained,0.7804,True
1022,52,52,1,1,166,spatial_sustained,0.6641,False
1023,52,52,1,1,201,spatial_sustained,0.6091,False
1024,52,52,1,6,267,spatial_sustained,0.6258,True
1025,52,52,1,3,218,spatial_sustained,0.5336,True
1026,52,52,1,1,241,spatial_sustained,0.8281,False
1027,52,52,1,1,260,spatial_sustained,0.5052,False
1028,52,52,1,1,262,spatial_sustained,0.679,False
1029,52,52,1,1,264,spatial_sustained,0.5331,False
1030,52,52,1,1,276,spatial_sustained,0.5561,False
1031,52,52,1,1,289,spatial_sustained,0.524,False
1032,52,52,1,1,306,spatial_sustained,0.5201,False
1033,52,52,1,8,380,spatial_sustained,0.7941,True
1034,52,52,1,1,353,spatial_sustained,0.7226,False
1035,52,52,1,1,355,spatial_sustained,0.5143,False
1036,52,52,1,1,361,spatial_sustained,0.6272,False
1037,52,52,1,1,448,spatial_sustained,0.8337,False
1038,52,52,1,2,496,spatial_sustained,0.8401,True
1039,52,52,1,1,500,spatial_sustained,0.5027,False
1040,52,52,1,3,576,spatial_sustained,0.578,True
1041,52,52,1,1,551,spatial_sustained,0.554,False
1042,52,52,1,2,561,spatial_sustained,0.7519,True
1043,52,52,1,9,649,spatial_sustained,0.94,True
1044,52,52,1,1,639,spatial_sustained,0.5272,False
1045,52,52,1,3,688,spatial_sustained,0.5522,True
1046,52,52,1,1,672,spatial_sustained,0.7596,False
1047,52,52,1,2,761,spatial_sustained,0.5537,True
1048,52,52,1,1,740,spatial_sustained,0.572,False
1049,52,52,1,2,841,spatial_sustained,0.8371,True
1050,52,52,1,9,885,spatial_sustained,0.8671,True
1051,52,52,1,3,861,spatial_sustained,0.5337,True
1052,52,52,1,1,868,spatial_sustained,0.559,False
1053,52,52,1,5,929,spatial_sustained,0.6142,True
1054,52,52,1,1,904,spatial_sustained,0.5717,False
1055,52,52,1,1,940,spatial_sustained,0.5327,False
1056,52,52,1,2,996,spatial_sustained,0.6237,True
1057,52,52,1,1,1018,spatial_sustained,0.5838,False
1058,53,53,1,7,118,spatial_sustained,0.6469,True
1059,53,53,1,1,37,spatial_sustained,0.5097,False
1060,53,53,1,1,75,spatial_sustained,0.675,False
1061,53,53,1,9,169,spatial_sustained,0.6476,True
1062,53,53,1,1,195,spatial_sustained,0.6068,False
1063,53,53,1,3,223,spatial_sustained,0.5678,True
1064,53,53,1,1,229,spatial_sustained,0.5375,False
1065,53,53,1,1,236,spatial_sustained,0.5136,False
1066,53,53,1,1,252,spatial_sustained,0.5903,False
1067,53,53,1,3,291,spatial_sustained,0.5784,True
1068,53,53,1,1,294,spatial_sustained,0.5105,False
1069,53,53,1,1,306,spatial_sustained,0.5455,False
1070,53,53,1,2,360,spatial_sustained,0.5849,True
1071,53,53,1,9,380,spatial_sustained,0.8324,True
1072,53,53,1,1,383,spatial_sustained,0.539,False
1073,53,53,1,1,385,spatial_sustained,0.5553,False
1074,53,53,1,3,482,spatial_sustained,0.5265,True
1075,53,53,1,1,484,spatial_sustained,0.5225,False
1076,53,53,1,2,526,spatial_sustained,0.6207,True
1077,53,53,1,26,624,spatial_sustained,0.7446,True
1078,53,53,1,2,569,spatial_sustained,0.521,True
1079,53,53,1,9,649,spatial_sustained,0.9967,True
1080,53,53,1,1,632,spatial_sustained,0.5131,False
1081,53,53,1,1,727,spatial_sustained,0.5042,False
1082,53,53,1,1,738,spatial_sustained,0.6504,False
1083,53,53,1,1,743,spatial_sustained,0.5061,False
1084,53,53,1,3,840,spatial_sustained,0.7384,True
1085,53,53,1,14,898,spatial_sustained,0.6808,True
1086,53,53,1,1,860,spatial_sustained,0.5533,False
1087,53,53,1,3,922,spatial_sustained,0.5612,True
1088,53,53,1,7,940,spatial_sustained,0.6432,True
1089,53,53,1,1,945,spatial_sustained,0.5531,False
1090,53,53,1,1,983,spatial_sustained,0.5694,False
1091,53,53,1,4,1021,spatial_sustained,0.6696,True
1092,53,53,1,1,992,spatial_sustained,0.8161,False
1093,53,53,1,1,1006,spatial_sustained,0.8118,False
1094,54,54,1,7,8,spatial_sustained,0.6177,True
1095,54,54,1,6,110,spatial_sustained,0.5448,True
1096,54,54,1,2,56,spatial_sustained,0.5601,True
1097,54,54,1,1,29,spatial_sustained,0.6016,False
1098,54,54,1,35,161,spatial_sustained,0.7292,True
1099,54,54,1,2,113,spatial_sustained,0.5765,True
1100,54,54,1,3,116,spatial_sustained,0.5945,True
1101,54,54,1,1,126,spatial_sustained,0.5233,False
1102,54,54,1,1,151,spatial_sustained,0.5006,False
1103,54,54,1,2,208,spatial_sustained,0.5196,True
1104,54,54,1,2,220,spatial_sustained,0.5571,True
1105,54,54,1,1,200,spatial_sustained,0.637,False
1106,54,54,1,6,267,spatial_sustained,0.5633,True
1107,54,54,1,1,223,spatial_sustained,0.818,False
1108,54,54,1,1,287,spatial_sustained,0.5048,False
1109,54,54,1,1,310,spatial_sustained,0.5354,False
1110,54,54,1,1,356,spatial_sustained,0.7321,False
1111,54,54,1,3,375,spatial_sustained,0.5779,True
1112,54,54,1,1,410,spatial_sustained,0.8293,False
1113,54,54,1,1,412,spatial_sustained,0.6318,False
1114,54,54,1,1,418,spatial_sustained,0.5109,False
1115,54,54,1,1,429,spatial_sustained,0.5119,False
1116,54,54,1,7,496,spatial_sustained,0.6088,True
1117,54,54,1,1,466,spatial_sustained,0.5035,False
1118,54,54,1,3,494,spatial_sustained,0.5443,True
1119,54,54,1,1,532,spatial_sustained,0.5118,False
1120,54,54,1,1,540,spatial_sustained,0.5608,False
1121,54,54,1,1,568,spatial_sustained,0.5162,False
1122,54,54,1,1,576,spatial_sustained,0.5657,False
1123,54,54,1,1,578,spatial_sustained,0.5503,False
1124,54,54,1,1,594,spatial_sustained,0.5006,False
1125,54,54,1,3,605,spatial_sustained,0.5605,True
1126,54,54,1,9,649,spatial_sustained,0.9998,True
1127,54,54,1,12,662,spatial_sustained,0.5952,True
1128,54,54,1,1,652,spatial_sustained,0.5421,False
1129,54,54,1,2,732,spatial_sustained,0.6137,True
1130,54,54,1,1,736,spatial_sustained,0.5286,False
1131,54,54,1,1,752,spatial_sustained,0.8054,False
1132,54,54,1,1,760,spatial_sustained,0.508,False
1133,54,54,1,2,829,spatial_sustained,0.5957,True
1134,54,54,1,1,808,spatial_sustained,0.8264,False
1135,54,54,1,28,953,spatial_sustained,0.661,True
1136,54,54,1,1,842,spatial_sustained,0.9019,False
1137,54,54,1,2,883,spatial_sustained,0.5007,True
1138,54,54,1,2,865,spatial_sustained,0.5433,True
1139,54,54,1,8,934,spatial_sustained,0.6684,True
1140,54,54,1,1,912,spatial_sustained,0.5095,False
1141,54,54,1,1,939,spatial_sustained,0.6399,False
1142,54,54,1,1,994,spatial_sustained,0.7467,False
1143,54,54,1,1,1007,spatial_sustained,0.5293,False
1144,55,55,1,3,40,spatial_sustained,0.5938,True
1145,55,55,1,9,50,spatial_sustained,0.6232,True
1146,55,55,1,2,25,spatial_sustained,0.6994,True
1147,55,55,1,1,30,spatial_sustained,0.6722,False
1148,55,55,1,1,32,spatial_sustained,0.6146,False
1149,55,55,1,1,34,spatial_sustained,0.5254,False
1150,55,55,1,5,87,spatial_sustained,0.5213,True
1151,55,55,1,19,131,spatial_sustained,0.786,True
1152,55,55,1,1,93,spatial_sustained,0.5602,False
1153,55,55,1,1,159,spatial_sustained,0.521,False
1154,55,55,1,3,175,spatial_sustained,0.7301,True
1155,55,55,1,4,251,spatial_sustained,0.6419,True
1156,55,55,1,4,202,spatial_sustained,0.53,True
1157,55,55,1,1,214,spatial_sustained,0.5077,False
1158,55,55,1,5,318,spatial_sustained,0.6882,True
1159,55,55,1,3,292,spatial_sustained,0.6482,True
1160,55,55,1,1,263,spatial_sustained,0.5071,False
1161,55,55,1,1,316,spatial_sustained,0.6199,False
1162,55,55,1,1,333,spatial_sustained,0.5369,False
1163,55,55,1,1,431,spatial_sustained,0.5182,False
1164,55,55,1,9,521,spatial_sustained,0.8817,True
1165,55,55,1,1,507,spatial_sustained,0.5149,False
1166,55,55,1,5,580,spatial_sustained,0.5888,True
1167,55,55,1,2,570,spatial_sustained,0.5947,True
1168,55,55,1,1,606,spatial_sustained,0.5314,False
1169,55,55,1,9,649,spatial_sustained,0.9989,True
1170,55,55,1,1,657,spatial_sustained,0.6625,False
1171,55,55,1,2,662,spatial_sustained,0.5206,True
1172,55,55,1,1,700,spatial_sustained,0.5138,False
1173,55,55,1,1,750,spatial_sustained,0.5196,False
1174,55,55,1,1,756,spatial_sustained,0.6061,False
1175,55,55,1,23,891,spatial_sustained,0.6449,True
1176,55,55,1,1,772,spatial_sustained,0.598,False
1177,55,55,1,1,790,spatial_sustained,0.5326,False
1178,55,55,1,1,800,spatial_sustained,0.5169,False
1179,55,55,1,2,842,spatial_sustained,0.766,True
1180,55,55,1,1,865,spatial_sustained,0.6282,False
1181,55,55,1,10,913,spatial_sustained,0.6361,True
1182,55,55,1,2,884,spatial_sustained,0.712,True
1183,55,55,1,1,933,spatial_sustained,0.5775,False
1184,55,55,1,1,935,spatial_sustained,0.6235,False
1185,55,55,1,2,1023,spatial_sustained,0.5377,True
1186,55,55,1,1,1010,spatial_sustained,0.5023,False
1187,55,55,1,1,1021,spatial_sustained,0.5343,False
1188,56,56,1,1,14,spatial_sustained,0.6449,False
1189,56,56,1,4,55,spatial_sustained,0.776,True
1190,56,56,1,1,50,spatial_sustained,0.5163,False
1191,56,56,1,2,53,spatial_sustained,0.5403,True
1192,56,56,1,13,145,spatial_sustained,0.7203,True
1193,56,56,1,13,131,spatial_sustained,0.8574,True
1194,56,56,1,1,109,spatial_sustained,0.503,False
1195,56,56,1,1,117,spatial_sustained,0.5409,False
1196,56,56,1,1,125,spatial_sustained,0.5065,False
1197,56,56,1,1,155,spatial_sustained,0.5407,False
1198,56,56,1,2,220,spatial_sustained,0.6719,True
1199,56,56,1,2,246,spatial_sustained,0.6003,True
1200,56,56,1,2,287,spatial_sustained,0.5557,True
1201,56,56,1,1,315,spatial_sustained,0.946,False
1202,56,56,1,1,321,spatial_sustained,0.5859,False
1203,56,56,1,1,343,spatial_sustained,0.5296,False
1204,56,56,1,2,389,spatial_sustained,0.6213,True
1205,56,56,1,8,417,spatial_sustained,0.8599,True
1206,56,56,1,9,470,spatial_sustained,0.9063,True
1207,56,56,1,6,528,spatial_sustained,0.5655,True
1208,56,56,1,9,521,spatial_sustained,0.9732,True
1209,56,56,1,9,649,spatial_sustained,0.9947,True
1210,56,56,1,2,653,spatial_sustained,0.5118,True
1211,56,56,1,3,766,spatial_sustained,0.756,True
1212,56,56,1,9,791,spatial_sustained,0.9082,True
1213,56,56,1,1,808,spatial_sustained,0.8252,False
1214,56,56,1,2,842,spatial_sustained,0.6935,True
1215,56,56,1,1,831,spatial_sustained,0.6858,False
1216,56,56,1,8,951,spatial_sustained,0.6742,True
1217,56,56,1,1,871,spatial_sustained,0.603,False
1218,56,56,1,4,925,spatial_sustained,0.7693,True
1219,56,56,1,1,1000,spatial_sustained,0.6185,False
1220,56,56,1,1,1003,spatial_sustained,0.6984,False
1221,57,57,1,2,14,spatial_sustained,0.6074,True
1222,57,57,1,1,17,spatial_sustained,0.6283,False
1223,57,57,1,3,25,spatial_sustained,0.7016,True
1224,57,57,1,2,29,spatial_sustained,0.5684,True
1225,57,57,1,1,31,spatial_sustained,0.568,False
1226,57,57,1,10,143,spatial_sustained,0.7637,True
1227,57,57,1,2,117,spatial_sustained,0.5516,True
1228,57,57,1,1,92,spatial_sustained,0.5051,False
1229,57,57,1,9,129,spatial_sustained,0.8526,True
1230,57,57,1,1,135,spatial_sustained,0.9099,False
1231,57,57,1,1,165,spatial_sustained,0.5813,False
1232,57,57,1,1,227,spatial_sustained,0.5052,False
1233,57,57,1,2,271,spatial_sustained,0.5444,True
1234,57,57,1,1,246,spatial_sustained,0.7555,False
1235,57,57,1,6,312,spatial_sustained,0.6749,True
1236,57,57,1,3,319,spatial_sustained,0.5601,True
1237,57,57,1,9,416,spatial_sustained,0.9211,True
1238,57,57,1,9,470,spatial_sustained,0.9722,True
1239,57,57,1,8,521,spatial_sustained,0.9934,True
1240,57,57,1,1,560,spatial_sustained,0.6064,False
1241,57,57,1,2,765,spatial_sustained,0.5382,True
1242,57,57,1,9,791,spatial_sustained,0.9865,True
1243,57,57,1,1,842,spatial_sustained,1.0,False
1244,57,57,1,1,890,spatial_sustained,0.7279,False
1245,57,57,1,2,952,spatial_sustained,0.6131,True
1246,57,57,1,3,988,spatial_sustained,0.6149,True
1247,57,57,1,1,960,spatial_sustained,0.5207,False
1248,57,57,1,2,1023,spatial_sustained,0.6091,True
1249,58,58,1,1,31,spatial_sustained,0.6555,False
1250,58,58,1,13,130,spatial_sustained,0.7856,True
1251,58,58,1,3,79,spatial_sustained,0.6676,True
1252,58,58,1,1,91,spatial_sustained,0.5285,False
1253,58,58,1,5,134,spatial_sustained,0.7495,True
1254,58,58,1,2,149,spatial_sustained,0.5324,True
1255,58,58,1,2,176,spatial_sustained,0.7417,True
1256,58,58,1,1,190,spatial_sustained,0.5118,False
1257,58,58,1,1,246,spatial_sustained,0.5994,False
1258,58,58,1,1,315,spatial_sustained,1.0,False
1259,58,58,1,1,318,spatial_sustained,0.545,False
1260,58,58,1,2,382,spatial_sustained,0.5935,True
1261,58,58,1,1,425,spatial_sustained,0.7127,False
1262,58,58,1,9,470,spatial_sustained,0.9825,True
1263,58,58,1,1,479,spatial_sustained,0.6294,False
1264,58,58,1,9,521,spatial_sustained,0.9721,True
1265,58,58,1,1,735,spatial_sustained,0.6032,False
1266,58,58,1,9,791,spatial_sustained,0.9901,True
1267,58,58,1,2,842,spatial_sustained,0.7792,True
1268,58,58,1,1,860,spatial_sustained,0.5322,False
1269,58,58,1,1,866,spatial_sustained,0.5638,False
1270,58,58,1,1,869,spatial_sustained,0.8346,False
1271,58,58,1,3,919,spatial_sustained,0.6446,True
1272,58,58,1,1,890,spatial_sustained,0.8099,False
1273,58,58,1,4,961,spatial_sustained,0.6297,True
1274,58,58,1,2,955,spatial_sustained,0.633,True
1275,58,58,1,1,990,spatial_sustained,0.7344,False
1276,59,59,1,1,4,spatial_sustained,0.819,False
1277,59,59,1,2,45,spatial_sustained,0.5583,True
1278,59,59,1,1,31,spatial_sustained,0.5486,False
1279,59,59,1,8,128,spatial_sustained,0.9,True
1280,59,59,1,1,112,spatial_sustained,0.8052,False
1281,59,59,1,1,135,spatial_sustained,0.9824,False
1282,59,59,1,2,195,spatial_sustained,0.5732,True
1283,59,59,1,1,176,spatial_sustained,0.5495,False
1284,59,59,1,1,204,spatial_sustained,0.938,False
1285,59,59,1,1,246,spatial_sustained,0.7143,False
1286,59,59,1,1,260,spatial_sustained,0.8114,False
1287,59,59,1,2,315,spatial_sustained,0.7509,True
1288,59,59,1,1,288,spatial_sustained,0.604,False
1289,59,59,1,9,470,spatial_sustained,0.9816,True
1290,59,59,1,2,552,spatial_sustained,0.5422,True
1291,59,59,1,9,600,spatial_sustained,0.9464,True
1292,59,59,1,1,736,spatial_sustained,0.5442,False
1293,59,59,1,1,743,spatial_sustained,0.579,False
1294,59,59,1,9,791,spatial_sustained,0.9913,True
1295,59,59,1,1,766,spatial_sustained,0.6165,False
1296,59,59,1,2,808,spatial_sustained,0.5947,True
1297,59,59,1,1,843,spatial_sustained,0.6497,False
1298,59,59,1,1,890,spatial_sustained,0.8809,False
1299,59,59,1,1,952,spatial_sustained,0.6565,False
1300,59,59,1,1,954,spatial_sustained,0.5306,False
1301,59,59,1,3,980,spatial_sustained,0.5579,True
1302,59,59,1,1,997,spatial_sustained,0.6566,False
1303,59,59,1,1,1004,spatial_sustained,0.6448,False
1304,59,59,1,1,1007,spatial_sustained,0.8115,False
1305,60,60,1,4,14,spatial_sustained,0.6498,True
1306,60,60,1,1,21,spatial_sustained,0.5263,False
1307,60,60,1,1,40,spatial_sustained,0.5048,False
1308,60,60,1,1,59,spatial_sustained,0.5636,False
1309,60,60,1,1,69,spatial_sustained,0.5011,False
1310,60,60,1,3,111,spatial_sustained,0.7121,True
1311,60,60,1,1,85,spatial_sustained,0.5025,False
1312,60,60,1,1,135,spatial_sustained,0.983,False
1313,60,60,1,2,224,spatial_sustained,0.7518,True
1314,60,60,1,1,204,spatial_sustained,0.991,False
1315,60,60,1,1,226,spatial_sustained,0.8287,False
1316,60,60,1,1,246,spatial_sustained,0.5089,False
1317,60,60,1,4,315,spatial_sustained,0.6716,True
1318,60,60,1,2,293,spatial_sustained,0.6167,True
1319,60,60,1,1,288,spatial_sustained,0.575,False
1320,60,60,1,9,470,spatial_sustained,0.9787,True
1321,60,60,1,1,442,spatial_sustained,0.5623,False
1322,60,60,1,9,600,spatial_sustained,0.9948,True
1323,60,60,1,2,770,spatial_sustained,0.6682,True
1324,60,60,1,9,791,spatial_sustained,0.9892,True
1325,60,60,1,1,767,spatial_sustained,0.8193,False
1326,60,60,1,1,807,spatial_sustained,0.8579,False
1327,60,60,1,1,813,spatial_sustained,0.6276,False
1328,60,60,1,1,843,spatial_sustained,0.6414,False
1329,60,60,1,4,924,spatial_sustained,0.5354,True
1330,60,60,1,2,980,spatial_sustained,0.5431,True
1331,60,60,1,2,983,spatial_sustained,0.5175,True
1332,60,60,1,1,978,spatial_sustained,0.5056,False
1333,60,60,1,2,1007,spatial_sustained,0.7057,True
1334,60,60,1,2,1019,spatial_sustained,0.7201,True
1335,61,61,1,3,44,spatial_sustained,0.5865,True
1336,61,61,1,1,16,spatial_sustained,0.5264,False
1337,61,61,1,1,20,spatial_sustained,0.6516,False
1338,61,61,1,2,111,spatial_sustained,0.6099,True
1339,61,61,1,1,116,spatial_sustained,0.5243,False
1340,61,61,1,1,135,spatial_sustained,0.9837,False
1341,61,61,1,3,195,spatial_sustained,0.6365,True
1342,61,61,1,1,176,spatial_sustained,0.6349,False
1343,61,61,1,1,204,spatial_sustained,0.9896,False
1344,61,61,1,2,350,spatial_sustained,0.8242,True
1345,61,61,1,2,353,spatial_sustained,0.7183,True
1346,61,61,1,1,444,spatial_sustained,0.5157,False
1347,61,61,1,1,554,spatial_sustained,0.9401,False
1348,61,61,1,9,600,spatial_sustained,0.9961,True
1349,61,61,1,1,670,spatial_sustained,0.5005,False
1350,61,61,1,3,768,spatial_sustained,0.6664,True
1351,61,61,1,1,756,spatial_sustained,0.8209,False
1352,61,61,1,9,791,spatial_sustained,0.9882,True
1353,61,61,1,1,766,spatial_sustained,0.8084,False
1354,61,61,1,2,802,spatial_sustained,0.6613,True
1355,61,61,1,2,807,spatial_sustained,0.5948,True
1356,61,61,1,1,897,spatial_sustained,0.5454,False
1357,61,61,1,2,933,spatial_sustained,0.5322,True
1358,61,61,1,1,908,spatial_sustained,0.5086,False
1359,61,61,1,2,991,spatial_sustained,0.5065,True
1360,61,61,1,1,963,spatial_sustained,0.7196,False
1361,62,62,1,5,79,spatial_sustained,0.7578,True
1362,62,62,1,1,23,spatial_sustained,0.5859,False
1363,62,62,1,1,26,spatial_sustained,0.7816,False
1364,62,62,1,3,160,spatial_sustained,0.6607,True
1365,62,62,1,1,135,spatial_sustained,0.9852,False
1366,62,62,1,1,165,spatial_sustained,0.5067,False
1367,62,62,1,1,176,spatial_sustained,0.6255,False
1368,62,62,1,1,204,spatial_sustained,0.9889,False
1369,62,62,1,1,225,spatial_sustained,0.6455,False
1370,62,62,1,1,260,spatial_sustained,0.7412,False
1371,62,62,1,1,448,spatial_sustained,0.5531,False
1372,62,62,1,1,511,spatial_sustained,0.8111,False
1373,62,62,1,1,554,spatial_sustained,0.9889,False
1374,62,62,1,9,600,spatial_sustained,0.997,True
1375,62,62,1,1,639,spatial_sustained,0.7425,False
1376,62,62,1,1,705,spatial_sustained,0.596,False
1377,62,62,1,1,756,spatial_sustained,0.8184,False
1378,62,62,1,1,808,spatial_sustained,0.574,False
1379,62,62,1,1,862,spatial_sustained,0.5001,False
1380,62,62,1,6,954,spatial_sustained,0.67,True
1381,62,62,1,2,944,spatial_sustained,0.5687,True
1382,62,62,1,1,920,spatial_sustained,0.6804,False
1383,62,62,1,1,1007,spatial_sustained,0.5798,False
1384,63,63,1,2,36,spatial_sustained,0.5511,True
1385,63,63,1,1,13,spatial_sustained,0.5017,False
1386,63,63,1,1,26,spatial_sustained,0.8139,False
1387,63,63,1,1,28,spatial_sustained,0.8126,False
1388,63,63,1,1,112,spatial_sustained,0.6048,False
1389,63,63,1,1,161,spatial_sustained,0.5868,False
1390,63,63,1,1,165,spatial_sustained,0.5379,False
1391,63,63,1,9,211,spatial_sustained,0.9276,True
1392,63,63,1,1,204,spatial_sustained,0.9913,False
1393,63,63,1,1,227,spatial_sustained,0.5913,False
1394,63,63,1,1,299,spatial_sustained,0.9121,False
1395,63,63,1,1,318,spatial_sustained,0.7399,False
1396,63,63,1,2,442,spatial_sustained,0.7575,True
1397,63,63,1,1,416,spatial_sustained,0.5448,False
1398,63,63,1,1,444,spatial_sustained,0.5562,False
1399,63,63,1,2,511,spatial_sustained,0.6628,True
1400,63,63,1,1,495,spatial_sustained,0.8358,False
1401,63,63,1,1,552,spatial_sustained,0.5046,False
1402,63,63,1,1,554,spatial_sustained,0.9989,False
1403,63,63,1,9,600,spatial_sustained,0.9935,True
1404,63,63,1,1,674,spatial_sustained,0.9082,False
1405,63,63,1,1,703,spatial_sustained,0.5632,False
1406,63,63,1,1,766,spatial_sustained,0.8092,False
1407,63,63,1,1,860,spatial_sustained,0.5553,False
1408,63,63,1,2,902,spatial_sustained,0.5217,True
1409,63,63,1,2,898,spatial_sustained,0.6102,True
1410,63,63,1,2,955,spatial_sustained,0.6959,True
1411,63,63,1,1,984,spatial_sustained,0.573,False
1412,63,63,1,2,1006,spatial_sustained,0.573,True
1413,63,63,1,1,1008,spatial_sustained,0.5541,False
1414,63,63,1,1,1019,spatial_sustained,0.6524,False
1415,63,63,1,1,1023,spatial_sustained,0.5612,False
1416,64,64,1,1,14,spatial_sustained,0.5289,False
1417,64,64,1,4,128,spatial_sustained,0.6048,True
1418,64,64,1,1,102,spatial_sustained,0.842,False
1419,64,64,1,1,112,spatial_sustained,0.6331,False
1420,64,64,1,10,212,spatial_sustained,0.928,True
1421,64,64,1,1,204,spatial_sustained,0.993,False
1422,64,64,1,1,299,spatial_sustained,0.9885,False
1423,64,64,1,7,384,spatial_sustained,0.8909,True
1424,64,64,1,1,554,spatial_sustained,0.9926,False
1425,64,64,1,9,600,spatial_sustained,0.994,True
1426,64,64,1,1,671,spatial_sustained,0.5215,False
1427,64,64,1,1,674,spatial_sustained,0.989,False
1428,64,64,1,1,756,spatial_sustained,0.7348,False
1429,64,64,1,1,773,spatial_sustained,0.5049,False
1430,64,64,1,1,868,spatial_sustained,0.5171,False
1431,64,64,1,3,903,spatial_sustained,0.6407,True
1432,64,64,1,1,946,spatial_sustained,0.5179,False
1433,64,64,1,1,948,spatial_sustained,0.5515,False
1434,64,64,1,1,1006,spatial_sustained,0.5171,False
1435,64,64,1,1,1014,spatial_sustained,0.8139,False
1436,64,64,1,1,1016,spatial_sustained,0.6055,False
1437,65,65,1,1,3,spatial_sustained,0.6802,False
1438,65,65,1,1,21,spatial_sustained,0.6437,False
1439,65,65,1,1,28,spatial_sustained,0.8181,False
1440,65,65,1,2,62,spatial_sustained,0.7587,True
1441,65,65,1,1,112,spatial_sustained,0.8839,False
1442,65,65,1,1,140,spatial_sustained,0.5154,False
1443,65,65,1,11,242,spatial_sustained,0.9068,True
1444,65,65,1,1,260,spatial_sustained,0.7256,False
1445,65,65,1,1,299,spatial_sustained,0.9877,False
1446,65,65,1,3,350,spatial_sustained,0.8328,True
1447,65,65,1,8,385,spatial_sustained,0.9097,True
1448,65,65,1,1,410,spatial_sustained,0.7612,False
1449,65,65,1,1,462,spatial_sustained,0.6191,False
1450,65,65,1,1,554,spatial_sustained,0.9904,False
1451,65,65,1,1,674,spatial_sustained,0.9883,False
1452,65,65,1,1,704,spatial_sustained,0.7114,False
1453,65,65,1,1,766,spatial_sustained,0.807,False
1454,65,65,1,1,768,spatial_sustained,0.6174,False
1455,65,65,1,1,828,spatial_sustained,0.5061,False
1456,65,65,1,9,898,spatial_sustained,0.8784,True
1457,65,65,1,1,912,spatial_sustained,0.6104,False
1458,65,65,1,1,936,spatial_sustained,0.6495,False
1459,65,65,1,1,989,spatial_sustained,0.5612,False
1460,65,65,1,1,997,spatial_sustained,0.6434,False
1461,65,65,1,1,1000,spatial_sustained,0.6162,False
1462,65,65,1,1,1009,spatial_sustained,0.5439,False
1463,65,65,1,2,1017,spatial_sustained,0.6039,True
1464,66,66,1,1,16,spatial_sustained,0.8149,False
1465,66,66,1,4,112,spatial_sustained,0.5958,True
1466,66,66,1,1,116,spatial_sustained,0.6062,False
1467,66,66,1,1,161,spatial_sustained,0.8195,False
1468,66,66,1,9,243,spatial_sustained,0.9694,True
1469,66,66,1,2,223,spatial_sustained,0.5628,True
1470,66,66,1,1,299,spatial_sustained,1.0,False
1471,66,66,1,1,318,spatial_sustained,0.7359,False
1472,66,66,1,7,354,spatial_sustained,0.8916,True
1473,66,66,1,1,357,spatial_sustained,0.6003,False
1474,66,66,1,1,498,spatial_sustained,0.5187,False
1475,66,66,1,2,559,spatial_sustained,0.5836,True
1476,66,66,1,1,554,spatial_sustained,0.9888,False
1477,66,66,1,1,671,spatial_sustained,0.5345,False
1478,66,66,1,1,674,spatial_sustained,0.9891,False
1479,66,66,1,1,722,spatial_sustained,0.8049,False
1480,66,66,1,1,799,spatial_sustained,0.5022,False
1481,66,66,1,9,898,spatial_sustained,0.9374,True
1482,66,66,1,1,895,spatial_sustained,0.5457,False
1483,66,66,1,2,934,spatial_sustained,0.5616,True
1484,66,66,1,1,988,spatial_sustained,0.5699,False
1485,66,66,1,1,1010,spatial_sustained,0.6124,False
1486,67,67,1,1,15,spatial_sustained,0.8316,False
1487,67,67,1,4,55,spatial_sustained,0.5763,True
1488,67,67,1,2,112,spatial_sustained,0.7004,True
1489,67,67,1,1,134,spatial_sustained,0.7073,False
1490,67,67,1,1,163,spatial_sustained,0.8223,False
1491,67,67,1,9,243,spatial_sustained,0.9703,True
1492,67,67,1,2,254,spatial_sustained,0.5583,True
1493,67,67,1,1,299,spatial_sustained,1.0,False
1494,67,67,1,1,318,spatial_sustained,0.6433,False
1495,67,67,1,6,384,spatial_sustained,0.9577,True
1496,67,67,1,1,508,spatial_sustained,0.5048,False
1497,67,67,1,1,672,spatial_sustained,0.673,False
1498,67,67,1,1,707,spatial_sustained,0.5696,False
1499,67,67,1,12,899,spatial_sustained,0.8938,True
1500,67,67,1,1,919,spatial_sustained,0.6877,False
1501,67,67,1,3,991,spatial_sustained,0.5851,True
1502,67,67,1,1,997,spatial_sustained,0.6068,False
1503,68,68,1,1,1,spatial_sustained,0.508,False
1504,68,68,1,1,16,spatial_sustained,0.8233,False
1505,68,68,1,1,28,spatial_sustained,0.5037,False
1506,68,68,1,1,79,spatial_sustained,0.675,False
1507,68,68,1,1,86,spatial_sustained,0.5955,False
1508,68,68,1,1,134,spatial_sustained,0.5428,False
1509,68,68,1,1,196,spatial_sustained,0.8621,False
1510,68,68,1,1,299,spatial_sustained,1.0,False
1511,68,68,1,1,321,spatial_sustained,0.8612,False
1512,68,68,1,1,380,spatial_sustained,0.6331,False
1513,68,68,1,1,417,spatial_sustained,0.7813,False
1514,68,68,1,9,515,spatial_sustained,0.8882,True
1515,68,68,1,1,497,spatial_sustained,0.5699,False
1516,68,68,1,1,707,spatial_sustained,0.6418,False
1517,68,68,1,1,768,spatial_sustained,0.8268,False
1518,68,68,1,1,858,spatial_sustained,0.5956,False
1519,68,68,1,5,926,spatial_sustained,0.6955,True
1520,68,68,1,9,898,spatial_sustained,0.9619,True
1521,68,68,1,14,942,spatial_sustained,0.9077,True
1522,68,68,1,1,955,spatial_sustained,0.5973,False
1523,68,68,1,1,1003,spatial_sustained,0.7212,False
1524,69,69,1,1,22,spatial_sustained,0.7429,False
1525,69,69,1,1,79,spatial_sustained,0.5862,False
1526,69,69,1,1,86,spatial_sustained,0.5489,False
1527,69,69,1,1,299,spatial_sustained,0.9105,False
1528,69,69,1,1,416,spatial_sustained,0.6068,False
1529,69,69,1,9,515,spatial_sustained,0.9542,True
1530,69,69,1,2,552,spatial_sustained,0.6659,True
1531,69,69,1,18,929,spatial_sustained,0.9176,True
1532,69,69,1,15,942,spatial_sustained,0.9338,True
1533,70,70,1,1,22,spatial_sustained,0.8486,False
1534,70,70,1,1,192,spatial_sustained,0.819,False
1535,70,70,1,1,227,spatial_sustained,0.5995,False
1536,70,70,1,1,240,spatial_sustained,0.5156,False
1537,70,70,1,1,291,spatial_sustained,0.5446,False
1538,70,70,1,1,315,spatial_sustained,0.931,False
1539,70,70,1,1,410,spatial_sustained,0.8247,False
1540,70,70,1,2,494,spatial_sustained,0.5879,True
1541,70,70,1,1,466,spatial_sustained,0.5179,False
1542,70,70,1,9,515,spatial_sustained,0.9779,True
1543,70,70,1,1,522,spatial_sustained,0.5871,False
1544,70,70,1,1,552,spatial_sustained,0.8239,False
1545,70,70,1,1,620,spatial_sustained,0.9481,False
1546,70,70,1,1,865,spatial_sustained,0.5006,False
1547,70,70,1,9,911,spatial_sustained,0.9539,True
1548,70,70,1,10,933,spatial_sustained,0.9398,True
1549,70,70,1,2,1004,spatial_sustained,0.6329,True
1550,71,71,1,1,77,spatial_sustained,0.7316,False
1551,71,71,1,1,81,spatial_sustained,0.543,False
1552,71,71,1,1,99,spatial_sustained,0.8864,False
1553,71,71,1,1,101,spatial_sustained,0.81,False
1554,71,71,1,1,161,spatial_sustained,0.5373,False
1555,71,71,1,1,176,spatial_sustained,0.5342,False
1556,71,71,1,1,181,spatial_sustained,0.5395,False
1557,71,71,1,1,315,spatial_sustained,0.9635,False
1558,71,71,1,1,382,spatial_sustained,0.6116,False
1559,71,71,1,1,494,spatial_sustained,0.502,False
1560,71,71,1,1,497,spatial_sustained,0.6057,False
1561,71,71,1,2,652,spatial_sustained,0.7871,True
1562,71,71,1,1,712,spatial_sustained,0.5336,False
1563,71,71,1,1,716,spatial_sustained,0.5472,False
1564,71,71,1,1,736,spatial_sustained,0.5092,False
1565,71,71,1,1,880,spatial_sustained,0.5852,False
1566,71,71,1,10,933,spatial_sustained,0.964,True
1567,71,71,1,1,926,spatial_sustained,0.63,False
1568,71,71,1,1,949,spatial_sustained,0.773,False
1569,71,71,1,1,992,spatial_sustained,0.5207,False
1570,72,72,1,1,99,spatial_sustained,0.9576,False
1571,72,72,1,1,128,spatial_sustained,0.5174,False
1572,72,72,1,1,258,spatial_sustained,0.6295,False
1573,72,72,1,1,383,spatial_sustained,0.6425,False
1574,72,72,1,1,425,spatial_sustained,0.5675,False
1575,72,72,1,1,495,spatial_sustained,0.8365,False
1576,72,72,1,8,721,spatial_sustained,0.8778,True
1577,72,72,1,1,733,spatial_sustained,0.5047,False
1578,72,72,1,3,888,spatial_sustained,0.5066,True
1579,72,72,1,10,933,spatial_sustained,0.9634,True
1580,72,72,1,2,925,spatial_sustained,0.5892,True
1581,72,72,1,1,927,spatial_sustained,0.8169,False
1582,72,72,1,1,935,spatial_sustained,0.5181,False
1583,72,72,1,1,960,spatial_sustained,0.5696,False
1584,72,72,1,1,987,spatial_sustained,0.5085,False
1585,72,72,1,1,1001,spatial_sustained,0.5668,False
1586,73,73,1,1,26,spatial_sustained,0.8165,False
1587,73,73,1,1,99,spatial_sustained,0.9694,False
1588,73,73,1,1,442,spatial_sustained,0.795,False
1589,73,73,1,1,495,spatial_sustained,0.5815,False
1590,73,73,1,9,695,spatial_sustained,0.8785,True
1591,73,73,1,7,720,spatial_sustained,0.9558,True
1592,73,73,1,1,825,spatial_sustained,0.5237,False
1593,73,73,1,1,892,spatial_sustained,0.5165,False
1594,73,73,1,9,932,spatial_sustained,0.995,True
1595,73,73,1,1,935,spatial_sustained,0.5558,False
1596,73,73,1,1,948,spatial_sustained,0.5528,False
1597,73,73,1,1,1016,spatial_sustained,0.8696,False
1598,74,74,1,1,258,spatial_sustained,0.5749,False
1599,74,74,1,1,286,spatial_sustained,0.5875,False
1600,74,74,1,1,416,spatial_sustained,0.5948,False
1601,74,74,1,1,616,spatial_sustained,0.5065,False
1602,74,74,1,9,695,spatial_sustained,0.9578,True
1603,74,74,1,7,720,spatial_sustained,0.9783,True
1604,74,74,1,3,893,spatial_sustained,0.6824,True
1605,74,74,1,1,929,spatial_sustained,0.5302,False
1606,74,74,1,1,948,spatial_sustained,0.6246,False
1607,74,74,1,1,992,spatial_sustained,0.7027,False
1608,74,74,1,1,997,spatial_sustained,0.5579,False
1609,74,74,1,1,999,spatial_sustained,0.6609,False
1610,74,74,1,1,1016,spatial_sustained,0.9293,False
1611,75,75,1,1,92,spatial_sustained,0.5021,False
1612,75,75,1,1,129,spatial_sustained,0.5163,False
1613,75,75,1,1,257,spatial_sustained,0.5127,False
1614,75,75,1,1,352,spatial_sustained,0.5975,False
1615,75,75,1,1,528,spatial_sustained,0.5183,False
1616,75,75,1,9,695,spatial_sustained,0.9794,True
1617,75,75,1,3,746,spatial_sustained,0.6546,True
1618,75,75,1,1,752,spatial_sustained,0.5155,False
1619,75,75,1,1,756,spatial_sustained,0.8269,False
1620,75,75,1,1,799,spatial_sustained,0.5418,False
1621,75,75,1,1,813,spatial_sustained,0.5697,False
1622,75,75,1,1,842,spatial_sustained,0.5034,False
1623,75,75,1,1,865,spatial_sustained,0.5098,False
1624,75,75,1,2,925,spatial_sustained,0.6278,True
1625,75,75,1,1,948,spatial_sustained,0.7429,False
1626,75,75,1,1,964,spatial_sustained,0.5047,False
1627,75,75,1,1,988,spatial_sustained,0.5173,False
1628,75,75,1,1,1016,spatial_sustained,0.9411,False
1629,76,76,1,1,15,spatial_sustained,0.8319,False
1630,76,76,1,1,78,spatial_sustained,0.541,False
1631,76,76,1,1,227,spatial_sustained,0.6106,False
1632,76,76,1,1,234,spatial_sustained,0.7554,False
1633,76,76,1,1,248,spatial_sustained,0.5251,False
1634,76,76,1,1,254,spatial_sustained,0.5055,False
1635,76,76,1,1,391,spatial_sustained,0.5139,False
1636,76,76,1,1,512,spatial_sustained,0.6664,False
1637,76,76,1,2,552,spatial_sustained,0.7079,True
1638,76,76,1,3,560,spatial_sustained,0.8046,True
1639,76,76,1,1,640,spatial_sustained,0.5367,False
1640,76,76,1,1,643,spatial_sustained,0.5178,False
1641,76,76,1,9,695,spatial_sustained,0.9922,True
1642,76,76,1,1,724,spatial_sustained,0.8987,False
1643,76,76,1,1,815,spatial_sustained,0.5107,False
1644,76,76,1,1,835,spatial_sustained,0.5228,False
1645,76,76,1,1,840,spatial_sustained,0.6586,False
1646,76,76,1,1,861,spatial_sustained,0.5926,False
1647,76,76,1,3,903,spatial_sustained,0.6543,True
1648,76,76,1,1,918,spatial_sustained,0.5191,False
1649,76,76,1,1,948,spatial_sustained,0.6308,False
1650,76,76,1,3,983,spatial_sustained,0.6874,True
1651,76,76,1,2,1005,spatial_sustained,0.5318,True
1652,77,77,1,3,5,spatial_sustained,0.6877,True
1653,77,77,1,3,97,spatial_sustained,0.6246,True
1654,77,77,1,1,112,spatial_sustained,0.7981,False
1655,77,77,1,1,191,spatial_sustained,0.5771,False
1656,77,77,1,1,224,spatial_sustained,0.5018,False
1657,77,77,1,1,246,spatial_sustained,0.5151,False
1658,77,77,1,1,327,spatial_sustained,0.5352,False
1659,77,77,1,1,448,spatial_sustained,0.5451,False
1660,77,77,1,1,475,spatial_sustained,0.9021,False
1661,77,77,1,7,529,spatial_sustained,0.7478,True
1662,77,77,1,1,551,spatial_sustained,0.8093,False
1663,77,77,1,3,624,spatial_sustained,0.6943,True
1664,77,77,1,9,695,spatial_sustained,0.9976,True
1665,77,77,1,1,724,spatial_sustained,0.9829,False
1666,77,77,1,2,767,spatial_sustained,0.8162,True
1667,77,77,1,3,840,spatial_sustained,0.6555,True
1668,77,77,1,1,831,spatial_sustained,0.5517,False
1669,77,77,1,1,880,spatial_sustained,0.9518,False
1670,77,77,1,3,951,spatial_sustained,0.7283,True
1671,77,77,1,2,949,spatial_sustained,0.6223,True
1672,77,77,1,1,962,spatial_sustained,0.5619,False
1673,77,77,1,1,992,spatial_sustained,0.7405,False
1674,77,77,1,1,1000,spatial_sustained,0.5411,False
1675,77,77,1,1,1010,spatial_sustained,0.831,False
1676,77,77,1,1,1016,spatial_sustained,0.7174,False
1677,78,78,1,1,49,spatial_sustained,0.8647,False
1678,78,78,1,1,73,spatial_sustained,0.5048,False
1679,78,78,1,1,112,spatial_sustained,0.8976,False
1680,78,78,1,10,195,spatial_sustained,0.747,True
1681,78,78,1,1,257,spatial_sustained,0.5079,False
1682,78,78,1,3,355,spatial_sustained,0.6412,True
1683,78,78,1,1,475,spatial_sustained,0.9922,False
1684,78,78,1,1,544,spatial_sustained,0.5984,False
1685,78,78,1,1,608,spatial_sustained,0.5885,False
1686,78,78,1,1,637,spatial_sustained,0.6893,False
1687,78,78,1,1,639,spatial_sustained,0.5006,False
1688,78,78,1,1,701,spatial_sustained,0.5279,False
1689,78,78,1,2,757,spatial_sustained,0.7732,True
1690,78,78,1,1,765,spatial_sustained,0.5718,False
1691,78,78,1,2,831,spatial_sustained,0.7017,True
1692,78,78,1,9,843,spatial_sustained,0.9012,True
1693,78,78,1,2,857,spatial_sustained,0.5805,True
1694,78,78,1,1,870,spatial_sustained,0.6027,False
1695,78,78,1,1,880,spatial_sustained,1.0,False
1696,78,78,1,5,919,spatial_sustained,0.5818,True
1697,78,78,1,1,948,spatial_sustained,0.8344,False
1698,78,78,1,4,996,spatial_sustained,0.7549,True
1699,78,78,1,1,990,spatial_sustained,0.8137,False
1700,78,78,1,1,1016,spatial_sustained,0.6047,False
1701,79,79,1,1,32,spatial_sustained,0.6142,False
1702,79,79,1,1,49,spatial_sustained,0.8958,False
1703,79,79,1,1,112,spatial_sustained,0.9,False
1704,79,79,1,1,129,spatial_sustained,0.504,False
1705,79,79,1,10,166,spatial_sustained,0.6507,True
1706,79,79,1,1,255,spatial_sustained,0.7403,False
1707,79,79,1,1,291,spatial_sustained,0.5669,False
1708,79,79,1,9,346,spatial_sustained,0.8816,True
1709,79,79,1,3,354,spatial_sustained,0.55,True
1710,79,79,1,1,383,spatial_sustained,0.7865,False
1711,79,79,1,1,475,spatial_sustained,1.0,False
1712,79,79,1,2,609,spatial_sustained,0.6199,True
1713,79,79,1,1,673,spatial_sustained,0.6865,False
1714,79,79,1,1,724,spatial_sustained,1.0,False
1715,79,79,1,9,843,spatial_sustained,0.967,True
1716,79,79,1,3,830,spatial_sustained,0.698,True
1717,79,79,1,1,865,spatial_sustained,0.5707,False
1718,79,79,1,1,880,spatial_sustained,0.9885,False
1719,79,79,1,1,963,spatial_sustained,0.965,False
1720,79,79,1,1,1016,spatial_sustained,0.6909,False
1721,80,80,1,4,175,spatial_sustained,0.5511,True
1722,80,80,1,4,165,spatial_sustained,0.7117,True
1723,80,80,1,3,195,spatial_sustained,0.8878,True
1724,80,80,1,9,346,spatial_sustained,0.8883,True
1725,80,80,1,2,415,spatial_sustained,0.6387,True
1726,80,80,1,2,475,spatial_sustained,0.9077,True
1727,80,80,1,1,448,spatial_sustained,0.5206,False
1728,80,80,1,1,496,spatial_sustained,0.5378,False
1729,80,80,1,1,552,spatial_sustained,0.8208,False
1730,80,80,1,10,661,spatial_sustained,0.9114,True
1731,80,80,1,2,671,spatial_sustained,0.7215,True
1732,80,80,1,9,843,spatial_sustained,0.9754,True
1733,80,80,1,1,829,spatial_sustained,0.9974,False
1734,80,80,1,1,880,spatial_sustained,0.9896,False
1735,80,80,1,1,963,spatial_sustained,0.7847,False
1736,80,80,1,1,1016,spatial_sustained,0.6768,False
1737,81,81,1,4,112,spatial_sustained,0.6099,True
1738,81,81,1,3,135,spatial_sustained,0.6925,True
1739,81,81,1,1,192,spatial_sustained,0.7009,False
1740,81,81,1,2,227,spatial_sustained,0.6824,True
1741,81,81,1,9,417,spatial_sustained,0.8655,True
1742,81,81,1,1,475,spatial_sustained,0.9937,False
1743,81,81,1,2,560,spatial_sustained,0.6442,True
1744,81,81,1,1,552,spatial_sustained,0.6267,False
1745,81,81,1,10,661,spatial_sustained,0.9826,True
1746,81,81,1,1,649,spatial_sustained,0.9445,False
1747,81,81,1,9,843,spatial_sustained,0.9653,True
1748,81,81,1,1,831,spatial_sustained,0.8303,False
1749,81,81,1,1,896,spatial_sustained,0.5955,False
1750,81,81,1,4,963,spatial_sustained,0.7797,True
1751,81,81,1,1,1013,spatial_sustained,0.5252,False
1752,82,82,1,2,25,spatial_sustained,0.6598,True
1753,82,82,1,3,111,spatial_sustained,0.6874,True
1754,82,82,1,1,166,spatial_sustained,0.7563,False
1755,82,82,1,1,176,spatial_sustained,0.57,False
1756,82,82,1,1,227,spatial_sustained,0.5125,False
1757,82,82,1,7,416,spatial_sustained,0.9179,True
1758,82,82,1,1,475,spatial_sustained,0.9963,False
1759,82,82,1,10,661,spatial_sustained,0.9886,True
1760,82,82,1,1,639,spatial_sustained,0.5393,False
1761,82,82,1,1,649,spatial_sustained,0.9879,False
1762,82,82,1,1,808,spatial_sustained,0.5281,False
1763,82,82,1,9,843,spatial_sustained,0.9511,True
1764,82,82,1,1,942,spatial_sustained,0.5632,False
1765,82,82,1,1,963,spatial_sustained,0.8555,False
1766,82,82,1,1,989,spatial_sustained,0.5017,False
1767,83,83,1,1,15,spatial_sustained,0.8353,False
1768,83,83,1,1,25,spatial_sustained,0.5376,False
1769,83,83,1,2,192,spatial_sustained,0.6388,True
1770,83,83,1,1,195,spatial_sustained,0.5186,False
1771,83,83,1,1,288,spatial_sustained,0.6011,False
1772,83,83,1,8,417,spatial_sustained,0.9237,True
1773,83,83,1,9,429,spatial_sustained,0.9065,True
1774,83,83,1,1,475,spatial_sustained,1.0,False
1775,83,83,1,10,661,spatial_sustained,0.9876,True
1776,83,83,1,1,649,spatial_sustained,0.986,False
1777,83,83,1,2,671,spatial_sustained,0.7077,True
1778,83,83,1,1,808,spatial_sustained,0.649,False
1779,83,83,1,9,843,spatial_sustained,0.9473,True
1780,83,83,1,1,893,spatial_sustained,0.5694,False
1781,83,83,1,1,944,spatial_sustained,0.5542,False
1782,83,83,1,1,995,spatial_sustained,0.5094,False
1783,83,83,1,2,1007,spatial_sustained,0.6305,True
1784,84,84,1,1,14,spatial_sustained,0.6223,False
1785,84,84,1,1,17,spatial_sustained,0.7509,False
1786,84,84,1,1,23,spatial_sustained,0.797,False
1787,84,84,1,2,57,spatial_sustained,0.7729,True
1788,84,84,1,2,62,spatial_sustained,0.6275,True
1789,84,84,1,1,112,spatial_sustained,0.8274,False
1790,84,84,1,1,224,spatial_sustained,0.5261,False
1791,84,84,1,1,245,spatial_sustained,0.8906,False
1792,84,84,1,7,417,spatial_sustained,0.8799,True
1793,84,84,1,9,429,spatial_sustained,0.9464,True
1794,84,84,1,1,475,spatial_sustained,1.0,False
1795,84,84,1,1,552,spatial_sustained,0.8369,False
1796,84,84,1,9,660,spatial_sustained,0.9885,True
1797,84,84,1,1,649,spatial_sustained,0.985,False
1798,84,84,1,1,767,spatial_sustained,0.8161,False
1799,84,84,1,1,831,spatial_sustained,0.5034,False
1800,84,84,1,4,936,spatial_sustained,0.5712,True
1801,84,84,1,1,912,spatial_sustained,0.807,False
1802,84,84,1,2,962,spatial_sustained,0.5753,True
1803,84,84,1,1,996,spatial_sustained,0.5058,False
1804,85,85,1,1,14,spatial_sustained,0.6953,False
1805,85,85,1,1,57,spatial_sustained,0.8925,False
1806,85,85,1,14,163,spatial_sustained,0.7443,True
1807,85,85,1,1,192,spatial_sustained,0.8251,False
1808,85,85,1,1,245,spatial_sustained,0.9759,False
1809,85,85,1,14,417,spatial_sustained,0.8956,True
1810,85,85,1,9,429,spatial_sustained,0.9578,True
1811,85,85,1,1,552,spatial_sustained,0.7422,False
1812,85,85,1,9,660,spatial_sustained,0.988,True
1813,85,85,1,1,649,spatial_sustained,0.9833,False
1814,85,85,1,1,743,spatial_sustained,0.5208,False
1815,85,85,1,1,834,spatial_sustained,0.7313,False
1816,85,85,1,1,841,spatial_sustained,0.5149,False
1817,85,85,1,1,869,spatial_sustained,0.6379,False
1818,85,85,1,4,958,spatial_sustained,0.6702,True
1819,85,85,1,1,905,spatial_sustained,0.5111,False
1820,85,85,1,1,942,spatial_sustained,0.5503,False
1821,85,85,1,1,1004,spatial_sustained,0.5483,False
1822,86,86,1,1,20,spatial_sustained,0.6036,False
1823,86,86,1,1,24,spatial_sustained,0.5806,False
1824,86,86,1,1,32,spatial_sustained,0.8131,False
1825,86,86,1,3,111,spatial_sustained,0.582,True
1826,86,86,1,9,164,spatial_sustained,0.8925,True
1827,86,86,1,1,225,spatial_sustained,0.6284,False
1828,86,86,1,1,245,spatial_sustained,0.9895,False
1829,86,86,1,15,418,spatial_sustained,0.9018,True
1830,86,86,1,10,430,spatial_sustained,0.9153,True
1831,86,86,1,1,412,spatial_sustained,0.59,False
1832,86,86,1,9,566,spatial_sustained,0.9275,True
1833,86,86,1,1,649,spatial_sustained,0.9818,False
1834,86,86,1,1,807,spatial_sustained,0.6282,False
1835,86,86,1,3,898,spatial_sustained,0.5541,True
1836,86,86,1,1,910,spatial_sustained,0.5369,False
1837,86,86,1,1,997,spatial_sustained,0.6559,False
1838,86,86,1,1,999,spatial_sustained,0.8346,False
1839,86,86,1,1,1016,spatial_sustained,0.698,False
1840,87,87,1,2,14,spatial_sustained,0.5482,True
1841,87,87,1,1,20,spatial_sustained,0.6841,False
1842,87,87,1,1,24,spatial_sustained,0.6444,False
1843,87,87,1,3,111,spatial_sustained,0.7194,True
1844,87,87,1,7,134,spatial_sustained,0.9202,True
1845,87,87,1,2,151,spatial_sustained,0.5656,True
1846,87,87,1,2,192,spatial_sustained,0.5901,True
1847,87,87,1,1,227,spatial_sustained,0.5988,False
1848,87,87,1,1,245,spatial_sustained,0.9879,False
1849,87,87,1,13,417,spatial_sustained,0.9616,True
1850,87,87,1,10,430,spatial_sustained,0.9257,True
1851,87,87,1,1,410,spatial_sustained,0.5129,False
1852,87,87,1,1,511,spatial_sustained,0.8103,False
1853,87,87,1,9,566,spatial_sustained,0.9756,True
1854,87,87,1,1,552,spatial_sustained,0.5207,False
1855,87,87,1,1,807,spatial_sustained,0.7392,False
1856,87,87,1,2,919,spatial_sustained,0.6504,True
1857,87,87,1,1,893,spatial_sustained,0.5162,False
1858,87,87,1,1,895,spatial_sustained,0.7441,False
1859,87,87,1,1,933,spatial_sustained,0.6864,False
1860,87,87,1,1,940,spatial_sustained,0.552,False
1861,87,87,1,3,987,spatial_sustained,0.5999,True
1862,87,87,1,2,1017,spatial_sustained,0.8557,True
1863,88,88,1,1,28,spatial_sustained,0.6797,False
1864,88,88,1,1,96,spatial_sustained,0.6029,False
1865,88,88,1,6,164,spatial_sustained,0.9751,True
1866,88,88,1,1,112,spatial_sustained,0.6611,False
1867,88,88,1,1,150,spatial_sustained,0.5666,False
1868,88,88,1,1,194,spatial_sustained,0.805,False
1869,88,88,1,1,245,spatial_sustained,1.0,False
1870,88,88,1,10,419,spatial_sustained,0.9657,True
1871,88,88,1,9,429,spatial_sustained,0.9628,True
1872,88,88,1,1,764,spatial_sustained,0.8942,False
1873,88,88,1,1,802,spatial_sustained,0.644,False
1874,88,88,1,9,915,spatial_sustained,0.8886,True
1875,88,88,1,1,887,spatial_sustained,0.5018,False
1876,88,88,1,2,936,spatial_sustained,0.5603,True
1877,88,88,1,1,952,spatial_sustained,0.5814,False
1878,88,88,1,1,990,spatial_sustained,0.5645,False
1879,88,88,1,1,999,spatial_sustained,0.7407,False
1880,89,89,1,1,20,spatial_sustained,0.6525,False
1881,89,89,1,1,62,spatial_sustained,0.8163,False
1882,89,89,1,1,64,spatial_sustained,0.8062,False
1883,89,89,1,6,164,spatial_sustained,0.98,True
1884,89,89,1,1,112,spatial_sustained,0.6142,False
1885,89,89,1,1,245,spatial_sustained,1.0,False
1886,89,89,1,2,350,spatial_sustained,0.6383,True
1887,89,89,1,14,416,spatial_sustained,0.9004,True
1888,89,89,1,9,429,spatial_sustained,0.956,True
1889,89,89,1,2,560,spatial_sustained,0.6714,True
1890,89,89,1,2,552,spatial_sustained,0.7887,True
1891,89,89,1,1,764,spatial_sustained,0.9339,False
1892,89,89,1,1,767,spatial_sustained,0.8132,False
1893,89,89,1,9,915,spatial_sustained,0.9353,True
1894,89,89,1,1,951,spatial_sustained,0.6444,False
1895,89,89,1,2,985,spatial_sustained,0.5125,True
1896,89,89,1,1,998,spatial_sustained,0.5765,False
1897,89,89,1,1,1000,spatial_sustained,0.5264,False
1898,89,89,1,1,1003,spatial_sustained,0.8054,False
1899,89,89,1,1,1010,spatial_sustained,0.8427,False
1900,89,89,1,1,1019,spatial_sustained,0.7181,False
1901,90,90,1,1,0,spatial_sustained,0.8089,False
1902,90,90,1,1,15,spatial_sustained,0.8408,False
1903,90,90,1,2,28,spatial_sustained,0.8187,True
1904,90,90,1,1,36,spatial_sustained,0.5211,False
1905,90,90,1,1,62,spatial_sustained,0.5383,False
1906,90,90,1,9,134,spatial_sustained,0.9008,True
1907,90,90,1,1,118,spatial_sustained,0.5864,False
1908,90,90,1,1,193,spatial_sustained,0.8049,False
1909,90,90,1,2,245,spatial_sustained,0.9502,True
1910,90,90,1,1,353,spatial_sustained,0.6758,False
1911,90,90,1,9,429,spatial_sustained,0.9434,True
1912,90,90,1,1,551,spatial_sustained,0.8105,False
1913,90,90,1,1,561,spatial_sustained,0.8858,False
1914,90,90,1,1,617,spatial_sustained,0.5094,False
1915,90,90,1,1,756,spatial_sustained,0.6136,False
1916,90,90,1,1,764,spatial_sustained,0.935,False
1917,90,90,1,1,807,spatial_sustained,0.6462,False
1918,90,90,1,2,842,spatial_sustained,0.5354,True
1919,90,90,1,9,915,spatial_sustained,0.9364,True
1920,90,90,1,2,936,spatial_sustained,0.6399,True
1921,90,90,1,2,930,spatial_sustained,0.63,True
1922,90,90,1,1,955,spatial_sustained,0.5002,False
1923,90,90,1,1,1014,spatial_sustained,0.7196,False
1924,90,90,1,1,1020,spatial_sustained,0.5606,False
1925,91,91,1,1,15,spatial_sustained,0.846,False
1926,91,91,1,1,26,spatial_sustained,0.7412,False
1927,91,91,1,1,32,spatial_sustained,0.8177,False
1928,91,91,1,1,55,spatial_sustained,0.5408,False
1929,91,91,1,6,164,spatial_sustained,0.9852,True
1930,91,91,1,1,118,spatial_sustained,0.6309,False
1931,91,91,1,1,160,spatial_sustained,0.8713,False
1932,91,91,1,2,245,spatial_sustained,1.0,True
1933,91,91,1,1,258,spatial_sustained,0.5783,False
1934,91,91,1,1,353,spatial_sustained,0.8475,False
1935,91,91,1,1,445,spatial_sustained,0.5567,False
1936,91,91,1,1,561,spatial_sustained,0.9533,False
1937,91,91,1,1,764,spatial_sustained,0.9386,False
1938,91,91,1,1,888,spatial_sustained,0.5143,False
1939,91,91,1,1,903,spatial_sustained,0.6405,False
1940,92,92,1,1,16,spatial_sustained,0.8153,False
1941,92,92,1,3,55,spatial_sustained,0.6145,True
1942,92,92,1,1,79,spatial_sustained,0.6555,False
1943,92,92,1,1,91,spatial_sustained,0.5085,False
1944,92,92,1,8,133,spatial_sustained,0.9465,True
1945,92,92,1,1,150,spatial_sustained,0.5658,False
1946,92,92,1,2,191,spatial_sustained,0.6022,True
1947,92,92,1,1,212,spatial_sustained,1.0,False
1948,92,92,1,1,353,spatial_sustained,0.5055,False
1949,92,92,1,2,382,spatial_sustained,0.519,True
1950,92,92,1,1,451,spatial_sustained,0.6566,False
1951,92,92,1,1,552,spatial_sustained,0.6925,False
1952,92,92,1,1,561,spatial_sustained,0.9772,False
1953,92,92,1,2,767,spatial_sustained,0.8096,True
1954,92,92,1,1,804,spatial_sustained,0.8804,False
1955,92,92,1,1,808,spatial_sustained,0.5836,False
1956,92,92,1,1,880,spatial_sustained,0.5134,False
1957,92,92,1,2,920,spatial_sustained,0.6359,True
1958,92,92,1,3,895,spatial_sustained,0.644,True
1959,92,92,1,2,964,spatial_sustained,0.6,True
1960,93,93,1,1,15,spatial_sustained,0.8368,False
1961,93,93,1,5,60,spatial_sustained,0.7547,True
1962,93,93,1,9,132,spatial_sustained,0.9378,True
1963,93,93,1,1,223,spatial_sustained,0.5639,False
1964,93,93,1,1,226,spatial_sustained,0.6547,False
1965,93,93,1,1,352,spatial_sustained,0.5722,False
1966,93,93,1,1,412,spatial_sustained,0.5077,False
1967,93,93,1,1,430,spatial_sustained,0.8354,False
1968,93,93,1,1,561,spatial_sustained,0.9953,False
1969,93,93,1,9,708,spatial_sustained,0.8698,True
1970,93,93,1,2,734,spatial_sustained,0.6737,True
1971,93,93,1,1,754,spatial_sustained,0.5103,False
1972,93,93,1,1,804,spatial_sustained,0.9178,False
1973,93,93,1,1,860,spatial_sustained,0.6443,False
1974,93,93,1,1,987,spatial_sustained,0.5181,False
1975,93,93,1,2,1007,spatial_sustained,0.5054,True
1976,94,94,1,1,101,spatial_sustained,0.8077,False
1977,94,94,1,1,129,spatial_sustained,0.604,False
1978,94,94,1,1,136,spatial_sustained,0.5179,False
1979,94,94,1,17,202,spatial_sustained,0.8363,True
1980,94,94,1,3,193,spatial_sustained,0.7884,True
1981,94,94,1,1,430,spatial_sustained,0.9334,False
1982,94,94,1,1,561,spatial_sustained,0.9701,False
1983,94,94,1,9,708,spatial_sustained,0.9614,True
1984,94,94,1,1,704,spatial_sustained,0.6501,False
1985,94,94,1,1,767,spatial_sustained,0.5368,False
1986,94,94,1,1,804,spatial_sustained,0.9346,False
1987,94,94,1,1,831,spatial_sustained,0.6798,False
1988,94,94,1,1,927,spatial_sustained,0.6441,False
1989,94,94,1,1,1000,spatial_sustained,0.7483,False
1990,95,95,1,1,66,spatial_sustained,0.6446,False
1991,95,95,1,2,129,spatial_sustained,0.5944,True
1992,95,95,1,17,202,spatial_sustained,0.9036,True
1993,95,95,1,1,321,spatial_sustained,0.7492,False
1994,95,95,1,1,323,spatial_sustained,0.557,False
1995,95,95,1,2,419,spatial_sustained,0.5354,True
1996,95,95,1,1,389,spatial_sustained,0.5005,False
1997,95,95,1,1,561,spatial_sustained,0.936,False
1998,95,95,1,9,599,spatial_sustained,0.9148,True
1999,95,95,1,1,639,spatial_sustained,0.5095,False
2000,95,95,1,9,708,spatial_sustained,0.9837,True
2001,95,95,1,1,756,spatial_sustained,0.5109,False
2002,95,95,1,1,804,spatial_sustained,0.9283,False
2003,95,95,1,1,832,spatial_sustained,0.6949,False
2004,95,95,1,1,893,spatial_sustained,0.5342,False
2005,95,95,1,2,958,spatial_sustained,0.6719,True
2006,95,95,1,2,937,spatial_sustained,0.7311,True
2007,96,96,1,1,23,spatial_sustained,0.541,False
2008,96,96,1,1,27,spatial_sustained,0.8089,False
2009,96,96,1,1,95,spatial_sustained,0.5473,False
2010,96,96,1,17,202,spatial_sustained,0.6367,True
2011,96,96,1,1,166,spatial_sustained,0.509,False
2012,96,96,1,1,191,spatial_sustained,0.553,False
2013,96,96,1,1,255,spatial_sustained,0.6561,False
2014,96,96,1,1,417,spatial_sustained,0.5776,False
2015,96,96,1,9,470,spatial_sustained,0.9487,True
2016,96,96,1,1,451,spatial_sustained,0.6101,False
2017,96,96,1,1,561,spatial_sustained,0.7157,False
2018,96,96,1,9,599,spatial_sustained,0.9915,True
2019,96,96,1,1,672,spatial_sustained,0.5782,False
2020,96,96,1,1,804,spatial_sustained,0.6705,False
2021,96,96,1,1,932,spatial_sustained,0.5212,False
2022,96,96,1,1,1000,spatial_sustained,0.5584,False
2023,97,97,1,1,3,spatial_sustained,0.8199,False
2024,97,97,1,20,203,spatial_sustained,0.6568,True
2025,97,97,1,1,416,spatial_sustained,0.8481,False
2026,97,97,1,9,470,spatial_sustained,0.9971,True
2027,97,97,1,1,561,spatial_sustained,0.7098,False
2028,97,97,1,18,659,spatial_sustained,0.9675,True
2029,97,97,1,1,804,spatial_sustained,0.6453,False
2030,97,97,1,10,934,spatial_sustained,0.9163,True
2031,98,98,1,7,50,spatial_sustained,0.791,True
2032,98,98,1,1,38,spatial_sustained,0.5913,False
2033,98,98,1,1,129,spatial_sustained,0.5153,False
2034,98,98,1,1,192,spatial_sustained,0.8305,False
2035,98,98,1,12,233,spatial_sustained,0.8314,True
2036,98,98,1,1,288,spatial_sustained,0.8185,False
2037,98,98,1,1,334,spatial_sustained,0.5091,False
2038,98,98,1,9,470,spatial_sustained,0.981,True
2039,98,98,1,1,514,spatial_sustained,0.9552,False
2040,98,98,1,18,659,spatial_sustained,0.9783,True
2041,98,98,1,1,608,spatial_sustained,0.5202,False
2042,98,98,1,1,791,spatial_sustained,0.5172,False
2043,98,98,1,1,804,spatial_sustained,0.8722,False
2044,98,98,1,1,812,spatial_sustained,0.5416,False
2045,98,98,1,1,898,spatial_sustained,0.51,False
2046,98,98,1,9,933,spatial_sustained,0.982,True
2047,98,98,1,1,921,spatial_sustained,0.8971,False
2048,98,98,1,1,1009,spatial_sustained,0.5119,False
2049,98,98,1,1,1015,spatial_sustained,0.565,False
2050,98,98,1,1,1022,spatial_sustained,0.5169,False
2051,99,99,1,7,50,spatial_sustained,0.7789,True
2052,99,99,1,4,92,spatial_sustained,0.5195,True
2053,99,99,1,1,96,spatial_sustained,0.6004,False
2054,99,99,1,1,166,spatial_sustained,0.5935,False
2055,99,99,1,9,233,spatial_sustained,0.7456,True
2056,99,99,1,1,260,spatial_sustained,0.5235,False
2057,99,99,1,1,286,spatial_sustained,0.5342,False
2058,99,99,1,1,412,spatial_sustained,0.6299,False
2059,99,99,1,2,449,spatial_sustained,0.7502,True
2060,99,99,1,9,470,spatial_sustained,0.9522,True
2061,99,99,1,1,495,spatial_sustained,0.8177,False
2062,99,99,1,1,514,spatial_sustained,1.0,False
2063,99,99,1,1,559,spatial_sustained,0.6715,False
2064,99,99,1,18,659,spatial_sustained,0.9543,True
2065,99,99,1,1,579,spatial_sustained,0.5046,False
2066,99,99,1,1,708,spatial_sustained,0.7332,False
2067,99,99,1,1,804,spatial_sustained,0.8475,False
2068,99,99,1,1,838,spatial_sustained,0.5056,False
2069,99,99,1,1,921,spatial_sustained,0.9745,False
2070,99,99,1,1,933,spatial_sustained,0.5529,False
2071,99,99,1,1,981,spatial_sustained,0.5333,False
2072,99,99,1,1,983,spatial_sustained,0.5052,False
2073,99,99,1,1,988,spatial_sustained,0.5271,False
2074,99,99,1,1,1008,spatial_sustained,0.5436,False
2075,100,100,1,15,82,spatial_sustained,0.855,True
2076,100,100,1,1,118,spatial_sustained,0.5301,False
2077,100,100,1,1,160,spatial_sustained,0.5202,False
2078,100,100,1,9,212,spatial_sustained,0.9072,True
2079,100,100,1,9,233,spatial_sustained,0.7891,True
2080,100,100,1,3,350,spatial_sustained,0.7513,True
2081,100,100,1,9,407,spatial_sustained,0.8555,True
2082,100,100,1,2,416,spatial_sustained,0.7014,True
2083,100,100,1,3,452,spatial_sustained,0.5334,True
2084,100,100,1,1,491,spatial_sustained,0.8865,False
2085,100,100,1,1,514,spatial_sustained,1.0,False
2086,100,100,1,2,520,spatial_sustained,0.5687,True
2087,100,100,1,1,525,spatial_sustained,0.5065,False
2088,100,100,1,18,659,spatial_sustained,0.9545,True
2089,100,100,1,1,844,spatial_sustained,0.5334,False
2090,100,100,1,1,867,spatial_sustained,0.5352,False
2091,100,100,1,2,921,spatial_sustained,0.7926,True
2092,100,100,1,1,945,spatial_sustained,0.541,False
2093,100,100,1,1,957,spatial_sustained,0.536,False
2094,100,100,1,2,999,spatial_sustained,0.6124,True
2095,100,100,1,1,974,spatial_sustained,0.5841,False
2096,101,101,1,18,82,spatial_sustained,0.844,True
2097,101,101,1,2,53,spatial_sustained,0.5638,True
2098,101,101,1,1,29,spatial_sustained,0.5985,False
2099,101,101,1,1,41,spatial_sustained,0.5077,False
2100,101,101,1,1,88,spatial_sustained,0.5277,False
2101,101,101,1,4,129,spatial_sustained,0.8582,True
2102,101,101,1,9,212,spatial_sustained,0.9634,True
2103,101,101,1,5,259,spatial_sustained,0.6625,True
2104,101,101,1,1,236,spatial_sustained,0.5865,False
2105,101,101,1,1,319,spatial_sustained,0.5196,False
2106,101,101,1,1,356,spatial_sustained,0.5229,False
2107,101,101,1,9,407,spatial_sustained,0.8798,True
2108,101,101,1,1,383,spatial_sustained,0.8209,False
2109,101,101,1,2,448,spatial_sustained,0.7135,True
2110,101,101,1,1,491,spatial_sustained,0.9377,False
2111,101,101,1,21,625,spatial_sustained,0.8669,True
2112,101,101,1,1,514,spatial_sustained,1.0,False
2113,101,101,1,2,579,spatial_sustained,0.565,True
2114,101,101,1,9,747,spatial_sustained,0.8827,True
2115,101,101,1,1,732,spatial_sustained,0.503,False
2116,101,101,1,1,751,spatial_sustained,0.5053,False
2117,101,101,1,6,862,spatial_sustained,0.7019,True
2118,101,101,1,2,899,spatial_sustained,0.5565,True
2119,101,101,1,1,921,spatial_sustained,1.0,False
2120,101,101,1,1,989,spatial_sustained,0.5307,False
2121,101,101,1,1,994,spatial_sustained,0.5857,False
2122,102,102,1,27,117,spatial_sustained,0.8649,True
2123,102,102,1,1,30,spatial_sustained,0.7569,False
2124,102,102,1,1,66,spatial_sustained,0.8349,False
2125,102,102,1,1,69,spatial_sustained,0.5145,False
2126,102,102,1,3,129,spatial_sustained,0.6156,True
2127,102,102,1,1,184,spatial_sustained,0.8767,False
2128,102,102,1,3,350,spatial_sustained,0.706,True
2129,102,102,1,1,385,spatial_sustained,0.5994,False
2130,102,102,1,1,444,spatial_sustained,0.6324,False
2131,102,102,1,1,448,spatial_sustained,0.8181,False
2132,102,102,1,1,491,spatial_sustained,0.9348,False
2133,102,102,1,1,653,spatial_sustained,0.5128,False
2134,102,102,1,12,722,spatial_sustained,0.9107,True
2135,102,102,1,10,748,spatial_sustained,0.8882,True
2136,102,102,1,1,766,spatial_sustained,0.8076,False
2137,102,102,1,1,792,spatial_sustained,0.9447,False
2138,102,102,1,1,796,spatial_sustained,0.5376,False
2139,102,102,1,1,840,spatial_sustained,0.5555,False
2140,102,102,1,3,921,spatial_sustained,0.7539,True
2141,102,102,1,1,895,spatial_sustained,0.8246,False
2142,102,102,1,2,966,spatial_sustained,0.5572,True
2143,102,102,1,5,963,spatial_sustained,0.5966,True
2144,102,102,1,2,976,spatial_sustained,0.537,True
2145,102,102,1,3,979,spatial_sustained,0.5667,True
2146,102,102,1,1,991,spatial_sustained,0.6025,False
2147,103,103,1,1,15,spatial_sustained,0.5065,False
2148,103,103,1,1,27,spatial_sustained,0.8104,False
2149,103,103,1,8,113,spatial_sustained,0.8694,True
2150,103,103,1,10,212,spatial_sustained,0.9245,True
2151,103,103,1,1,161,spatial_sustained,0.8119,False
2152,103,103,1,1,166,spatial_sustained,0.5026,False
2153,103,103,1,1,184,spatial_sustained,0.9821,False
2154,103,103,1,1,351,spatial_sustained,0.5078,False
2155,103,103,1,1,491,spatial_sustained,0.9517,False
2156,103,103,1,2,552,spatial_sustained,0.7347,True
2157,103,103,1,1,566,spatial_sustained,0.5702,False
2158,103,103,1,1,639,spatial_sustained,0.8192,False
2159,103,103,1,9,692,spatial_sustained,0.998,True
2160,103,103,1,2,735,spatial_sustained,0.563,True
2161,103,103,1,1,707,spatial_sustained,0.5909,False
2162,103,103,1,1,792,spatial_sustained,0.9866,False
2163,103,103,1,1,813,spatial_sustained,0.5737,False
2164,103,103,1,1,834,spatial_sustained,0.5464,False
2165,103,103,1,4,919,spatial_sustained,0.8011,True
2166,103,103,1,3,936,spatial_sustained,0.7138,True
2167,103,103,1,1,912,spatial_sustained,0.5495,False
2168,103,103,1,3,933,spatial_sustained,0.6258,True
2169,103,103,1,1,948,spatial_sustained,0.6703,False
2170,103,103,1,2,991,spatial_sustained,0.6629,True
2171,103,103,1,1,960,spatial_sustained,0.8072,False
2172,103,103,1,1,999,spatial_sustained,0.512,False
2173,103,103,1,1,1011,spatial_sustained,0.611,False
2174,104,104,1,1,25,spatial_sustained,0.6573,False
2175,104,104,1,8,113,spatial_sustained,0.9038,True
2176,104,104,1,1,124,spatial_sustained,0.5114,False
2177,104,104,1,1,161,spatial_sustained,0.6034,False
2178,104,104,1,9,212,spatial_sustained,0.9976,True
2179,104,104,1,1,184,spatial_sustained,0.9998,False
2180,104,104,1,1,393,spatial_sustained,0.8787,False
2181,104,104,1,1,410,spatial_sustained,0.5339,False
2182,104,104,1,1,491,spatial_sustained,0.97,False
2183,104,104,1,1,552,spatial_sustained,0.86,False
2184,104,104,1,2,671,spatial_sustained,0.5872,True
2185,104,104,1,1,732,spatial_sustained,0.7948,False
2186,104,104,1,1,792,spatial_sustained,0.9834,False
2187,104,104,1,1,807,spatial_sustained,0.5085,False
2188,104,104,1,1,810,spatial_sustained,0.555,False
2189,104,104,1,2,921,spatial_sustained,0.8445,True
2190,104,104,1,3,956,spatial_sustained,0.5616,True
2191,105,105,1,3,160,spatial_sustained,0.7504,True
2192,105,105,1,9,212,spatial_sustained,0.9981,True
2193,105,105,1,1,184,spatial_sustained,1.0,False
2194,105,105,1,1,224,spatial_sustained,0.8537,False
2195,105,105,1,1,321,spatial_sustained,0.5845,False
2196,105,105,1,1,393,spatial_sustained,0.9675,False
2197,105,105,1,1,447,spatial_sustained,0.5143,False
2198,105,105,1,1,491,spatial_sustained,0.9758,False
2199,105,105,1,11,793,spatial_sustained,0.8799,True
2200,105,105,1,1,810,spatial_sustained,0.6395,False
2201,105,105,1,1,813,spatial_sustained,0.5735,False
2202,105,105,1,3,920,spatial_sustained,0.7743,True
2203,105,105,1,1,912,spatial_sustained,0.5425,False
2204,105,105,1,1,937,spatial_sustained,0.627,False
2205,105,105,1,1,957,spatial_sustained,0.5907,False
2206,105,105,1,1,1003,spatial_sustained,0.8296,False
2207,105,105,1,1,1010,spatial_sustained,0.5024,False
2208,106,106,1,1,12,spatial_sustained,0.5367,False
2209,106,106,1,1,77,spatial_sustained,0.7026,False
2210,106,106,1,2,160,spatial_sustained,0.7363,True
2211,106,106,1,3,163,spatial_sustained,0.689,True
2212,106,106,1,9,212,spatial_sustained,0.9982,True
2213,106,106,1,1,184,spatial_sustained,1.0,False
2214,106,106,1,1,224,spatial_sustained,0.9148,False
2215,106,106,1,1,351,spatial_sustained,0.5816,False
2216,106,106,1,1,393,spatial_sustained,0.9659,False
2217,106,106,1,9,577,spatial_sustained,0.9206,True
2218,106,106,1,1,552,spatial_sustained,0.8611,False
2219,106,106,1,1,708,spatial_sustained,0.5824,False
2220,106,106,1,1,725,spatial_sustained,0.515,False
2221,106,106,1,1,727,spatial_sustained,0.5295,False
2222,106,106,1,26,861,spatial_sustained,0.775,True
2223,106,106,1,2,734,spatial_sustained,0.6615,True
2224,106,106,1,1,737,spatial_sustained,0.561,False
2225,106,106,1,1,772,spatial_sustained,0.5583,False
2226,106,106,1,1,807,spatial_sustained,0.6793,False
2227,106,106,1,1,885,spatial_sustained,0.6078,False
2228,106,106,1,2,939,spatial_sustained,0.5523,True
2229,106,106,1,1,980,spatial_sustained,0.8929,False
2230,106,106,1,1,1005,spatial_sustained,0.5222,False
2231,107,107,1,1,66,spatial_sustained,0.5466,False
2232,107,107,1,1,100,spatial_sustained,0.5364,False
2233,107,107,1,3,129,spatial_sustained,0.5659,True
2234,107,107,1,2,166,spatial_sustained,0.5477,True
2235,107,107,1,9,212,spatial_sustained,0.9971,True
2236,107,107,1,1,184,spatial_sustained,0.5095,False
2237,107,107,1,1,224,spatial_sustained,0.9565,False
2238,107,107,1,1,258,spatial_sustained,0.5167,False
2239,107,107,1,1,287,spatial_sustained,0.5338,False
2240,107,107,1,1,410,spatial_sustained,0.5324,False
2241,107,107,1,12,577,spatial_sustained,0.8574,True
2242,107,107,1,1,529,spatial_sustained,0.5103,False
2243,107,107,1,1,552,spatial_sustained,0.7492,False
2244,107,107,1,1,653,spatial_sustained,0.5146,False
2245,107,107,1,1,670,spatial_sustained,0.5586,False
2246,107,107,1,1,722,spatial_sustained,0.7977,False
2247,107,107,1,9,794,spatial_sustained,0.9864,True
2248,107,107,1,1,812,spatial_sustained,0.5866,False
2249,107,107,1,3,899,spatial_sustained,0.5205,True
2250,107,107,1,2,907,spatial_sustained,0.5049,True
2251,107,107,1,5,945,spatial_sustained,0.5708,True
2252,107,107,1,2,980,spatial_sustained,0.7755,True
2253,107,107,1,1,960,spatial_sustained,0.6409,False
2254,107,107,1,1,985,spatial_sustained,0.5931,False
2255,108,108,1,2,28,spatial_sustained,0.8239,True
2256,108,108,1,1,155,spatial_sustained,0.6244,False
2257,108,108,1,1,160,spatial_sustained,0.9574,False
2258,108,108,1,3,195,spatial_sustained,0.6115,True
2259,108,108,1,1,166,spatial_sustained,0.5868,False
2260,108,108,1,2,225,spatial_sustained,0.8576,True
2261,108,108,1,9,301,spatial_sustained,0.8858,True
2262,108,108,1,1,505,spatial_sustained,0.5255,False
2263,108,108,1,1,508,spatial_sustained,0.511,False
2264,108,108,1,9,577,spatial_sustained,0.9539,True
2265,108,108,1,1,552,spatial_sustained,0.6003,False
2266,108,108,1,1,613,spatial_sustained,0.6872,False
2267,108,108,1,1,668,spatial_sustained,0.5147,False
2268,108,108,1,1,672,spatial_sustained,0.5987,False
2269,108,108,1,1,702,spatial_sustained,0.5373,False
2270,108,108,1,1,764,spatial_sustained,0.5572,False
2271,108,108,1,1,766,spatial_sustained,0.5067,False
2272,108,108,1,4,802,spatial_sustained,0.5804,True
2273,108,108,1,1,810,spatial_sustained,0.5676,False
2274,108,108,1,1,899,spatial_sustained,0.9644,False
2275,108,108,1,3,959,spatial_sustained,0.599,True
2276,108,108,1,1,980,spatial_sustained,0.9871,False
2277,108,108,1,1,999,spatial_sustained,0.5955,False
2278,108,108,1,1,1005,spatial_sustained,0.9057,False
2279,109,109,1,1,93,spatial_sustained,0.5736,False
2280,109,109,1,1,112,spatial_sustained,0.8166,False
2281,109,109,1,2,131,spatial_sustained,0.6478,True
2282,109,109,1,1,160,spatial_sustained,0.7953,False
2283,109,109,1,2,196,spatial_sustained,0.5917,True
2284,109,109,1,1,224,spatial_sustained,0.9668,False
2285,109,109,1,9,301,spatial_sustained,0.9827,True
2286,109,109,1,1,350,spatial_sustained,0.5557,False
2287,109,109,1,1,389,spatial_sustained,0.8922,False
2288,109,109,1,1,419,spatial_sustained,0.5062,False
2289,109,109,1,1,444,spatial_sustained,0.5201,False
2290,109,109,1,1,506,spatial_sustained,0.9106,False
2291,109,109,1,9,577,spatial_sustained,0.9621,True
2292,109,109,1,1,637,spatial_sustained,0.5065,False
2293,109,109,1,1,766,spatial_sustained,0.5886,False
2294,109,109,1,1,812,spatial_sustained,0.5022,False
2295,109,109,1,1,831,spatial_sustained,0.82,False
2296,109,109,1,9,892,spatial_sustained,0.8776,True
2297,109,109,1,1,887,spatial_sustained,0.5264,False
2298,109,109,1,1,897,spatial_sustained,0.5236,False
2299,109,109,1,1,899,spatial_sustained,1.0,False
2300,109,109,1,1,921,spatial_sustained,0.6319,False
2301,109,109,1,1,980,spatial_sustained,0.9828,False
2302,109,109,1,1,985,spatial_sustained,0.5245,False
2303,109,109,1,2,1006,spatial_sustained,0.7453,True
2304,110,110,1,2,27,spatial_sustained,0.7722,True
2305,110,110,1,7,131,spatial_sustained,0.6029,True
2306,110,110,1,1,160,spatial_sustained,0.8733,False
2307,110,110,1,2,225,spatial_sustained,0.8269,True
2308,110,110,1,9,301,spatial_sustained,0.9815,True
2309,110,110,1,1,298,spatial_sustained,0.9429,False
2310,110,110,1,1,389,spatial_sustained,0.9613,False
2311,110,110,1,1,412,spatial_sustained,0.6094,False
2312,110,110,1,1,460,spatial_sustained,0.5809,False
2313,110,110,1,1,506,spatial_sustained,0.9353,False
2314,110,110,1,9,577,spatial_sustained,0.9645,True
2315,110,110,1,3,734,spatial_sustained,0.7406,True
2316,110,110,1,9,892,spatial_sustained,0.948,True
2317,110,110,1,2,919,spatial_sustained,0.587,True
2318,110,110,1,1,899,spatial_sustained,1.0,False
2319,110,110,1,2,936,spatial_sustained,0.6524,True
2320,110,110,1,1,980,spatial_sustained,0.9816,False
2321,110,110,1,1,991,spatial_sustained,0.5288,False
2322,111,111,1,8,131,spatial_sustained,0.9296,True
2323,111,111,1,1,113,spatial_sustained,0.5134,False
2324,111,111,1,1,160,spatial_sustained,0.859,False
2325,111,111,1,1,224,spatial_sustained,0.9899,False
2326,111,111,1,9,301,spatial_sustained,0.9814,True
2327,111,111,1,1,298,spatial_sustained,0.9583,False
2328,111,111,1,1,389,spatial_sustained,0.97,False
2329,111,111,1,1,442,spatial_sustained,0.5842,False
2330,111,111,1,1,495,spatial_sustained,0.8169,False
2331,111,111,1,10,569,spatial_sustained,0.8969,True
2332,111,111,1,1,511,spatial_sustained,0.81,False
2333,111,111,1,1,583,spatial_sustained,0.8916,False
2334,111,111,1,1,767,spatial_sustained,0.819,False
2335,111,111,1,1,825,spatial_sustained,0.5438,False
2336,111,111,1,1,832,spatial_sustained,0.6953,False
2337,111,111,1,9,892,spatial_sustained,0.8119,True
2338,111,111,1,6,931,spatial_sustained,0.8694,True
2339,111,111,1,2,908,spatial_sustained,0.5513,True
2340,111,111,1,2,913,spatial_sustained,0.7294,True
2341,111,111,1,1,980,spatial_sustained,0.9817,False
2342,111,111,1,1,990,spatial_sustained,0.5059,False
2343,112,112,1,1,5,spatial_sustained,0.5012,False
2344,112,112,1,1,16,spatial_sustained,0.815,False
2345,112,112,1,8,131,spatial_sustained,0.98,True
2346,112,112,1,1,134,spatial_sustained,0.5491,False
2347,112,112,1,2,176,spatial_sustained,0.539,True
2348,112,112,1,1,160,spatial_sustained,0.9519,False
2349,112,112,1,1,224,spatial_sustained,1.0,False
2350,112,112,1,10,317,spatial_sustained,0.882,True
2351,112,112,1,1,298,spatial_sustained,0.9467,False
2352,112,112,1,1,389,spatial_sustained,0.9714,False
2353,112,112,1,10,569,spatial_sustained,0.9749,True
2354,112,112,1,1,544,spatial_sustained,0.6249,False
2355,112,112,1,1,583,spatial_sustained,0.9797,False
2356,112,112,1,1,625,spatial_sustained,0.5741,False
2357,112,112,1,2,745,spatial_sustained,0.5146,True
2358,112,112,1,1,753,spatial_sustained,0.5664,False
2359,112,112,1,9,892,spatial_sustained,0.8629,True
2360,112,112,1,3,912,spatial_sustained,0.7329,True
2361,112,112,1,7,931,spatial_sustained,0.8664,True
2362,112,112,1,2,936,spatial_sustained,0.5998,True
2363,112,112,1,3,980,spatial_sustained,0.7388,True
2364,112,112,1,1,959,spatial_sustained,0.575,False
2365,112,112,1,1,1003,spatial_sustained,0.5921,False
2366,113,113,1,1,23,spatial_sustained,0.549,False
2367,113,113,1,1,80,spatial_sustained,0.6786,False
2368,113,113,1,8,131,spatial_sustained,0.9831,True
2369,113,113,1,1,136,spatial_sustained,0.6713,False
2370,113,113,1,9,171,spatial_sustained,0.9648,True
2371,113,113,1,1,232,spatial_sustained,0.532,False
2372,113,113,1,9,316,spatial_sustained,0.9338,True
2373,113,113,1,1,298,spatial_sustained,0.9567,False
2374,113,113,1,1,389,spatial_sustained,0.9732,False
2375,113,113,1,1,419,spatial_sustained,0.5467,False
2376,113,113,1,1,425,spatial_sustained,0.6201,False
2377,113,113,1,10,569,spatial_sustained,0.9786,True
2378,113,113,1,2,561,spatial_sustained,0.5993,True
2379,113,113,1,1,583,spatial_sustained,0.9848,False
2380,113,113,1,1,621,spatial_sustained,0.6461,False
2381,113,113,1,9,697,spatial_sustained,0.8997,True
2382,113,113,1,1,668,spatial_sustained,0.5366,False
2383,113,113,1,1,681,spatial_sustained,0.5236,False
2384,113,113,1,1,734,spatial_sustained,0.8175,False
2385,113,113,1,1,752,spatial_sustained,0.6239,False
2386,113,113,1,11,893,spatial_sustained,0.7807,True
2387,113,113,1,8,930,spatial_sustained,0.8137,True
2388,113,113,1,4,913,spatial_sustained,0.7424,True
2389,113,113,1,1,980,spatial_sustained,0.5813,False
2390,114,114,1,1,38,spatial_sustained,0.8195,False
2391,114,114,1,9,116,spatial_sustained,0.8679,True
2392,114,114,1,13,132,spatial_sustained,0.8899,True
2393,114,114,1,9,171,spatial_sustained,0.9928,True
2394,114,114,1,1,155,spatial_sustained,0.6417,False
2395,114,114,1,9,316,spatial_sustained,0.9331,True
2396,114,114,1,1,359,spatial_sustained,0.5474,False
2397,114,114,1,1,389,spatial_sustained,0.9744,False
2398,114,114,1,1,416,spatial_sustained,0.5025,False
2399,114,114,1,1,433,spatial_sustained,0.5222,False
2400,114,114,1,1,442,spatial_sustained,0.8174,False
2401,114,114,1,1,471,spatial_sustained,0.503,False
2402,114,114,1,1,506,spatial_sustained,0.9233,False
2403,114,114,1,1,567,spatial_sustained,0.5222,False
2404,114,114,1,1,583,spatial_sustained,0.988,False
2405,114,114,1,1,657,spatial_sustained,0.5363,False
2406,114,114,1,9,697,spatial_sustained,0.9607,True
2407,114,114,1,8,931,spatial_sustained,0.8267,True
2408,114,114,1,1,904,spatial_sustained,0.6175,False
2409,114,114,1,1,912,spatial_sustained,0.9959,False
2410,114,114,1,1,955,spatial_sustained,0.5094,False
2411,114,114,1,1,1010,spatial_sustained,0.5002,False
2412,114,114,1,2,1017,spatial_sustained,0.5416,True
2413,115,115,1,1,15,spatial_sustained,0.834,False
2414,115,115,1,1,30,spatial_sustained,0.6753,False
2415,115,115,1,9,116,spatial_sustained,0.9542,True
2416,115,115,1,9,131,spatial_sustained,0.9383,True
2417,115,115,1,9,171,spatial_sustained,0.9917,True
2418,115,115,1,9,316,spatial_sustained,0.9351,True
2419,115,115,1,1,353,spatial_sustained,0.5089,False
2420,115,115,1,1,389,spatial_sustained,0.9761,False
2421,115,115,1,1,583,spatial_sustained,0.9891,False
2422,115,115,1,1,640,spatial_sustained,0.8644,False
2423,115,115,1,9,697,spatial_sustained,0.9739,True
2424,115,115,1,1,860,spatial_sustained,0.5286,False
2425,115,115,1,1,912,spatial_sustained,1.0,False
2426,115,115,1,1,925,spatial_sustained,0.5421,False
2427,115,115,1,1,997,spatial_sustained,0.5454,False
2428,116,116,1,1,20,spatial_sustained,0.6087,False
2429,116,116,1,2,59,spatial_sustained,0.6295,True
2430,116,116,1,9,116,spatial_sustained,0.9755,True
2431,116,116,1,9,131,spatial_sustained,0.9367,True
2432,116,116,1,9,171,spatial_sustained,0.9941,True
2433,116,116,1,9,316,spatial_sustained,0.9349,True
2434,116,116,1,1,389,spatial_sustained,0.9782,False
2435,116,116,1,9,514,spatial_sustained,0.9185,True
2436,116,116,1,1,552,spatial_sustained,0.6544,False
2437,116,116,1,1,640,spatial_sustained,0.9251,False
2438,116,116,1,1,773,spatial_sustained,0.5122,False
2439,116,116,1,8,866,spatial_sustained,0.8934,True
2440,116,116,1,9,904,spatial_sustained,0.8646,True
2441,116,116,1,1,912,spatial_sustained,1.0,False
2442,116,116,1,1,949,spatial_sustained,0.6189,False
2443,116,116,1,1,1014,spatial_sustained,0.5474,False
2444,117,117,1,1,3,spatial_sustained,0.5095,False
2445,117,117,1,2,59,spatial_sustained,0.6956,True
2446,117,117,1,8,131,spatial_sustained,0.9892,True
2447,117,117,1,9,171,spatial_sustained,0.9945,True
2448,117,117,1,16,317,spatial_sustained,0.8968,True
2449,117,117,1,11,513,spatial_sustained,0.927,True
2450,117,117,1,2,496,spatial_sustained,0.5281,True
2451,117,117,1,4,561,spatial_sustained,0.6444,True
2452,117,117,1,1,621,spatial_sustained,0.8109,False
2453,117,117,1,2,657,spatial_sustained,0.5457,True
2454,117,117,1,9,667,spatial_sustained,0.9002,True
2455,117,117,1,1,640,spatial_sustained,0.9753,False
2456,117,117,1,9,865,spatial_sustained,0.9242,True
2457,117,117,1,1,860,spatial_sustained,0.519,False
2458,117,117,1,17,937,spatial_sustained,0.8743,True
2459,117,117,1,1,925,spatial_sustained,0.575,False
2460,117,117,1,1,959,spatial_sustained,0.8272,False
2461,118,118,1,1,0,spatial_sustained,0.8068,False
2462,118,118,1,2,16,spatial_sustained,0.5793,True
2463,118,118,1,1,59,spatial_sustained,0.7419,False
2464,118,118,1,1,134,spatial_sustained,0.5514,False
2465,118,118,1,9,171,spatial_sustained,0.9953,True
2466,118,118,1,15,317,spatial_sustained,0.9232,True
2467,118,118,1,1,321,spatial_sustained,0.6102,False
2468,118,118,1,9,514,spatial_sustained,0.9748,True
2469,118,118,1,7,550,spatial_sustained,0.89,True
2470,118,118,1,1,567,spatial_sustained,0.5452,False
2471,118,118,1,2,595,spatial_sustained,0.5542,True
2472,118,118,1,1,621,spatial_sustained,0.8134,False
2473,118,118,1,9,667,spatial_sustained,0.9376,True
2474,118,118,1,1,640,spatial_sustained,0.9718,False
2475,118,118,1,8,866,spatial_sustained,0.9615,True
2476,118,118,1,2,925,spatial_sustained,0.6155,True
2477,118,118,1,9,970,spatial_sustained,0.9591,True
2478,118,118,1,1,1016,spatial_sustained,0.5139,False
2479,119,119,1,1,15,spatial_sustained,0.7441,False
2480,119,119,1,1,17,spatial_sustained,0.8073,False
2481,119,119,1,1,38,spatial_sustained,0.5844,False
2482,119,119,1,1,59,spatial_sustained,0.762,False
2483,119,119,1,9,171,spatial_sustained,0.9917,True
2484,119,119,1,24,349,spatial_sustained,0.9011,True
2485,119,119,1,1,321,spatial_sustained,0.5617,False
2486,119,119,1,9,514,spatial_sustained,0.9818,True
2487,119,119,1,1,499,spatial_sustained,0.8926,False
2488,119,119,1,7,550,spatial_sustained,0.9946,True
2489,119,119,1,1,621,spatial_sustained,0.8198,False
2490,119,119,1,9,667,spatial_sustained,0.9389,True
2491,119,119,1,1,640,spatial_sustained,0.9705,False
2492,119,119,1,9,865,spatial_sustained,0.9514,True
2493,119,119,1,9,970,spatial_sustained,0.9734,True
2494,119,119,1,9,981,spatial_sustained,0.8393,True
2495,119,119,1,1,990,spatial_sustained,0.6305,False
2496,120,120,1,1,59,spatial_sustained,0.5404,False
2497,120,120,1,9,171,spatial_sustained,0.6597,True
2498,120,120,1,1,180,spatial_sustained,0.5169,False
2499,120,120,1,1,184,spatial_sustained,0.5275,False
2500,120,120,1,1,244,spatial_sustained,0.5305,False
2501,120,120,1,4,333,spatial_sustained,0.5104,True
2502,120,120,1,1,279,spatial_sustained,0.5267,False
2503,120,120,1,28,378,spatial_sustained,0.7981,True
2504,120,120,1,1,372,spatial_sustained,0.5176,False
2505,120,120,1,1,384,spatial_sustained,0.5144,False
2506,120,120,1,4,419,spatial_sustained,0.5117,True
2507,120,120,1,1,429,spatial_sustained,0.5187,False
2508,120,120,1,12,501,spatial_sustained,0.5464,True
2509,120,120,1,18,545,spatial_sustained,0.9452,True
2510,120,120,1,1,499,spatial_sustained,0.7416,False
2511,120,120,1,4,538,spatial_sustained,0.5165,True
2512,120,120,1,1,561,spatial_sustained,0.5094,False
2513,120,120,1,27,728,spatial_sustained,0.5872,True
2514,120,120,1,1,640,spatial_sustained,0.5039,False
2515,120,120,1,1,690,spatial_sustained,0.5032,False
2516,120,120,1,1,725,spatial_sustained,0.5334,False
2517,120,120,1,1,752,spatial_sustained,0.6051,False
2518,120,120,1,1,782,spatial_sustained,0.544,False
2519,120,120,1,1,797,spatial_sustained,0.5077,False
2520,120,120,1,1,810,spatial_sustained,0.5199,False
2521,120,120,1,4,875,spatial_sustained,0.5257,True
2522,120,120,1,2,855,spatial_sustained,0.5249,True
2523,120,120,1,12,896,spatial_sustained,0.8449,True
2524,120,120,1,9,970,spatial_sustained,0.986,True
2525,120,120,1,9,981,spatial_sustained,0.9354,True
2526,121,121,1,1,59,spatial_sustained,0.5287,False
2527,121,121,1,9,244,spatial_sustained,0.9308,True
2528,121,121,1,1,342,spatial_sustained,0.6533,False
2529,121,121,1,9,414,spatial_sustained,0.9553,True
2530,121,121,1,1,400,spatial_sustained,0.8773,False
2531,121,121,1,9,514,spatial_sustained,1.0,True
2532,121,121,1,1,499,spatial_sustained,0.7221,False
2533,121,121,1,7,550,spatial_sustained,1.0,True
2534,121,121,1,10,668,spatial_sustained,0.6869,True
2535,121,121,1,1,782,spatial_sustained,0.5562,False
2536,121,121,1,9,865,spatial_sustained,0.9693,True
2537,121,121,1,9,981,spatial_sustained,0.9232,True
2538,121,121,1,1,1004,spatial_sustained,0.5588,False
2539,122,122,1,1,22,spatial_sustained,0.8766,False
2540,122,122,1,7,68,spatial_sustained,0.8613,True
2541,122,122,1,1,59,spatial_sustained,0.6397,False
2542,122,122,1,1,66,spatial_sustained,0.5459,False
2543,122,122,1,2,116,spatial_sustained,0.6606,True
2544,122,122,1,1,145,spatial_sustained,0.5222,False
2545,122,122,1,9,244,spatial_sustained,0.9951,True
2546,122,122,1,1,342,spatial_sustained,0.8724,False
2547,122,122,1,1,352,spatial_sustained,0.6962,False
2548,122,122,1,9,414,spatial_sustained,0.9603,True
2549,122,122,1,1,400,spatial_sustained,0.9404,False
2550,122,122,1,9,514,spatial_sustained,1.0,True
2551,122,122,1,1,499,spatial_sustained,0.913,False
2552,122,122,1,1,668,spatial_sustained,0.5084,False
2553,122,122,1,1,766,spatial_sustained,0.5703,False
2554,122,122,1,1,782,spatial_sustained,0.7413,False
2555,122,122,1,1,825,spatial_sustained,0.5997,False
2556,122,122,1,9,865,spatial_sustained,0.9701,True
2557,122,122,1,1,912,spatial_sustained,0.5834,False
2558,122,122,1,1,936,spatial_sustained,0.5996,False
2559,122,122,1,9,981,spatial_sustained,0.9598,True
2560,122,122,1,1,1001,spatial_sustained,0.5019,False
2561,122,122,1,1,1007,spatial_sustained,0.6525,False
2562,122,122,1,1,1016,spatial_sustained,0.5127,False
2563,123,123,1,1,22,spatial_sustained,0.9443,False
2564,123,123,1,8,69,spatial_sustained,0.9111,True
2565,123,123,1,1,59,spatial_sustained,0.5609,False
2566,123,123,1,1,73,spatial_sustained,0.5037,False
2567,123,123,1,1,81,spatial_sustained,0.5531,False
2568,123,123,1,1,155,spatial_sustained,0.5811,False
2569,123,123,1,1,166,spatial_sustained,0.5052,False
2570,123,123,1,10,202,spatial_sustained,0.7774,True
2571,123,123,1,1,175,spatial_sustained,0.5409,False
2572,123,123,1,1,196,spatial_sustained,0.6243,False
2573,123,123,1,9,244,spatial_sustained,1.0,True
2574,123,123,1,10,415,spatial_sustained,0.9192,True
2575,123,123,1,1,400,spatial_sustained,0.9576,False
2576,123,123,1,1,442,spatial_sustained,0.8346,False
2577,123,123,1,9,514,spatial_sustained,1.0,True
2578,123,123,1,1,499,spatial_sustained,0.8908,False
2579,123,123,1,1,527,spatial_sustained,0.5142,False
2580,123,123,1,1,561,spatial_sustained,0.5318,False
2581,123,123,1,1,641,spatial_sustained,0.5042,False
2582,123,123,1,2,693,spatial_sustained,0.6206,True
2583,123,123,1,1,675,spatial_sustained,0.6515,False
2584,123,123,1,1,714,spatial_sustained,0.7596,False
2585,123,123,1,1,782,spatial_sustained,0.7028,False
2586,123,123,1,1,799,spatial_sustained,0.6201,False
2587,123,123,1,5,865,spatial_sustained,0.602,True
2588,123,123,1,2,845,spatial_sustained,0.5767,True
2589,123,123,1,1,860,spatial_sustained,0.5115,False
2590,123,123,1,1,935,spatial_sustained,0.6141,False
2591,123,123,1,1,946,spatial_sustained,0.5237,False
2592,123,123,1,9,981,spatial_sustained,0.9624,True
2593,123,123,1,1,999,spatial_sustained,0.643,False
2594,123,123,1,1,1001,spatial_sustained,0.7165,False
2595,124,124,1,1,22,spatial_sustained,0.9481,False
2596,124,124,1,8,69,spatial_sustained,0.9389,True
2597,124,124,1,9,202,spatial_sustained,0.8446,True
2598,124,124,1,9,244,spatial_sustained,1.0,True
2599,124,124,1,1,221,spatial_sustained,0.5242,False
2600,124,124,1,11,413,spatial_sustained,0.9291,True
2601,124,124,1,1,400,spatial_sustained,0.9827,False
2602,124,124,1,1,426,spatial_sustained,0.5568,False
2603,124,124,1,1,499,spatial_sustained,0.8757,False
2604,124,124,1,1,525,spatial_sustained,0.6458,False
2605,124,124,1,3,528,spatial_sustained,0.5406,True
2606,124,124,1,1,550,spatial_sustained,0.5404,False
2607,124,124,1,1,563,spatial_sustained,0.5186,False
2608,124,124,1,1,778,spatial_sustained,0.5443,False
2609,124,124,1,1,782,spatial_sustained,0.8545,False
2610,124,124,1,2,834,spatial_sustained,0.5871,True
2611,124,124,1,2,898,spatial_sustained,0.7492,True
2612,124,124,1,1,902,spatial_sustained,0.9204,False
2613,124,124,1,9,981,spatial_sustained,0.9621,True
2614,124,124,1,3,989,spatial_sustained,0.7032,True
2615,124,124,1,1,985,spatial_sustained,0.6738,False
2616,124,124,1,1,1002,spatial_sustained,0.5474,False
2617,124,124,1,1,1007,spatial_sustained,0.5319,False
2618,125,125,1,1,18,spatial_sustained,0.6837,False
2619,125,125,1,1,23,spatial_sustained,0.7567,False
2620,125,125,1,1,28,spatial_sustained,0.5659,False
2621,125,125,1,1,32,spatial_sustained,0.8084,False
2622,125,125,1,8,69,spatial_sustained,0.911,True
2623,125,125,1,1,62,spatial_sustained,0.5392,False
2624,125,125,1,10,202,spatial_sustained,0.8618,True
2625,125,125,1,1,150,spatial_sustained,0.5017,False
2626,125,125,1,9,244,spatial_sustained,1.0,True
2627,125,125,1,1,222,spatial_sustained,0.5172,False
2628,125,125,1,4,293,spatial_sustained,0.6506,True
2629,125,125,1,10,415,spatial_sustained,0.955,True
2630,125,125,1,1,400,spatial_sustained,0.9935,False
2631,125,125,1,1,420,spatial_sustained,0.6163,False
2632,125,125,1,1,430,spatial_sustained,0.6203,False
2633,125,125,1,2,499,spatial_sustained,0.7449,True
2634,125,125,1,1,505,spatial_sustained,0.5981,False
2635,125,125,1,3,561,spatial_sustained,0.681,True
2636,125,125,1,1,574,spatial_sustained,0.5369,False
2637,125,125,1,8,657,spatial_sustained,0.7814,True
2638,125,125,1,9,795,spatial_sustained,0.9352,True
2639,125,125,1,1,808,spatial_sustained,0.8087,False
2640,125,125,1,10,925,spatial_sustained,0.853,True
2641,125,125,1,2,902,spatial_sustained,0.7526,True
2642,125,125,1,1,917,spatial_sustained,0.669,False
2643,125,125,1,1,940,spatial_sustained,0.5621,False
2644,125,125,1,1,952,spatial_sustained,0.6161,False
2645,125,125,1,1,980,spatial_sustained,0.5576,False
2646,126,126,1,14,130,spatial_sustained,0.8768,True
2647,126,126,1,1,116,spatial_sustained,0.5306,False
2648,126,126,1,1,123,spatial_sustained,0.9277,False
2649,126,126,1,11,202,spatial_sustained,0.8402,True
2650,126,126,1,9,244,spatial_sustained,1.0,True
2651,126,126,1,5,271,spatial_sustained,0.5721,True
2652,126,126,1,1,318,spatial_sustained,0.7488,False
2653,126,126,1,18,477,spatial_sustained,0.8804,True
2654,126,126,1,3,385,spatial_sustained,0.5944,True
2655,126,126,1,1,400,spatial_sustained,0.9959,False
2656,126,126,1,2,483,spatial_sustained,0.5684,True
2657,126,126,1,1,497,spatial_sustained,0.7541,False
2658,126,126,1,1,521,spatial_sustained,0.5211,False
2659,126,126,1,1,544,spatial_sustained,0.513,False
2660,126,126,1,1,559,spatial_sustained,0.7102,False
2661,126,126,1,1,611,spatial_sustained,0.5843,False
2662,126,126,1,2,668,spatial_sustained,0.5868,True
2663,126,126,1,1,653,spatial_sustained,0.5813,False
2664,126,126,1,1,736,spatial_sustained,0.8372,False
2665,126,126,1,1,752,spatial_sustained,0.5267,False
2666,126,126,1,9,795,spatial_sustained,0.9947,True
2667,126,126,1,1,766,spatial_sustained,0.816,False
2668,126,126,1,1,831,spatial_sustained,0.6446,False
2669,126,126,1,1,834,spatial_sustained,0.7089,False
2670,126,126,1,2,902,spatial_sustained,0.7598,True
2671,126,126,1,3,908,spatial_sustained,0.5845,True
2672,126,126,1,9,925,spatial_sustained,0.917,True
2673,126,126,1,1,947,spatial_sustained,0.5473,False
2674,126,126,1,2,982,spatial_sustained,0.5212,True
2675,126,126,1,1,1006,spatial_sustained,0.6543,False
2676,126,126,1,1,1010,spatial_sustained,0.765,False
2677,126,126,1,1,1023,spatial_sustained,0.7732,False
2678,127,127,1,1,26,spatial_sustained,0.8152,False
2679,127,127,1,1,28,spatial_sustained,0.7591,False
2680,127,127,1,7,68,spatial_sustained,0.9732,True
2681,127,127,1,1,123,spatial_sustained,0.9515,False
2682,127,127,1,9,202,spatial_sustained,0.9422,True
2683,127,127,1,1,191,spatial_sustained,0.6636,False
2684,127,127,1,9,244,spatial_sustained,0.9932,True
2685,127,127,1,1,286,spatial_sustained,0.5428,False
2686,127,127,1,2,322,spatial_sustained,0.7323,True
2687,127,127,1,19,447,spatial_sustained,0.8698,True
2688,127,127,1,1,400,spatial_sustained,0.9863,False
2689,127,127,1,1,417,spatial_sustained,0.7,False
2690,127,127,1,10,795,spatial_sustained,0.9495,True
2691,127,127,1,1,768,spatial_sustained,0.5473,False
2692,127,127,1,1,773,spatial_sustained,0.5165,False
2693,127,127,1,3,902,spatial_sustained,0.6833,True
2694,127,127,1,1,880,spatial_sustained,0.7029,False
2695,127,127,1,1,888,spatial_sustained,0.8287,False
2696,127,127,1,10,926,spatial_sustained,0.896,True
2697,127,127,1,1,937,spatial_sustained,0.5638,False
2698,127,127,1,1,1001,spatial_sustained,0.5342,False
2699,127,127,1,1,1004,spatial_sustained,0.5265,False
2700,127,127,1,2,1017,spatial_sustained,0.7157,True
2701,128,128,1,1,25,spatial_sustained,0.6264,False
2702,128,128,1,1,30,spatial_sustained,0.7604,False
2703,128,128,1,1,123,spatial_sustained,0.9617,False
2704,128,128,1,9,202,spatial_sustained,0.9628,True
2705,128,128,1,9,244,spatial_sustained,0.9879,True
2706,128,128,1,1,318,spatial_sustained,0.5838,False
2707,128,128,1,1,322,spatial_sustained,0.9346,False
2708,128,128,1,18,433,spatial_sustained,0.8955,True
2709,128,128,1,1,352,spatial_sustained,0.8366,False
2710,128,128,1,1,367,spatial_sustained,0.8964,False
2711,128,128,1,17,477,spatial_sustained,0.9147,True
2712,128,128,1,1,414,spatial_sustained,0.9723,False
2713,128,128,1,3,736,spatial_sustained,0.7022,True
2714,128,128,1,1,754,spatial_sustained,0.5996,False
2715,128,128,1,9,795,spatial_sustained,0.9981,True
2716,128,128,1,1,888,spatial_sustained,0.7186,False
2717,128,128,1,9,925,spatial_sustained,0.9034,True
2718,128,128,1,1,902,spatial_sustained,0.9791,False
2719,128,128,1,1,998,spatial_sustained,0.5051,False
2720,128,128,1,1,1016,spatial_sustained,0.5874,False
2721,129,129,1,1,34,spatial_sustained,0.5563,False
2722,129,129,1,1,97,spatial_sustained,0.6804,False
2723,129,129,1,1,123,spatial_sustained,0.9608,False
2724,129,129,1,1,161,spatial_sustained,0.8265,False
2725,129,129,1,1,318,spatial_sustained,0.5686,False
2726,129,129,1,1,322,spatial_sustained,0.9556,False
2727,129,129,1,18,433,spatial_sustained,0.9353,True
2728,129,129,1,1,367,spatial_sustained,0.9952,False
2729,129,129,1,8,411,spatial_sustained,0.9765,True
2730,129,129,1,2,415,spatial_sustained,0.9154,True
2731,129,129,1,2,670,spatial_sustained,0.6262,True
2732,129,129,1,3,736,spatial_sustained,0.6543,True
2733,129,129,1,3,766,spatial_sustained,0.6841,True
2734,129,129,1,1,762,spatial_sustained,0.5092,False
2735,129,129,1,1,833,spatial_sustained,0.5824,False
2736,129,129,1,1,896,spatial_sustained,0.861,False
2737,129,129,1,1,951,spatial_sustained,0.5677,False
2738,129,129,1,1,999,spatial_sustained,0.8197,False
2739,129,129,1,1,1013,spatial_sustained,0.7113,False
2740,130,130,1,1,80,spatial_sustained,0.5535,False
2741,130,130,1,1,123,spatial_sustained,0.9637,False
2742,130,130,1,1,166,spatial_sustained,0.5734,False
2743,130,130,1,2,317,spatial_sustained,0.6954,True
2744,130,130,1,18,433,spatial_sustained,0.9505,True
2745,130,130,1,1,367,spatial_sustained,1.0,False
2746,130,130,1,8,411,spatial_sustained,0.9767,True
2747,130,130,1,2,449,spatial_sustained,0.6868,True
2748,130,130,1,1,560,spatial_sustained,0.5749,False
2749,130,130,1,9,656,spatial_sustained,0.946,True
2750,130,130,1,9,732,spatial_sustained,0.5997,True
2751,130,130,1,2,802,spatial_sustained,0.5797,True
2752,130,130,1,1,800,spatial_sustained,0.5449,False
2753,130,130,1,1,822,spatial_sustained,0.9286,False
2754,130,130,1,3,868,spatial_sustained,0.5854,True
2755,130,130,1,1,860,spatial_sustained,0.5246,False
2756,130,130,1,1,990,spatial_sustained,0.558,False
2757,131,131,1,1,123,spatial_sustained,0.986,False
2758,131,131,1,2,163,spatial_sustained,0.5914,True
2759,131,131,1,1,172,spatial_sustained,0.9937,False
2760,131,131,1,1,253,spatial_sustained,0.9244,False
2761,131,131,1,1,257,spatial_sustained,0.5107,False
2762,131,131,1,1,321,spatial_sustained,0.516,False
2763,131,131,1,18,433,spatial_sustained,0.9601,True
2764,131,131,1,10,411,spatial_sustained,0.877,True
2765,131,131,1,1,391,spatial_sustained,0.8917,False
2766,131,131,1,1,481,spatial_sustained,0.5537,False
2767,131,131,1,1,551,spatial_sustained,0.7279,False
2768,131,131,1,1,560,spatial_sustained,0.5169,False
2769,131,131,1,9,656,spatial_sustained,0.962,True
2770,131,131,1,1,703,spatial_sustained,0.5427,False
2771,131,131,1,1,733,spatial_sustained,0.5717,False
2772,131,131,1,1,770,spatial_sustained,0.5176,False
2773,131,131,1,1,822,spatial_sustained,0.9588,False
2774,131,131,1,1,893,spatial_sustained,0.5075,False
2775,131,131,1,1,912,spatial_sustained,0.5943,False
2776,131,131,1,2,951,spatial_sustained,0.522,True
2777,131,131,1,1,955,spatial_sustained,0.6349,False
2778,132,132,1,1,23,spatial_sustained,0.7708,False
2779,132,132,1,1,37,spatial_sustained,0.5138,False
2780,132,132,1,1,65,spatial_sustained,0.6447,False
2781,132,132,1,2,155,spatial_sustained,0.7865,True
2782,132,132,1,6,196,spatial_sustained,0.9494,True
2783,132,132,1,1,172,spatial_sustained,1.0,False
2784,132,132,1,1,253,spatial_sustained,0.9702,False
2785,132,132,1,1,288,spatial_sustained,0.6111,False
2786,132,132,1,18,433,spatial_sustained,0.9692,True
2787,132,132,1,8,411,spatial_sustained,0.9363,True
2788,132,132,1,1,391,spatial_sustained,0.9685,False
2789,132,132,1,1,623,spatial_sustained,0.5445,False
2790,132,132,1,2,657,spatial_sustained,0.565,True
2791,132,132,1,1,665,spatial_sustained,0.6134,False
2792,132,132,1,1,766,spatial_sustained,0.5167,False
2793,132,132,1,1,802,spatial_sustained,0.6505,False
2794,132,132,1,2,855,spatial_sustained,0.7842,True
2795,132,132,1,1,862,spatial_sustained,0.5008,False
2796,132,132,1,1,890,spatial_sustained,0.5689,False
2797,132,132,1,1,936,spatial_sustained,0.5498,False
2798,132,132,1,1,1017,spatial_sustained,0.7443,False
2799,133,133,1,1,0,spatial_sustained,0.7916,False
2800,133,133,1,1,47,spatial_sustained,0.5135,False
2801,133,133,1,1,55,spatial_sustained,0.5274,False
2802,133,133,1,1,111,spatial_sustained,0.5087,False
2803,133,133,1,6,196,spatial_sustained,0.9858,True
2804,133,133,1,1,172,spatial_sustained,1.0,False
2805,133,133,1,1,253,spatial_sustained,0.9529,False
2806,133,133,1,18,433,spatial_sustained,0.9743,True
2807,133,133,1,1,367,spatial_sustained,0.5655,False
2808,133,133,1,13,411,spatial_sustained,0.7937,True
2809,133,133,1,1,391,spatial_sustained,0.9739,False
2810,133,133,1,1,449,spatial_sustained,0.5688,False
2811,133,133,1,9,693,spatial_sustained,0.9288,True
2812,133,133,1,2,766,spatial_sustained,0.5806,True
2813,133,133,1,1,822,spatial_sustained,0.9721,False
2814,133,133,1,9,923,spatial_sustained,0.9152,True
2815,133,133,1,1,917,spatial_sustained,0.5228,False
2816,133,133,1,8,967,spatial_sustained,0.8445,True
2817,133,133,1,2,1006,spatial_sustained,0.55,True
2818,134,134,1,1,58,spatial_sustained,0.5424,False
2819,134,134,1,1,60,spatial_sustained,0.502,False
2820,134,134,1,1,85,spatial_sustained,0.5519,False
2821,134,134,1,8,196,spatial_sustained,0.9378,True
2822,134,134,1,1,172,spatial_sustained,1.0,False
2823,134,134,1,1,253,spatial_sustained,0.9604,False
2824,134,134,1,1,320,spatial_sustained,0.8049,False
2825,134,134,1,8,411,spatial_sustained,0.9417,True
2826,134,134,1,1,391,spatial_sustained,0.9788,False
2827,134,134,1,9,466,spatial_sustained,0.9574,True
2828,134,134,1,9,693,spatial_sustained,0.9993,True
2829,134,134,1,2,799,spatial_sustained,0.636,True
2830,134,134,1,10,887,spatial_sustained,0.8827,True
2831,134,134,1,1,864,spatial_sustained,0.504,False
2832,134,134,1,9,923,spatial_sustained,0.9683,True
2833,134,134,1,9,966,spatial_sustained,0.8656,True
2834,135,135,1,9,40,spatial_sustained,0.8992,True
2835,135,135,1,1,69,spatial_sustained,0.5084,False
2836,135,135,1,1,80,spatial_sustained,0.8082,False
2837,135,135,1,1,128,spatial_sustained,0.5747,False
2838,135,135,1,6,196,spatial_sustained,0.9766,True
2839,135,135,1,1,172,spatial_sustained,1.0,False
2840,135,135,1,2,286,spatial_sustained,0.7526,True
2841,135,135,1,1,391,spatial_sustained,0.9775,False
2842,135,135,1,1,412,spatial_sustained,0.5227,False
2843,135,135,1,1,495,spatial_sustained,0.5492,False
2844,135,135,1,1,752,spatial_sustained,0.9008,False
2845,135,135,1,1,756,spatial_sustained,0.759,False
2846,135,135,1,9,887,spatial_sustained,0.9075,True
2847,135,135,1,9,923,spatial_sustained,0.9136,True
2848,135,135,1,1,894,spatial_sustained,0.5941,False
2849,135,135,1,1,934,spatial_sustained,0.533,False
2850,135,135,1,1,990,spatial_sustained,0.5122,False
2851,136,136,1,9,40,spatial_sustained,0.9736,True
2852,136,136,1,1,84,spatial_sustained,0.5477,False
2853,136,136,1,1,160,spatial_sustained,0.5609,False
2854,136,136,1,6,196,spatial_sustained,0.9823,True
2855,136,136,1,1,172,spatial_sustained,1.0,False
2856,136,136,1,1,253,spatial_sustained,0.9535,False
2857,136,136,1,1,391,spatial_sustained,0.9741,False
2858,136,136,1,1,752,spatial_sustained,0.9534,False
2859,136,136,1,1,756,spatial_sustained,0.8253,False
2860,136,136,1,10,888,spatial_sustained,0.8652,True
2861,136,136,1,9,923,spatial_sustained,0.9395,True
2862,136,136,1,1,927,spatial_sustained,0.8175,False
2863,137,137,1,1,58,spatial_sustained,0.5239,False
2864,137,137,1,1,159,spatial_sustained,0.5167,False
2865,137,137,1,6,196,spatial_sustained,0.9703,True
2866,137,137,1,1,172,spatial_sustained,1.0,False
2867,137,137,1,1,192,spatial_sustained,0.5984,False
2868,137,137,1,1,391,spatial_sustained,0.9755,False
2869,137,137,1,1,462,spatial_sustained,0.5671,False
2870,137,137,1,2,559,spatial_sustained,0.5308,True
2871,137,137,1,9,618,spatial_sustained,0.8893,True
2872,137,137,1,1,734,spatial_sustained,0.7482,False
2873,137,137,1,1,752,spatial_sustained,0.9596,False
2874,137,137,1,1,754,spatial_sustained,0.8148,False
2875,137,137,1,10,876,spatial_sustained,0.8465,True
2876,137,137,1,1,866,spatial_sustained,0.5715,False
2877,137,137,1,9,923,spatial_sustained,0.8957,True
2878,137,137,1,1,949,spatial_sustained,0.5062,False
2879,138,138,1,2,128,spatial_sustained,0.5761,True
2880,138,138,1,1,163,spatial_sustained,0.6837,False
2881,138,138,1,1,209,spatial_sustained,0.9117,False
2882,138,138,1,9,618,spatial_sustained,0.9762,True
2883,138,138,1,1,621,spatial_sustained,0.5038,False
2884,138,138,1,1,657,spatial_sustained,0.6501,False
2885,138,138,1,1,665,spatial_sustained,0.5421,False
2886,138,138,1,1,752,spatial_sustained,0.9771,False
2887,138,138,1,9,848,spatial_sustained,0.881,True
2888,138,138,1,9,875,spatial_sustained,0.9079,True
2889,138,138,1,2,893,spatial_sustained,0.5231,True
2890,138,138,1,1,864,spatial_sustained,0.5187,False
2891,138,138,1,9,934,spatial_sustained,0.899,True
2892,138,138,1,1,955,spatial_sustained,0.5672,False
2893,138,138,1,1,991,spatial_sustained,0.5767,False
2894,139,139,1,1,196,spatial_sustained,0.5663,False
2895,139,139,1,1,209,spatial_sustained,0.9475,False
2896,139,139,1,9,312,spatial_sustained,0.886,True
2897,139,139,1,1,318,spatial_sustained,0.5768,False
2898,139,139,1,9,359,spatial_sustained,0.915,True
2899,139,139,1,9,618,spatial_sustained,0.9843,True
2900,139,139,1,2,626,spatial_sustained,0.5072,True
2901,139,139,1,3,766,spatial_sustained,0.6831,True
2902,139,139,1,9,848,spatial_sustained,0.9354,True
2903,139,139,1,9,875,spatial_sustained,0.923,True
2904,139,139,1,1,892,spatial_sustained,0.7437,False
2905,139,139,1,9,934,spatial_sustained,0.9426,True
2906,140,140,1,1,0,spatial_sustained,0.7719,False
2907,140,140,1,1,16,spatial_sustained,0.5702,False
2908,140,140,1,1,117,spatial_sustained,0.94,False
2909,140,140,1,9,228,spatial_sustained,0.8886,True
2910,140,140,1,1,209,spatial_sustained,0.9484,False
2911,140,140,1,9,312,spatial_sustained,0.98,True
2912,140,140,1,9,359,spatial_sustained,0.9498,True
2913,140,140,1,1,704,spatial_sustained,0.5011,False
2914,140,140,1,9,848,spatial_sustained,0.9289,True
2915,140,140,1,9,875,spatial_sustained,0.943,True
2916,140,140,1,10,934,spatial_sustained,0.9056,True
2917,140,140,1,2,952,spatial_sustained,0.5953,True
2918,140,140,1,2,930,spatial_sustained,0.5942,True
2919,140,140,1,1,1022,spatial_sustained,0.8785,False
2920,141,141,1,1,25,spatial_sustained,0.8808,False
2921,141,141,1,1,101,spatial_sustained,0.8066,False
2922,141,141,1,1,117,spatial_sustained,0.9823,False
2923,141,141,1,9,228,spatial_sustained,0.9379,True
2924,141,141,1,1,209,spatial_sustained,0.9482,False
2925,141,141,1,9,312,spatial_sustained,0.9889,True
2926,141,141,1,9,359,spatial_sustained,0.9506,True
2927,141,141,1,1,500,spatial_sustained,0.5223,False
2928,141,141,1,1,766,spatial_sustained,0.6607,False
2929,141,141,1,9,848,spatial_sustained,0.9373,True
2930,141,141,1,9,875,spatial_sustained,0.9285,True
2931,141,141,1,2,894,spatial_sustained,0.6426,True
2932,141,141,1,1,864,spatial_sustained,0.8905,False
2933,141,141,1,9,934,spatial_sustained,0.9521,True
2934,141,141,1,1,1022,spatial_sustained,0.9657,False
2935,142,142,1,1,25,spatial_sustained,0.9447,False
2936,142,142,1,1,30,spatial_sustained,0.5398,False
2937,142,142,1,1,117,spatial_sustained,0.8731,False
2938,142,142,1,1,129,spatial_sustained,0.5645,False
2939,142,142,1,9,228,spatial_sustained,0.951,True
2940,142,142,1,1,209,spatial_sustained,0.952,False
2941,142,142,1,10,313,spatial_sustained,0.9444,True
2942,142,142,1,9,359,spatial_sustained,0.9497,True
2943,142,142,1,1,332,spatial_sustained,0.503,False
2944,142,142,1,1,412,spatial_sustained,0.6325,False
2945,142,142,1,1,567,spatial_sustained,0.5517,False
2946,142,142,1,9,848,spatial_sustained,0.9425,True
2947,142,142,1,9,875,spatial_sustained,0.9304,True
2948,142,142,1,9,934,spatial_sustained,0.9534,True
2949,142,142,1,9,954,spatial_sustained,0.9083,True
2950,142,142,1,1,1001,spatial_sustained,0.6129,False
2951,142,142,1,1,1003,spatial_sustained,0.781,False
2952,142,142,1,2,1007,spatial_sustained,0.5384,True
2953,142,142,1,1,1022,spatial_sustained,0.9885,False
2954,143,143,1,1,25,spatial_sustained,0.9519,False
2955,143,143,1,1,65,spatial_sustained,0.5424,False
2956,143,143,1,1,69,spatial_sustained,0.5685,False
2957,143,143,1,1,117,spatial_sustained,0.9067,False
2958,143,143,1,9,228,spatial_sustained,0.8339,True
2959,143,143,1,1,209,spatial_sustained,0.956,False
2960,143,143,1,9,312,spatial_sustained,0.9945,True
2961,143,143,1,9,359,spatial_sustained,0.942,True
2962,143,143,1,2,448,spatial_sustained,0.6478,True
2963,143,143,1,2,560,spatial_sustained,0.8222,True
2964,143,143,1,1,551,spatial_sustained,0.8156,False
2965,143,143,1,1,752,spatial_sustained,0.5042,False
2966,143,143,1,1,831,spatial_sustained,0.7667,False
2967,143,143,1,9,875,spatial_sustained,0.944,True
2968,143,143,1,9,934,spatial_sustained,0.9074,True
2969,143,143,1,11,953,spatial_sustained,0.8935,True
2970,143,143,1,1,1012,spatial_sustained,0.7814,False
2971,143,143,1,1,1022,spatial_sustained,0.9876,False
2972,144,144,1,1,25,spatial_sustained,0.9771,False
2973,144,144,1,6,259,spatial_sustained,0.6511,True
2974,144,144,1,1,209,spatial_sustained,0.7104,False
2975,144,144,1,9,312,spatial_sustained,0.9985,True
2976,144,144,1,1,288,spatial_sustained,0.5907,False
2977,144,144,1,2,528,spatial_sustained,0.643,True
2978,144,144,1,1,511,spatial_sustained,0.5674,False
2979,144,144,1,11,874,spatial_sustained,0.6981,True
2980,144,144,1,1,878,spatial_sustained,0.6241,False
2981,144,144,1,9,934,spatial_sustained,0.6245,True
2982,144,144,1,9,954,spatial_sustained,0.9774,True
2983,144,144,1,1,927,spatial_sustained,0.5743,False
2984,144,144,1,1,1022,spatial_sustained,0.9967,False
2985,145,145,1,1,25,spatial_sustained,0.574,False
2986,145,145,1,3,60,spatial_sustained,0.5322,True
2987,145,145,1,1,36,spatial_sustained,0.5222,False
2988,145,145,1,1,41,spatial_sustained,0.5008,False
2989,145,145,1,387,559,spatial_sustained,0.5746,True
2990,145,145,1,1,104,spatial_sustained,0.8411,False
2991,145,145,1,6,259,spatial_sustained,0.6174,True
2992,145,145,1,3,233,spatial_sustained,0.5174,True
2993,145,145,1,1,298,spatial_sustained,0.5093,False
2994,145,145,1,1,391,spatial_sustained,0.5402,False
2995,145,145,1,1,640,spatial_sustained,0.5043,False
2996,145,145,1,1,642,spatial_sustained,0.5129,False
2997,145,145,1,1,644,spatial_sustained,0.5074,False
2998,145,145,1,4,738,spatial_sustained,0.5138,True
2999,145,145,1,1,708,spatial_sustained,0.5099,False
3000,145,145,1,4,832,spatial_sustained,0.5315,True
3001,145,145,1,1,805,spatial_sustained,0.507,False
3002,145,145,1,1,856,spatial_sustained,0.5508,False
3003,145,145,1,1,902,spatial_sustained,0.5448,False
3004,145,145,1,3,965,spatial_sustained,0.5174,True
3005,145,145,1,3,1021,spatial_sustained,0.6861,True
3006,146,146,1,1,104,spatial_sustained,0.8784,False
3007,146,146,1,1,116,spatial_sustained,0.5245,False
3008,146,146,1,6,259,spatial_sustained,0.8686,True
3009,146,146,1,10,312,spatial_sustained,0.984,True
3010,146,146,1,1,351,spatial_sustained,0.5338,False
3011,146,146,1,1,352,spatial_sustained,0.5233,False
3012,146,146,1,1,394,spatial_sustained,0.8949,False
3013,146,146,1,1,451,spatial_sustained,0.6509,False
3014,146,146,1,1,528,spatial_sustained,0.7136,False
3015,146,146,1,2,552,spatial_sustained,0.8252,True
3016,146,146,1,2,794,spatial_sustained,0.5612,True
3017,146,146,1,1,808,spatial_sustained,0.646,False
3018,146,146,1,11,907,spatial_sustained,0.938,True
3019,146,146,1,1,864,spatial_sustained,0.9,False
3020,146,146,1,1,898,spatial_sustained,0.5891,False
3021,146,146,1,9,954,spatial_sustained,0.8445,True
3022,147,147,1,1,26,spatial_sustained,0.8277,False
3023,147,147,1,1,104,spatial_sustained,0.8825,False
3024,147,147,1,1,155,spatial_sustained,0.7346,False
3025,147,147,1,2,227,spatial_sustained,0.5681,True
3026,147,147,1,4,278,spatial_sustained,0.5936,True
3027,147,147,1,1,373,spatial_sustained,0.5365,False
3028,147,147,1,1,394,spatial_sustained,0.9699,False
3029,147,147,1,1,528,spatial_sustained,0.748,False
3030,147,147,1,1,544,spatial_sustained,0.7254,False
3031,147,147,1,1,612,spatial_sustained,0.9012,False
3032,147,147,1,1,674,spatial_sustained,0.513,False
3033,147,147,1,1,723,spatial_sustained,0.583,False
3034,147,147,1,1,732,spatial_sustained,0.8831,False
3035,147,147,1,1,749,spatial_sustained,0.539,False
3036,147,147,1,1,766,spatial_sustained,0.6612,False
3037,147,147,1,1,768,spatial_sustained,0.5368,False
3038,147,147,1,7,805,spatial_sustained,0.5525,True
3039,147,147,1,2,826,spatial_sustained,0.549,True
3040,147,147,1,1,810,spatial_sustained,0.5699,False
3041,147,147,1,10,908,spatial_sustained,0.9797,True
3042,147,147,1,17,955,spatial_sustained,0.8508,True
3043,147,147,1,2,948,spatial_sustained,0.5298,True
3044,147,147,1,2,967,spatial_sustained,0.5267,True
3045,147,147,1,2,995,spatial_sustained,0.6591,True
3046,147,147,1,1,1008,spatial_sustained,0.5454,False
3047,148,148,1,2,36,spatial_sustained,0.6784,True
3048,148,148,1,1,57,spatial_sustained,0.5034,False
3049,148,148,1,1,59,spatial_sustained,0.5267,False
3050,148,148,1,1,102,spatial_sustained,0.6459,False
3051,148,148,1,1,104,spatial_sustained,0.8821,False
3052,148,148,1,1,366,spatial_sustained,0.5556,False
3053,148,148,1,1,394,spatial_sustained,1.0,False
3054,148,148,1,1,525,spatial_sustained,0.577,False
3055,148,148,1,2,552,spatial_sustained,0.6016,True
3056,148,148,1,2,612,spatial_sustained,0.7583,True
3057,148,148,1,1,656,spatial_sustained,0.5943,False
3058,148,148,1,1,732,spatial_sustained,0.9741,False
3059,148,148,1,1,735,spatial_sustained,0.8098,False
3060,148,148,1,1,772,spatial_sustained,0.5965,False
3061,148,148,1,3,873,spatial_sustained,0.6045,True
3062,148,148,1,22,912,spatial_sustained,0.8981,True
3063,148,148,1,19,954,spatial_sustained,0.837,True
3064,148,148,1,1,958,spatial_sustained,0.5159,False
3065,148,148,1,1,960,spatial_sustained,0.818,False
3066,149,149,1,1,0,spatial_sustained,0.5428,False
3067,149,149,1,1,83,spatial_sustained,0.5281,False
3068,149,149,1,1,100,spatial_sustained,0.5941,False
3069,149,149,1,2,149,spatial_sustained,0.6635,True
3070,149,149,1,1,120,spatial_sustained,0.7266,False
3071,149,149,1,1,160,spatial_sustained,0.6859,False
3072,149,149,1,1,197,spatial_sustained,0.5039,False
3073,149,149,1,3,227,spatial_sustained,0.7562,True
3074,149,149,1,1,231,spatial_sustained,0.5316,False
3075,149,149,1,1,240,spatial_sustained,0.6828,False
3076,149,149,1,1,394,spatial_sustained,1.0,False
3077,149,149,1,1,448,spatial_sustained,0.5441,False
3078,149,149,1,5,559,spatial_sustained,0.7999,True
3079,149,149,1,1,552,spatial_sustained,0.5646,False
3080,149,149,1,3,611,spatial_sustained,0.6865,True
3081,149,149,1,10,657,spatial_sustained,0.8846,True
3082,149,149,1,1,732,spatial_sustained,1.0,False
3083,149,149,1,1,831,spatial_sustained,0.6863,False
3084,149,149,1,19,909,spatial_sustained,0.9806,True
3085,149,149,1,18,956,spatial_sustained,0.8814,True
3086,149,149,1,3,902,spatial_sustained,0.5716,True
3087,149,149,1,1,959,spatial_sustained,0.7585,False
3088,150,150,1,1,17,spatial_sustained,0.8054,False
3089,150,150,1,1,112,spatial_sustained,0.5747,False
3090,150,150,1,9,169,spatial_sustained,0.9041,True
3091,150,150,1,2,195,spatial_sustained,0.684,True
3092,150,150,1,8,290,spatial_sustained,0.8131,True
3093,150,150,1,1,276,spatial_sustained,0.9518,False
3094,150,150,1,1,286,spatial_sustained,0.6252,False
3095,150,150,1,9,362,spatial_sustained,0.8753,True
3096,150,150,1,1,417,spatial_sustained,0.511,False
3097,150,150,1,16,626,spatial_sustained,0.9442,True
3098,150,150,1,1,612,spatial_sustained,1.0,False
3099,150,150,1,1,732,spatial_sustained,1.0,False
3100,150,150,1,1,752,spatial_sustained,0.6567,False
3101,150,150,1,1,767,spatial_sustained,0.8139,False
3102,150,150,1,1,832,spatial_sustained,0.6377,False
3103,150,150,1,20,909,spatial_sustained,0.9664,True
3104,150,150,1,3,925,spatial_sustained,0.5547,True
3105,150,150,1,11,984,spatial_sustained,0.8979,True
3106,150,150,1,2,929,spatial_sustained,0.5976,True
3107,150,150,1,1,933,spatial_sustained,0.5287,False
3108,150,150,1,2,1004,spatial_sustained,0.5509,True
3109,150,150,1,1,1010,spatial_sustained,0.5292,False
3110,151,151,1,1,14,spatial_sustained,0.507,False
3111,151,151,1,1,16,spatial_sustained,0.5192,False
3112,151,151,1,1,102,spatial_sustained,0.8052,False
3113,151,151,1,1,112,spatial_sustained,0.8383,False
3114,151,151,1,9,169,spatial_sustained,0.9782,True
3115,151,151,1,1,176,spatial_sustained,0.5098,False
3116,151,151,1,1,191,spatial_sustained,0.8021,False
3117,151,151,1,8,290,spatial_sustained,0.8876,True
3118,151,151,1,1,276,spatial_sustained,0.9997,False
3119,151,151,1,9,362,spatial_sustained,0.9041,True
3120,151,151,1,1,417,spatial_sustained,0.5999,False
3121,151,151,1,1,496,spatial_sustained,0.5048,False
3122,151,151,1,17,625,spatial_sustained,0.9406,True
3123,151,151,1,1,590,spatial_sustained,0.8821,False
3124,151,151,1,1,612,spatial_sustained,1.0,False
3125,151,151,1,9,759,spatial_sustained,0.9234,True
3126,151,151,1,1,768,spatial_sustained,0.5386,False
3127,151,151,1,2,860,spatial_sustained,0.6436,True
3128,151,151,1,23,908,spatial_sustained,0.9747,True
3129,151,151,1,2,888,spatial_sustained,0.693,True
3130,151,151,1,3,929,spatial_sustained,0.5507,True
3131,151,151,1,9,984,spatial_sustained,0.9006,True
3132,151,151,1,1,1004,spatial_sustained,0.813,False
3133,152,152,1,1,14,spatial_sustained,0.8862,False
3134,152,152,1,1,112,spatial_sustained,0.6447,False
3135,152,152,1,9,169,spatial_sustained,0.9875,True
3136,152,152,1,1,161,spatial_sustained,0.6145,False
3137,152,152,1,8,290,spatial_sustained,0.9146,True
3138,152,152,1,1,276,spatial_sustained,1.0,False
3139,152,152,1,9,362,spatial_sustained,0.937,True
3140,152,152,1,1,508,spatial_sustained,0.5672,False
3141,152,152,1,16,626,spatial_sustained,0.9689,True
3142,152,152,1,1,590,spatial_sustained,0.9311,False
3143,152,152,1,1,612,spatial_sustained,0.993,False
3144,152,152,1,9,759,spatial_sustained,0.9836,True
3145,152,152,1,1,740,spatial_sustained,0.9492,False
3146,152,152,1,1,754,spatial_sustained,0.6035,False
3147,152,152,1,3,861,spatial_sustained,0.5261,True
3148,152,152,1,16,909,spatial_sustained,0.9802,True
3149,152,152,1,9,984,spatial_sustained,0.8853,True
3150,153,153,1,1,0,spatial_sustained,0.7451,False
3151,153,153,1,1,14,spatial_sustained,0.9282,False
3152,153,153,1,1,27,spatial_sustained,0.7377,False
3153,153,153,1,9,169,spatial_sustained,0.9817,True
3154,153,153,1,8,290,spatial_sustained,0.9316,True
3155,153,153,1,1,276,spatial_sustained,1.0,False
3156,153,153,1,9,362,spatial_sustained,0.9486,True
3157,153,153,1,1,370,spatial_sustained,0.5158,False
3158,153,153,1,1,380,spatial_sustained,0.5013,False
3159,153,153,1,2,461,spatial_sustained,0.9123,True
3160,153,153,1,1,445,spatial_sustained,0.5711,False
3161,153,153,1,1,508,spatial_sustained,0.5012,False
3162,153,153,1,1,590,spatial_sustained,0.9586,False
3163,153,153,1,1,612,spatial_sustained,0.9887,False
3164,153,153,1,9,657,spatial_sustained,0.9998,True
3165,153,153,1,9,759,spatial_sustained,0.9844,True
3166,153,153,1,1,736,spatial_sustained,0.5047,False
3167,153,153,1,1,740,spatial_sustained,0.9824,False
3168,153,153,1,16,909,spatial_sustained,0.9824,True
3169,153,153,1,1,905,spatial_sustained,0.5937,False
3170,153,153,1,1,948,spatial_sustained,0.5042,False
3171,153,153,1,9,984,spatial_sustained,0.9136,True
3172,154,154,1,1,27,spatial_sustained,0.8169,False
3173,154,154,1,1,97,spatial_sustained,0.5353,False
3174,154,154,1,9,169,spatial_sustained,0.9816,True
3175,154,154,1,2,163,spatial_sustained,0.6568,True
3176,154,154,1,1,236,spatial_sustained,0.5882,False
3177,154,154,1,1,254,spatial_sustained,0.5046,False
3178,154,154,1,1,321,spatial_sustained,0.5128,False
3179,154,154,1,3,430,spatial_sustained,0.8204,True
3180,154,154,1,1,512,spatial_sustained,0.5345,False
3181,154,154,1,1,601,spatial_sustained,0.5009,False
3182,154,154,1,9,657,spatial_sustained,1.0,True
3183,154,154,1,17,728,spatial_sustained,0.9644,True
3184,154,154,1,1,678,spatial_sustained,0.5141,False
3185,154,154,1,3,740,spatial_sustained,0.6889,True
3186,154,154,1,1,808,spatial_sustained,0.8144,False
3187,154,154,1,1,832,spatial_sustained,0.5352,False
3188,154,154,1,18,910,spatial_sustained,0.9556,True
3189,154,154,1,1,851,spatial_sustained,0.5195,False
3190,154,154,1,1,853,spatial_sustained,0.5497,False
3191,154,154,1,1,897,spatial_sustained,0.5163,False
3192,154,154,1,2,936,spatial_sustained,0.6254,True
3193,154,154,1,9,984,spatial_sustained,0.9177,True
3194,154,154,1,1,1008,spatial_sustained,0.6232,False
3195,154,154,1,1,1010,spatial_sustained,0.5073,False
3196,155,155,1,1,9,spatial_sustained,0.5207,False
3197,155,155,1,2,37,spatial_sustained,0.6367,True
3198,155,155,1,1,109,spatial_sustained,0.5292,False
3199,155,155,1,9,169,spatial_sustained,0.9779,True
3200,155,155,1,1,163,spatial_sustained,0.7783,False
3201,155,155,1,1,370,spatial_sustained,0.516,False
3202,155,155,1,2,461,spatial_sustained,0.9734,True
3203,155,155,1,1,481,spatial_sustained,0.5197,False
3204,155,155,1,1,559,spatial_sustained,0.5319,False
3205,155,155,1,9,658,spatial_sustained,0.5348,True
3206,155,155,1,17,728,spatial_sustained,0.9825,True
3207,155,155,1,1,736,spatial_sustained,0.5118,False
3208,155,155,1,1,740,spatial_sustained,0.9851,False
3209,155,155,1,1,832,spatial_sustained,0.5644,False
3210,155,155,1,17,909,spatial_sustained,0.9631,True
3211,155,155,1,2,897,spatial_sustained,0.5623,True
3212,155,155,1,5,902,spatial_sustained,0.6289,True
3213,155,155,1,1,953,spatial_sustained,0.5176,False
3214,155,155,1,1,998,spatial_sustained,0.5045,False
3215,156,156,1,1,30,spatial_sustained,0.547,False
3216,156,156,1,1,32,spatial_sustained,0.807,False
3217,156,156,1,1,66,spatial_sustained,0.5385,False
3218,156,156,1,1,92,spatial_sustained,0.5941,False
3219,156,156,1,4,195,spatial_sustained,0.6575,True
3220,156,156,1,1,282,spatial_sustained,0.9012,False
3221,156,156,1,1,414,spatial_sustained,0.6261,False
3222,156,156,1,2,461,spatial_sustained,0.9795,True
3223,156,156,1,1,479,spatial_sustained,0.5397,False
3224,156,156,1,2,497,spatial_sustained,0.5526,True
3225,156,156,1,21,697,spatial_sustained,0.8855,True
3226,156,156,1,2,766,spatial_sustained,0.6883,True
3227,156,156,1,1,740,spatial_sustained,0.9868,False
3228,156,156,1,9,878,spatial_sustained,0.9851,True
3229,156,156,1,1,858,spatial_sustained,0.6779,False
3230,156,156,1,3,894,spatial_sustained,0.6033,True
3231,156,156,1,1,868,spatial_sustained,0.6617,False
3232,156,156,1,1,923,spatial_sustained,0.7632,False
3233,156,156,1,1,1010,spatial_sustained,0.7371,False
3234,157,157,1,1,14,spatial_sustained,0.5094,False
3235,157,157,1,1,69,spatial_sustained,0.5843,False
3236,157,157,1,3,99,spatial_sustained,0.6097,True
3237,157,157,1,1,163,spatial_sustained,0.6084,False
3238,157,157,1,1,257,spatial_sustained,0.5981,False
3239,157,157,1,1,282,spatial_sustained,0.9822,False
3240,157,157,1,1,318,spatial_sustained,0.6533,False
3241,157,157,1,1,352,spatial_sustained,0.5872,False
3242,157,157,1,2,444,spatial_sustained,0.5612,True
3243,157,157,1,1,416,spatial_sustained,0.827,False
3244,157,157,1,1,419,spatial_sustained,0.5892,False
3245,157,157,1,2,461,spatial_sustained,0.9812,True
3246,157,157,1,1,442,spatial_sustained,0.513,False
3247,157,157,1,1,479,spatial_sustained,0.7249,False
3248,157,157,1,2,560,spatial_sustained,0.5312,True
3249,157,157,1,19,696,spatial_sustained,0.955,True
3250,157,157,1,1,740,spatial_sustained,0.9871,False
3251,157,157,1,1,766,spatial_sustained,0.5219,False
3252,157,157,1,10,827,spatial_sustained,0.8886,True
3253,157,157,1,1,868,spatial_sustained,0.5325,False
3254,157,157,1,1,948,spatial_sustained,0.5428,False
3255,157,157,1,3,952,spatial_sustained,0.6365,True
3256,157,157,1,1,993,spatial_sustained,0.521,False
3257,157,157,1,1,999,spatial_sustained,0.8187,False
3258,158,158,1,1,20,spatial_sustained,0.6348,False
3259,158,158,1,1,163,spatial_sustained,0.6971,False
3260,158,158,1,1,282,spatial_sustained,0.9792,False
3261,158,158,1,1,312,spatial_sustained,0.5389,False
3262,158,158,1,2,412,spatial_sustained,0.5657,True
3263,158,158,1,1,416,spatial_sustained,0.8304,False
3264,158,158,1,3,461,spatial_sustained,0.8601,True
3265,158,158,1,1,511,spatial_sustained,0.7904,False
3266,158,158,1,18,696,spatial_sustained,0.9538,True
3267,158,158,1,9,826,spatial_sustained,0.9878,True
3268,158,158,1,9,867,spatial_sustained,0.8947,True
3269,158,158,1,1,924,spatial_sustained,0.6774,False
3270,158,158,1,1,944,spatial_sustained,0.5157,False
3271,158,158,1,1,962,spatial_sustained,0.5171,False
3272,158,158,1,1,1001,spatial_sustained,0.5503,False
3273,159,159,1,7,50,spatial_sustained,0.881,True
3274,159,159,1,2,26,spatial_sustained,0.6138,True
3275,159,159,1,2,64,spatial_sustained,0.8067,True
3276,159,159,1,1,84,spatial_sustained,0.6431,False
3277,159,159,1,2,195,spatial_sustained,0.7183,True
3278,159,159,1,1,282,spatial_sustained,0.9758,False
3279,159,159,1,1,319,spatial_sustained,0.5014,False
3280,159,159,1,1,461,spatial_sustained,0.9816,False
3281,159,159,1,1,551,spatial_sustained,0.7644,False
3282,159,159,1,1,623,spatial_sustained,0.5068,False
3283,159,159,1,1,651,spatial_sustained,0.9924,False
3284,159,159,1,19,762,spatial_sustained,0.9554,True
3285,159,159,1,1,672,spatial_sustained,0.9273,False
3286,159,159,1,1,722,spatial_sustained,0.6166,False
3287,159,159,1,1,791,spatial_sustained,0.5102,False
3288,159,159,1,8,868,spatial_sustained,0.9568,True
3289,159,159,1,1,920,spatial_sustained,0.553,False
3290,159,159,1,1,927,spatial_sustained,0.5883,False
3291,159,159,1,1,1017,spatial_sustained,0.5843,False
3292,160,160,1,1,3,spatial_sustained,0.5439,False
3293,160,160,1,6,50,spatial_sustained,0.9469,True
3294,160,160,1,1,150,spatial_sustained,0.6653,False
3295,160,160,1,2,246,spatial_sustained,0.5547,True
3296,160,160,1,1,282,spatial_sustained,0.9764,False
3297,160,160,1,1,416,spatial_sustained,0.5366,False
3298,160,160,1,1,444,spatial_sustained,0.7101,False
3299,160,160,1,1,461,spatial_sustained,0.9835,False
3300,160,160,1,1,530,spatial_sustained,0.5284,False
3301,160,160,1,9,578,spatial_sustained,0.909,True
3302,160,160,1,4,624,spatial_sustained,0.5613,True
3303,160,160,1,1,651,spatial_sustained,1.0,False
3304,160,160,1,9,705,spatial_sustained,0.9073,True
3305,160,160,1,1,766,spatial_sustained,0.5708,False
3306,160,160,1,9,826,spatial_sustained,1.0,True
3307,160,160,1,10,897,spatial_sustained,0.8895,True
3308,160,160,1,1,942,spatial_sustained,0.5273,False
3309,160,160,1,1,992,spatial_sustained,0.5522,False
3310,160,160,1,2,995,spatial_sustained,0.5505,True
3311,161,161,1,7,49,spatial_sustained,0.9015,True
3312,161,161,1,1,38,spatial_sustained,0.5044,False
3313,161,161,1,1,102,spatial_sustained,0.6896,False
3314,161,161,1,2,160,spatial_sustained,0.5829,True
3315,161,161,1,1,130,spatial_sustained,0.6753,False
3316,161,161,1,1,155,spatial_sustained,0.7612,False
3317,161,161,1,1,318,spatial_sustained,0.6397,False
3318,161,161,1,1,380,spatial_sustained,0.6752,False
3319,161,161,1,9,425,spatial_sustained,0.8689,True
3320,161,161,1,1,444,spatial_sustained,0.6983,False
3321,161,161,1,1,462,spatial_sustained,0.5836,False
3322,161,161,1,3,561,spatial_sustained,0.6045,True
3323,161,161,1,9,578,spatial_sustained,0.9634,True
3324,161,161,1,1,651,spatial_sustained,1.0,False
3325,161,161,1,1,668,spatial_sustained,0.5234,False
3326,161,161,1,9,705,spatial_sustained,0.973,True
3327,161,161,1,9,826,spatial_sustained,0.9988,True
3328,161,161,1,8,868,spatial_sustained,0.9342,True
3329,161,161,1,9,910,spatial_sustained,0.9373,True
3330,161,161,1,1,893,spatial_sustained,0.5629,False
3331,161,161,1,1,896,spatial_sustained,0.5535,False
3332,161,161,1,1,985,spatial_sustained,0.5678,False
3333,162,162,1,1,0,spatial_sustained,0.5967,False
3334,162,162,1,7,50,spatial_sustained,0.9045,True
3335,162,162,1,1,28,spatial_sustained,0.8286,False
3336,162,162,1,1,42,spatial_sustained,0.5441,False
3337,162,162,1,1,124,spatial_sustained,0.5033,False
3338,162,162,1,5,192,spatial_sustained,0.763,True
3339,162,162,1,1,131,spatial_sustained,0.5299,False
3340,162,162,1,1,134,spatial_sustained,0.6348,False
3341,162,162,1,9,425,spatial_sustained,0.9395,True
3342,162,162,1,1,412,spatial_sustained,0.5231,False
3343,162,162,1,1,416,spatial_sustained,0.6992,False
3344,162,162,1,1,497,spatial_sustained,0.5326,False
3345,162,162,1,9,578,spatial_sustained,0.9733,True
3346,162,162,1,1,639,spatial_sustained,0.5118,False
3347,162,162,1,1,651,spatial_sustained,1.0,False
3348,162,162,1,1,665,spatial_sustained,0.5801,False
3349,162,162,1,9,705,spatial_sustained,0.9821,True
3350,162,162,1,9,826,spatial_sustained,0.9978,True
3351,162,162,1,1,800,spatial_sustained,0.5114,False
3352,162,162,1,10,911,spatial_sustained,0.9345,True
3353,162,162,1,1,921,spatial_sustained,0.5091,False
3354,162,162,1,1,1010,spatial_sustained,0.5071,False
3355,162,162,1,1,1014,spatial_sustained,0.7599,False
3356,163,163,1,6,50,spatial_sustained,0.9477,True
3357,163,163,1,2,66,spatial_sustained,0.5669,True
3358,163,163,1,2,133,spatial_sustained,0.6669,True
3359,163,163,1,2,129,spatial_sustained,0.6718,True
3360,163,163,1,1,196,spatial_sustained,0.6638,False
3361,163,163,1,1,321,spatial_sustained,0.6001,False
3362,163,163,1,9,425,spatial_sustained,0.9353,True
3363,163,163,1,1,416,spatial_sustained,0.8425,False
3364,163,163,1,9,578,spatial_sustained,0.9746,True
3365,163,163,1,2,562,spatial_sustained,0.5413,True
3366,163,163,1,1,651,spatial_sustained,1.0,False
3367,163,163,1,9,705,spatial_sustained,0.9836,True
3368,163,163,1,9,910,spatial_sustained,0.9826,True
3369,163,163,1,1,925,spatial_sustained,0.5247,False
3370,163,163,1,1,988,spatial_sustained,0.5795,False
3371,164,164,1,1,0,spatial_sustained,0.7798,False
3372,164,164,1,7,50,spatial_sustained,0.9196,True
3373,164,164,1,1,30,spatial_sustained,0.5064,False
3374,164,164,1,2,131,spatial_sustained,0.6037,True
3375,164,164,1,1,150,spatial_sustained,0.523,False
3376,164,164,1,1,160,spatial_sustained,0.508,False
3377,164,164,1,1,318,spatial_sustained,0.666,False
3378,164,164,1,1,345,spatial_sustained,0.6157,False
3379,164,164,1,1,412,spatial_sustained,0.5546,False
3380,164,164,1,1,449,spatial_sustained,0.5637,False
3381,164,164,1,9,578,spatial_sustained,0.974,True
3382,164,164,1,1,651,spatial_sustained,1.0,False
3383,164,164,1,1,736,spatial_sustained,0.5991,False
3384,164,164,1,1,828,spatial_sustained,0.9412,False
3385,164,164,1,9,910,spatial_sustained,0.984,True
3386,164,164,1,1,901,spatial_sustained,0.5088,False
3387,164,164,1,1,925,spatial_sustained,0.6198,False
3388,165,165,1,2,16,spatial_sustained,0.6313,True
3389,165,165,1,1,81,spatial_sustained,0.6061,False
3390,165,165,1,1,96,spatial_sustained,0.581,False
3391,165,165,1,1,101,spatial_sustained,0.8054,False
3392,165,165,1,2,282,spatial_sustained,0.6048,True
3393,165,165,1,2,353,spatial_sustained,0.5315,True
3394,165,165,1,1,451,spatial_sustained,0.5353,False
3395,165,165,1,9,578,spatial_sustained,0.9739,True
3396,165,165,1,1,552,spatial_sustained,0.599,False
3397,165,165,1,8,837,spatial_sustained,0.8887,True
3398,165,165,1,1,828,spatial_sustained,0.99,False
3399,165,165,1,1,937,spatial_sustained,0.7856,False
3400,165,165,1,1,942,spatial_sustained,0.6156,False
3401,165,165,1,2,987,spatial_sustained,0.6517,True
3402,165,165,1,1,962,spatial_sustained,0.7196,False
3403,165,165,1,1,971,spatial_sustained,0.5093,False
3404,166,166,1,1,66,spatial_sustained,0.5224,False
3405,166,166,1,1,112,spatial_sustained,0.5289,False
3406,166,166,1,2,151,spatial_sustained,0.7611,True
3407,166,166,1,1,155,spatial_sustained,0.7576,False
3408,166,166,1,1,161,spatial_sustained,0.7885,False
3409,166,166,1,9,239,spatial_sustained,0.9144,True
3410,166,166,1,1,288,spatial_sustained,0.5553,False
3411,166,166,1,1,357,spatial_sustained,0.5011,False
3412,166,166,1,2,391,spatial_sustained,0.5819,True
3413,166,166,1,1,462,spatial_sustained,0.5255,False
3414,166,166,1,9,578,spatial_sustained,0.9742,True
3415,166,166,1,1,703,spatial_sustained,0.5994,False
3416,166,166,1,8,837,spatial_sustained,0.9828,True
3417,166,166,1,1,828,spatial_sustained,0.9899,False
3418,166,166,1,2,890,spatial_sustained,0.6522,True
3419,166,166,1,1,937,spatial_sustained,0.6576,False
3420,166,166,1,2,989,spatial_sustained,0.5199,True
3421,166,166,1,1,992,spatial_sustained,0.5744,False
3422,167,167,1,1,25,spatial_sustained,0.5571,False
3423,167,167,1,1,102,spatial_sustained,0.8153,False
3424,167,167,1,1,151,spatial_sustained,0.9758,False
3425,167,167,1,9,239,spatial_sustained,0.9342,True
3426,167,167,1,2,293,spatial_sustained,0.5291,True
3427,167,167,1,1,383,spatial_sustained,0.6657,False
3428,167,167,1,1,495,spatial_sustained,0.5272,False
3429,167,167,1,9,578,spatial_sustained,0.9779,True
3430,167,167,1,1,754,spatial_sustained,0.5054,False
3431,167,167,1,1,828,spatial_sustained,0.9883,False
3432,167,167,1,2,864,spatial_sustained,0.5378,True
3433,167,167,1,1,883,spatial_sustained,0.9027,False
3434,167,167,1,1,895,spatial_sustained,0.6435,False
3435,167,167,1,1,935,spatial_sustained,0.5076,False
3436,167,167,1,1,939,spatial_sustained,0.5486,False
3437,168,168,1,1,7,spatial_sustained,0.5195,False
3438,168,168,1,11,48,spatial_sustained,0.6147,True
3439,168,168,1,1,34,spatial_sustained,0.5917,False
3440,168,168,1,2,37,spatial_sustained,0.626,True
3441,168,168,1,2,73,spatial_sustained,0.5434,True
3442,168,168,1,5,87,spatial_sustained,0.5432,True
3443,168,168,1,2,95,spatial_sustained,0.6194,True
3444,168,168,1,1,151,spatial_sustained,0.9915,False
3445,168,168,1,1,155,spatial_sustained,0.7242,False
3446,168,168,1,2,223,spatial_sustained,0.7388,True
3447,168,168,1,9,239,spatial_sustained,0.6921,True
3448,168,168,1,1,277,spatial_sustained,0.9494,False
3449,168,168,1,1,403,spatial_sustained,0.8736,False
3450,168,168,1,1,442,spatial_sustained,0.5702,False
3451,168,168,1,1,452,spatial_sustained,0.5271,False
3452,168,168,1,1,552,spatial_sustained,0.6079,False
3453,168,168,1,1,558,spatial_sustained,0.8769,False
3454,168,168,1,1,560,spatial_sustained,0.7463,False
3455,168,168,1,1,594,spatial_sustained,0.514,False
3456,168,168,1,1,640,spatial_sustained,0.6106,False
3457,168,168,1,1,772,spatial_sustained,0.5047,False
3458,168,168,1,2,778,spatial_sustained,0.5551,True
3459,168,168,1,1,828,spatial_sustained,0.989,False
3460,168,168,1,3,865,spatial_sustained,0.5533,True
3461,168,168,1,6,868,spatial_sustained,0.5647,True
3462,168,168,1,1,883,spatial_sustained,0.7191,False
3463,168,168,1,1,892,spatial_sustained,0.6439,False
3464,168,168,1,1,991,spatial_sustained,0.6577,False
3465,168,168,1,1,994,spatial_sustained,0.7093,False
3466,168,168,1,1,1017,spatial_sustained,0.6495,False
3467,169,169,1,9,239,spatial_sustained,0.6712,True
3468,169,169,1,1,277,spatial_sustained,1.0,False
3469,169,169,1,1,334,spatial_sustained,0.8768,False
3470,169,169,1,1,403,spatial_sustained,0.939,False
3471,169,169,1,9,532,spatial_sustained,0.8853,True
3472,169,169,1,1,558,spatial_sustained,0.9706,False
3473,169,169,1,9,694,spatial_sustained,0.6928,True
3474,169,169,1,1,883,spatial_sustained,0.7048,False
3475,170,170,1,1,21,spatial_sustained,0.5274,False
3476,170,170,1,1,28,spatial_sustained,0.7453,False
3477,170,170,1,1,118,spatial_sustained,0.6185,False
3478,170,170,1,1,155,spatial_sustained,0.5021,False
3479,170,170,1,1,277,spatial_sustained,1.0,False
3480,170,170,1,4,356,spatial_sustained,0.5838,True
3481,170,170,1,1,334,spatial_sustained,0.9435,False
3482,170,170,1,1,403,spatial_sustained,0.9649,False
3483,170,170,1,1,442,spatial_sustained,0.8105,False
3484,170,170,1,9,532,spatial_sustained,0.9873,True
3485,170,170,1,1,525,spatial_sustained,0.5573,False
3486,170,170,1,1,547,spatial_sustained,0.635,False
3487,170,170,1,2,613,spatial_sustained,0.6538,True
3488,170,170,1,10,695,spatial_sustained,0.8764,True
3489,170,170,1,1,672,spatial_sustained,0.5583,False
3490,170,170,1,2,708,spatial_sustained,0.6782,True
3491,170,170,1,1,828,spatial_sustained,0.5236,False
3492,170,170,1,1,857,spatial_sustained,0.5066,False
3493,170,170,1,1,865,spatial_sustained,0.6133,False
3494,170,170,1,2,949,spatial_sustained,0.8545,True
3495,170,170,1,2,993,spatial_sustained,0.6577,True
3496,170,170,1,2,1019,spatial_sustained,0.6137,True
3497,170,170,1,1,1000,spatial_sustained,0.5314,False
3498,171,171,1,1,28,spatial_sustained,0.8312,False
3499,171,171,1,1,81,spatial_sustained,0.8947,False
3500,171,171,1,3,116,spatial_sustained,0.6698,True
3501,171,171,1,1,136,spatial_sustained,0.5427,False
3502,171,171,1,3,195,spatial_sustained,0.8159,True
3503,171,171,1,1,286,spatial_sustained,0.8335,False
3504,171,171,1,1,334,spatial_sustained,0.9617,False
3505,171,171,1,1,357,spatial_sustained,0.517,False
3506,171,171,1,1,403,spatial_sustained,0.9819,False
3507,171,171,1,1,410,spatial_sustained,0.5832,False
3508,171,171,1,1,412,spatial_sustained,0.8976,False
3509,171,171,1,1,460,spatial_sustained,0.6173,False
3510,171,171,1,1,495,spatial_sustained,0.7242,False
3511,171,171,1,9,532,spatial_sustained,1.0,True
3512,171,171,1,1,506,spatial_sustained,0.5139,False
3513,171,171,1,1,511,spatial_sustained,0.5719,False
3514,171,171,1,1,613,spatial_sustained,0.5045,False
3515,171,171,1,10,695,spatial_sustained,0.8697,True
3516,171,171,1,1,707,spatial_sustained,0.6018,False
3517,171,171,1,2,832,spatial_sustained,0.5564,True
3518,171,171,1,2,924,spatial_sustained,0.5565,True
3519,171,171,1,2,936,spatial_sustained,0.6917,True
3520,171,171,1,1,917,spatial_sustained,0.6374,False
3521,171,171,1,1,961,spatial_sustained,0.6436,False
3522,171,171,1,2,1007,spatial_sustained,0.5629,True
3523,171,171,1,1,1001,spatial_sustained,0.6,False
3524,172,172,1,1,16,spatial_sustained,0.8128,False
3525,172,172,1,1,18,spatial_sustained,0.6277,False
3526,172,172,1,1,27,spatial_sustained,0.8388,False
3527,172,172,1,14,134,spatial_sustained,0.8068,True
3528,172,172,1,1,81,spatial_sustained,0.939,False
3529,172,172,1,1,98,spatial_sustained,0.855,False
3530,172,172,1,2,187,spatial_sustained,0.5536,True
3531,172,172,1,2,190,spatial_sustained,0.6898,True
3532,172,172,1,1,334,spatial_sustained,0.982,False
3533,172,172,1,1,352,spatial_sustained,0.5482,False
3534,172,172,1,1,394,spatial_sustained,0.5183,False
3535,172,172,1,1,403,spatial_sustained,0.9555,False
3536,172,172,1,1,442,spatial_sustained,0.5739,False
3537,172,172,1,16,532,spatial_sustained,0.8763,True
3538,172,172,1,9,525,spatial_sustained,0.9047,True
3539,172,172,1,9,694,spatial_sustained,0.902,True
3540,172,172,1,2,707,spatial_sustained,0.8965,True
3541,172,172,1,1,704,spatial_sustained,0.5669,False
3542,172,172,1,1,721,spatial_sustained,0.5714,False
3543,172,172,1,1,732,spatial_sustained,0.5101,False
3544,172,172,1,1,830,spatial_sustained,0.6937,False
3545,172,172,1,1,842,spatial_sustained,0.5013,False
3546,172,172,1,1,884,spatial_sustained,0.5775,False
3547,172,172,1,1,923,spatial_sustained,0.6289,False
3548,172,172,1,2,974,spatial_sustained,0.5264,True
3549,172,172,1,1,950,spatial_sustained,0.6535,False
3550,172,172,1,1,959,spatial_sustained,0.5304,False
3551,172,172,1,1,989,spatial_sustained,0.5452,False
3552,172,172,1,1,1015,spatial_sustained,0.8321,False
3553,173,173,1,2,27,spatial_sustained,0.8348,True
3554,173,173,1,1,29,spatial_sustained,0.7341,False
3555,173,173,1,1,41,spatial_sustained,0.5234,False
3556,173,173,1,1,81,spatial_sustained,0.949,False
3557,173,173,1,1,83,spatial_sustained,0.8926,False
3558,173,173,1,9,136,spatial_sustained,0.964,True
3559,173,173,1,1,215,spatial_sustained,0.6213,False
3560,173,173,1,2,258,spatial_sustained,0.7425,True
3561,173,173,1,3,244,spatial_sustained,0.5165,True
3562,173,173,1,1,254,spatial_sustained,0.6606,False
3563,173,173,1,1,334,spatial_sustained,0.9834,False
3564,173,173,1,1,383,spatial_sustained,0.776,False
3565,173,173,1,1,403,spatial_sustained,0.926,False
3566,173,173,1,1,410,spatial_sustained,0.858,False
3567,173,173,1,2,420,spatial_sustained,0.54,True
3568,173,173,1,1,429,spatial_sustained,0.5064,False
3569,173,173,1,1,438,spatial_sustained,0.5108,False
3570,173,173,1,37,557,spatial_sustained,0.8521,True
3571,173,173,1,1,575,spatial_sustained,0.5081,False
3572,173,173,1,2,670,spatial_sustained,0.6135,True
3573,173,173,1,10,695,spatial_sustained,0.8815,True
3574,173,173,1,1,674,spatial_sustained,1.0,False
3575,173,173,1,2,762,spatial_sustained,0.7276,True
3576,173,173,1,1,772,spatial_sustained,0.8351,False
3577,173,173,1,1,809,spatial_sustained,0.5508,False
3578,173,173,1,2,858,spatial_sustained,0.6094,True
3579,173,173,1,1,830,spatial_sustained,0.659,False
3580,173,173,1,3,901,spatial_sustained,0.7528,True
3581,173,173,1,1,1000,spatial_sustained,0.5973,False
3582,174,174,1,14,134,spatial_sustained,0.8606,True
3583,174,174,1,1,66,spatial_sustained,0.6456,False
3584,174,174,1,1,81,spatial_sustained,0.9529,False
3585,174,174,1,3,84,spatial_sustained,0.7123,True
3586,174,174,1,1,129,spatial_sustained,0.8478,False
3587,174,174,1,2,144,spatial_sustained,0.6238,True
3588,174,174,1,4,196,spatial_sustained,0.6706,True
3589,174,174,1,2,255,spatial_sustained,0.6036,True
3590,174,174,1,1,274,spatial_sustained,0.5229,False
3591,174,174,1,1,318,spatial_sustained,0.6215,False
3592,174,174,1,1,321,spatial_sustained,0.8339,False
3593,174,174,1,1,334,spatial_sustained,0.9943,False
3594,174,174,1,1,378,spatial_sustained,0.5519,False
3595,174,174,1,1,387,spatial_sustained,0.5348,False
3596,174,174,1,1,403,spatial_sustained,0.9632,False
3597,174,174,1,2,433,spatial_sustained,0.5703,True
3598,174,174,1,2,479,spatial_sustained,0.6456,True
3599,174,174,1,1,448,spatial_sustained,0.8148,False
3600,174,174,1,1,474,spatial_sustained,0.6034,False
3601,174,174,1,9,525,spatial_sustained,0.9847,True
3602,174,174,1,9,532,spatial_sustained,1.0,True
3603,174,174,1,2,570,spatial_sustained,0.5146,True
3604,174,174,1,2,637,spatial_sustained,0.6697,True
3605,174,174,1,9,694,spatial_sustained,0.9549,True
3606,174,174,1,1,674,spatial_sustained,1.0,False
3607,174,174,1,2,690,spatial_sustained,0.5364,True
3608,174,174,1,1,762,spatial_sustained,0.5029,False
3609,174,174,1,1,772,spatial_sustained,0.8124,False
3610,174,174,1,16,903,spatial_sustained,0.6851,True
3611,174,174,1,1,810,spatial_sustained,0.5942,False
3612,174,174,1,2,864,spatial_sustained,0.7146,True
3613,174,174,1,1,835,spatial_sustained,0.5653,False
3614,174,174,1,1,861,spatial_sustained,0.5038,False
3615,174,174,1,3,908,spatial_sustained,0.596,True
3616,174,174,1,1,912,spatial_sustained,0.6628,False
3617,174,174,1,1,922,spatial_sustained,0.5779,False
3618,174,174,1,1,924,spatial_sustained,0.5088,False
3619,174,174,1,1,926,spatial_sustained,0.7037,False
3620,174,174,1,1,1004,spatial_sustained,0.8187,False
3621,175,175,1,2,1,spatial_sustained,0.6667,True
3622,175,175,1,18,103,spatial_sustained,0.9505,True
3623,175,175,1,1,37,spatial_sustained,0.5497,False
3624,175,175,1,1,81,spatial_sustained,0.9564,False
3625,175,175,1,1,83,spatial_sustained,0.9699,False
3626,175,175,1,2,286,spatial_sustained,0.5927,True
3627,175,175,1,1,341,spatial_sustained,0.5111,False
3628,175,175,1,4,382,spatial_sustained,0.6035,True
3629,175,175,1,1,403,spatial_sustained,0.9985,False
3630,175,175,1,2,444,spatial_sustained,0.6059,True
3631,175,175,1,2,417,spatial_sustained,0.6826,True
3632,175,175,1,9,525,spatial_sustained,0.9866,True
3633,175,175,1,9,532,spatial_sustained,0.9962,True
3634,175,175,1,9,694,spatial_sustained,0.9765,True
3635,175,175,1,9,739,spatial_sustained,0.919,True
3636,175,175,1,2,829,spatial_sustained,0.5647,True
3637,175,175,1,1,831,spatial_sustained,0.605,False
3638,175,175,1,11,873,spatial_sustained,0.7619,True
3639,175,175,1,3,908,spatial_sustained,0.6563,True
3640,175,175,1,2,957,spatial_sustained,0.6224,True
3641,175,175,1,1,933,spatial_sustained,0.6397,False
3642,175,175,1,1,999,spatial_sustained,0.5119,False
3643,175,175,1,1,1003,spatial_sustained,0.8405,False
3644,175,175,1,1,1017,spatial_sustained,0.6164,False
3645,176,176,1,3,37,spatial_sustained,0.6971,True
3646,176,176,1,9,41,spatial_sustained,0.978,True
3647,176,176,1,1,83,spatial_sustained,0.9924,False
3648,176,176,1,5,163,spatial_sustained,0.5587,True
3649,176,176,1,1,128,spatial_sustained,0.5047,False
3650,176,176,1,9,198,spatial_sustained,0.9131,True
3651,176,176,1,2,224,spatial_sustained,0.7061,True
3652,176,176,1,3,373,spatial_sustained,0.6087,True
3653,176,176,1,1,416,spatial_sustained,0.8579,False
3654,176,176,1,1,438,spatial_sustained,0.9035,False
3655,176,176,1,9,525,spatial_sustained,0.9979,True
3656,176,176,1,9,694,spatial_sustained,0.9856,True
3657,176,176,1,1,670,spatial_sustained,0.7531,False
3658,176,176,1,9,739,spatial_sustained,0.9869,True
3659,176,176,1,1,732,spatial_sustained,0.5782,False
3660,176,176,1,1,767,spatial_sustained,0.5139,False
3661,176,176,1,10,873,spatial_sustained,0.8015,True
3662,176,176,1,1,862,spatial_sustained,0.5483,False
3663,176,176,1,10,989,spatial_sustained,0.8039,True
3664,177,177,1,9,41,spatial_sustained,0.9791,True
3665,177,177,1,1,16,spatial_sustained,0.7222,False
3666,177,177,1,1,34,spatial_sustained,0.5943,False
3667,177,177,1,1,83,spatial_sustained,0.9901,False
3668,177,177,1,9,198,spatial_sustained,0.9581,True
3669,177,177,1,2,374,spatial_sustained,0.7099,True
3670,177,177,1,1,416,spatial_sustained,0.7664,False
3671,177,177,1,1,438,spatial_sustained,0.9901,False
3672,177,177,1,1,479,spatial_sustained,0.5387,False
3673,177,177,1,9,525,spatial_sustained,0.9977,True
3674,177,177,1,17,708,spatial_sustained,0.9756,True
3675,177,177,1,2,734,spatial_sustained,0.5759,True
3676,177,177,1,1,831,spatial_sustained,0.6332,False
3677,177,177,1,8,903,spatial_sustained,0.8968,True
3678,177,177,1,2,858,spatial_sustained,0.5551,True
3679,177,177,1,1,860,spatial_sustained,0.6027,False
3680,177,177,1,5,1015,spatial_sustained,0.6038,True
3681,177,177,1,8,989,spatial_sustained,0.8572,True
3682,177,177,1,1,961,spatial_sustained,0.5117,False
3683,178,178,1,1,0,spatial_sustained,0.7616,False
3684,178,178,1,9,41,spatial_sustained,0.974,True
3685,178,178,1,1,65,spatial_sustained,0.5318,False
3686,178,178,1,2,84,spatial_sustained,0.7637,True
3687,178,178,1,1,99,spatial_sustained,0.5737,False
3688,178,178,1,1,102,spatial_sustained,0.5118,False
3689,178,178,1,3,160,spatial_sustained,0.6216,True
3690,178,178,1,2,195,spatial_sustained,0.7135,True
3691,178,178,1,9,198,spatial_sustained,0.9956,True
3692,178,178,1,1,218,spatial_sustained,0.8995,False
3693,178,178,1,1,221,spatial_sustained,0.6384,False
3694,178,178,1,1,255,spatial_sustained,0.8206,False
3695,178,178,1,1,318,spatial_sustained,0.5657,False
3696,178,178,1,2,374,spatial_sustained,0.6596,True
3697,178,178,1,1,432,spatial_sustained,0.8696,False
3698,178,178,1,1,438,spatial_sustained,0.987,False
3699,178,178,1,9,525,spatial_sustained,0.9984,True
3700,178,178,1,1,560,spatial_sustained,0.5582,False
3701,178,178,1,17,708,spatial_sustained,0.9836,True
3702,178,178,1,1,732,spatial_sustained,0.5541,False
3703,178,178,1,3,865,spatial_sustained,0.7058,True
3704,178,178,1,10,872,spatial_sustained,0.8524,True
3705,178,178,1,22,985,spatial_sustained,0.8722,True
3706,178,178,1,1,860,spatial_sustained,0.5492,False
3707,179,179,1,9,41,spatial_sustained,0.9729,True
3708,179,179,1,1,85,spatial_sustained,0.6669,False
3709,179,179,1,1,89,spatial_sustained,0.8874,False
3710,179,179,1,1,96,spatial_sustained,0.5356,False
3711,179,179,1,1,112,spatial_sustained,0.5598,False
3712,179,179,1,2,156,spatial_sustained,0.6073,True
3713,179,179,1,4,195,spatial_sustained,0.8333,True
3714,179,179,1,9,198,spatial_sustained,0.997,True
3715,179,179,1,1,218,spatial_sustained,0.9807,False
3716,179,179,1,1,432,spatial_sustained,0.9357,False
3717,179,179,1,1,438,spatial_sustained,0.983,False
3718,179,179,1,9,525,spatial_sustained,0.9985,True
3719,179,179,1,22,738,spatial_sustained,0.8806,True
3720,179,179,1,1,670,spatial_sustained,0.7333,False
3721,179,179,1,1,735,spatial_sustained,0.6687,False
3722,179,179,1,10,872,spatial_sustained,0.8377,True
3723,179,179,1,17,987,spatial_sustained,0.9446,True
3724,179,179,1,3,962,spatial_sustained,0.7118,True
3725,179,179,1,3,1007,spatial_sustained,0.7441,True
3726,180,180,1,1,26,spatial_sustained,0.7773,False
3727,180,180,1,1,89,spatial_sustained,0.9769,False
3728,180,180,1,1,131,spatial_sustained,0.555,False
3729,180,180,1,9,198,spatial_sustained,0.999,True
3730,180,180,1,1,218,spatial_sustained,0.9821,False
3731,180,180,1,1,227,spatial_sustained,0.6207,False
3732,180,180,1,2,350,spatial_sustained,0.7118,True
3733,180,180,1,3,448,spatial_sustained,0.7474,True
3734,180,180,1,1,432,spatial_sustained,0.9598,False
3735,180,180,1,1,438,spatial_sustained,0.9825,False
3736,180,180,1,1,497,spatial_sustained,0.6852,False
3737,180,180,1,1,511,spatial_sustained,0.5715,False
3738,180,180,1,2,552,spatial_sustained,0.8109,True
3739,180,180,1,25,739,spatial_sustained,0.9682,True
3740,180,180,1,7,723,spatial_sustained,0.9084,True
3741,180,180,1,1,701,spatial_sustained,0.5063,False
3742,180,180,1,2,767,spatial_sustained,0.7131,True
3743,180,180,1,1,810,spatial_sustained,0.5014,False
3744,180,180,1,7,873,spatial_sustained,0.9387,True
3745,180,180,1,1,858,spatial_sustained,0.5299,False
3746,180,180,1,1,888,spatial_sustained,0.6473,False
3747,180,180,1,1,895,spatial_sustained,0.8201,False
3748,180,180,1,18,987,spatial_sustained,0.9485,True
3749,180,180,1,1,928,spatial_sustained,0.522,False
3750,180,180,1,1,942,spatial_sustained,0.5088,False
3751,180,180,1,1,944,spatial_sustained,0.5962,False
3752,180,180,1,1,1005,spatial_sustained,0.552,False
3753,181,181,1,1,17,spatial_sustained,0.5385,False
3754,181,181,1,1,24,spatial_sustained,0.5777,False
3755,181,181,1,1,26,spatial_sustained,0.5501,False
3756,181,181,1,1,28,spatial_sustained,0.5212,False
3757,181,181,1,1,65,spatial_sustained,0.6886,False
3758,181,181,1,2,117,spatial_sustained,0.6134,True
3759,181,181,1,1,89,spatial_sustained,0.9829,False
3760,181,181,1,5,195,spatial_sustained,0.756,True
3761,181,181,1,1,218,spatial_sustained,0.9866,False
3762,181,181,1,1,432,spatial_sustained,0.9764,False
3763,181,181,1,1,438,spatial_sustained,0.9846,False
3764,181,181,1,1,442,spatial_sustained,0.8103,False
3765,181,181,1,1,449,spatial_sustained,0.5065,False
3766,181,181,1,1,511,spatial_sustained,0.5888,False
3767,181,181,1,1,552,spatial_sustained,0.7006,False
3768,181,181,1,9,598,spatial_sustained,0.9392,True
3769,181,181,1,25,739,spatial_sustained,0.9888,True
3770,181,181,1,2,671,spatial_sustained,0.6322,True
3771,181,181,1,7,723,spatial_sustained,0.9822,True
3772,181,181,1,1,766,spatial_sustained,0.5996,False
3773,181,181,1,9,872,spatial_sustained,0.8567,True
3774,181,181,1,11,987,spatial_sustained,0.8974,True
3775,181,181,1,1,957,spatial_sustained,0.7279,False
3776,181,181,1,3,972,spatial_sustained,0.5379,True
3777,181,181,1,1,1010,spatial_sustained,0.6018,False
3778,182,182,1,1,85,spatial_sustained,0.5242,False
3779,182,182,1,1,89,spatial_sustained,0.9869,False
3780,182,182,1,2,160,spatial_sustained,0.5229,True
3781,182,182,1,1,218,spatial_sustained,0.9872,False
3782,182,182,1,1,321,spatial_sustained,0.5263,False
3783,182,182,1,1,432,spatial_sustained,0.9825,False
3784,182,182,1,1,438,spatial_sustained,0.9857,False
3785,182,182,1,1,511,spatial_sustained,0.6812,False
3786,182,182,1,9,598,spatial_sustained,0.9631,True
3787,182,182,1,25,739,spatial_sustained,0.9897,True
3788,182,182,1,1,767,spatial_sustained,0.6443,False
3789,182,182,1,1,807,spatial_sustained,0.9022,False
3790,182,182,1,1,809,spatial_sustained,0.5536,False
3791,182,182,1,1,871,spatial_sustained,1.0,False
3792,182,182,1,1,888,spatial_sustained,0.8389,False
3793,182,182,1,1,942,spatial_sustained,0.5288,False
3794,182,182,1,9,986,spatial_sustained,0.9865,True
3795,183,183,1,1,28,spatial_sustained,0.7012,False
3796,183,183,1,1,89,spatial_sustained,0.9858,False
3797,183,183,1,1,111,spatial_sustained,0.5634,False
3798,183,183,1,5,163,spatial_sustained,0.7651,True
3799,183,183,1,1,133,spatial_sustained,0.7095,False
3800,183,183,1,1,218,spatial_sustained,0.9861,False
3801,183,183,1,2,414,spatial_sustained,0.582,True
3802,183,183,1,1,416,spatial_sustained,0.7779,False
3803,183,183,1,1,432,spatial_sustained,0.9787,False
3804,183,183,1,1,438,spatial_sustained,0.9856,False
3805,183,183,1,1,495,spatial_sustained,0.7913,False
3806,183,183,1,1,511,spatial_sustained,0.704,False
3807,183,183,1,9,598,spatial_sustained,0.9653,True
3808,183,183,1,2,767,spatial_sustained,0.6491,True
3809,183,183,1,1,773,spatial_sustained,0.5431,False
3810,183,183,1,2,808,spatial_sustained,0.8989,True
3811,183,183,1,1,871,spatial_sustained,0.978,False
3812,183,183,1,10,987,spatial_sustained,0.9482,True
3813,184,184,1,1,4,spatial_sustained,0.691,False
3814,184,184,1,2,14,spatial_sustained,0.6416,True
3815,184,184,1,1,29,spatial_sustained,0.5421,False
3816,184,184,1,1,89,spatial_sustained,0.9844,False
3817,184,184,1,9,137,spatial_sustained,0.9152,True
3818,184,184,1,1,129,spatial_sustained,0.5437,False
3819,184,184,1,2,176,spatial_sustained,0.5636,True
3820,184,184,1,1,149,spatial_sustained,0.5284,False
3821,184,184,1,1,155,spatial_sustained,0.5296,False
3822,184,184,1,2,195,spatial_sustained,0.5953,True
3823,184,184,1,1,218,spatial_sustained,0.9842,False
3824,184,184,1,1,416,spatial_sustained,0.5819,False
3825,184,184,1,1,432,spatial_sustained,0.9738,False
3826,184,184,1,1,552,spatial_sustained,0.5445,False
3827,184,184,1,9,598,spatial_sustained,0.9696,True
3828,184,184,1,1,668,spatial_sustained,0.6467,False
3829,184,184,1,1,670,spatial_sustained,0.5339,False
3830,184,184,1,1,807,spatial_sustained,1.0,False
3831,184,184,1,1,871,spatial_sustained,0.9775,False
3832,184,184,1,9,907,spatial_sustained,0.9228,True
3833,184,184,1,13,958,spatial_sustained,0.8702,True
3834,184,184,1,2,949,spatial_sustained,0.5799,True
3835,184,184,1,1,1004,spatial_sustained,0.6928,False
3836,185,185,1,1,32,spatial_sustained,0.7182,False
3837,185,185,1,1,89,spatial_sustained,0.9831,False
3838,185,185,1,3,123,spatial_sustained,0.6698,True
3839,185,185,1,9,137,spatial_sustained,0.9497,True
3840,185,185,1,1,131,spatial_sustained,0.5088,False
3841,185,185,1,1,150,spatial_sustained,0.6979,False
3842,185,185,1,2,192,spatial_sustained,0.6738,True
3843,185,185,1,2,177,spatial_sustained,0.5616,True
3844,185,185,1,1,205,spatial_sustained,0.9007,False
3845,185,185,1,2,222,spatial_sustained,0.5736,True
3846,185,185,1,1,246,spatial_sustained,0.6613,False
3847,185,185,1,2,293,spatial_sustained,0.5565,True
3848,185,185,1,8,410,spatial_sustained,0.8905,True
3849,185,185,1,1,432,spatial_sustained,0.9665,False
3850,185,185,1,1,515,spatial_sustained,0.8887,False
3851,185,185,1,1,560,spatial_sustained,0.5514,False
3852,185,185,1,9,598,spatial_sustained,0.9693,True
3853,185,185,1,1,777,spatial_sustained,0.887,False
3854,185,185,1,1,807,spatial_sustained,1.0,False
3855,185,185,1,9,907,spatial_sustained,0.9706,True
3856,185,185,1,9,986,spatial_sustained,0.9852,True
3857,185,185,1,1,1007,spatial_sustained,0.6141,False
3858,186,186,1,1,23,spatial_sustained,0.819,False
3859,186,186,1,2,62,spatial_sustained,0.5485,True
3860,186,186,1,1,89,spatial_sustained,0.9834,False
3861,186,186,1,9,137,spatial_sustained,0.9674,True
3862,186,186,1,2,166,spatial_sustained,0.5391,True
3863,186,186,1,1,150,spatial_sustained,0.8148,False
3864,186,186,1,1,176,spatial_sustained,0.7245,False
3865,186,186,1,1,192,spatial_sustained,0.795,False
3866,186,186,1,1,196,spatial_sustained,0.5653,False
3867,186,186,1,1,205,spatial_sustained,0.9822,False
3868,186,186,1,1,246,spatial_sustained,0.6175,False
3869,186,186,1,1,316,spatial_sustained,0.8816,False
3870,186,186,1,8,410,spatial_sustained,0.9666,True
3871,186,186,1,1,448,spatial_sustained,0.5622,False
3872,186,186,1,2,497,spatial_sustained,0.5133,True
3873,186,186,1,1,515,spatial_sustained,0.9872,False
3874,186,186,1,1,552,spatial_sustained,0.6338,False
3875,186,186,1,9,598,spatial_sustained,0.9681,True
3876,186,186,1,1,657,spatial_sustained,0.5641,False
3877,186,186,1,1,665,spatial_sustained,0.5103,False
3878,186,186,1,1,777,spatial_sustained,0.9897,False
3879,186,186,1,1,831,spatial_sustained,0.5466,False
3880,186,186,1,9,907,spatial_sustained,0.9744,True
3881,186,186,1,1,990,spatial_sustained,0.5746,False
3882,186,186,1,1,1019,spatial_sustained,0.5314,False
3883,187,187,1,1,23,spatial_sustained,0.5247,False
3884,187,187,1,1,42,spatial_sustained,0.5018,False
3885,187,187,1,1,80,spatial_sustained,0.5728,False
3886,187,187,1,1,85,spatial_sustained,0.6324,False
3887,187,187,1,2,124,spatial_sustained,0.6395,True
3888,187,187,1,9,137,spatial_sustained,0.9674,True
3889,187,187,1,1,205,spatial_sustained,0.982,False
3890,187,187,1,1,246,spatial_sustained,0.5042,False
3891,187,187,1,1,316,spatial_sustained,0.9293,False
3892,187,187,1,10,411,spatial_sustained,0.9102,True
3893,187,187,1,1,515,spatial_sustained,0.9846,False
3894,187,187,1,14,563,spatial_sustained,0.7799,True
3895,187,187,1,1,551,spatial_sustained,0.6203,False
3896,187,187,1,9,598,spatial_sustained,0.9689,True
3897,187,187,1,2,766,spatial_sustained,0.6742,True
3898,187,187,1,1,736,spatial_sustained,0.5614,False
3899,187,187,1,1,777,spatial_sustained,0.9923,False
3900,187,187,1,3,920,spatial_sustained,0.6875,True
3901,187,187,1,3,924,spatial_sustained,0.7202,True
3902,187,187,1,2,927,spatial_sustained,0.5628,True
3903,187,187,1,3,905,spatial_sustained,0.6537,True
3904,188,188,1,2,124,spatial_sustained,0.6151,True
3905,188,188,1,2,95,spatial_sustained,0.5214,True
3906,188,188,1,9,137,spatial_sustained,0.9666,True
3907,188,188,1,1,150,spatial_sustained,0.5705,False
3908,188,188,1,1,162,spatial_sustained,0.8224,False
3909,188,188,1,1,205,spatial_sustained,0.9814,False
3910,188,188,1,1,225,spatial_sustained,0.5863,False
3911,188,188,1,1,316,spatial_sustained,0.9355,False
3912,188,188,1,8,410,spatial_sustained,0.9771,True
3913,188,188,1,9,560,spatial_sustained,0.951,True
3914,188,188,1,9,598,spatial_sustained,0.9657,True
3915,188,188,1,1,671,spatial_sustained,0.579,False
3916,188,188,1,1,722,spatial_sustained,0.5021,False
3917,188,188,1,1,777,spatial_sustained,0.9958,False
3918,188,188,1,2,858,spatial_sustained,0.5414,True
3919,188,188,1,2,927,spatial_sustained,0.6866,True
3920,188,188,1,1,920,spatial_sustained,0.5394,False
3921,188,188,1,1,937,spatial_sustained,0.7874,False
3922,189,189,1,1,15,spatial_sustained,0.8255,False
3923,189,189,1,1,34,spatial_sustained,0.7075,False
3924,189,189,1,1,36,spatial_sustained,0.8653,False
3925,189,189,1,1,86,spatial_sustained,0.5417,False
3926,189,189,1,3,95,spatial_sustained,0.7577,True
3927,189,189,1,9,137,spatial_sustained,0.9655,True
3928,189,189,1,1,205,spatial_sustained,0.9812,False
3929,189,189,1,1,316,spatial_sustained,0.9316,False
3930,189,189,1,8,410,spatial_sustained,0.9342,True
3931,189,189,1,9,560,spatial_sustained,0.9716,True
3932,189,189,1,1,777,spatial_sustained,0.9962,False
3933,189,189,1,1,860,spatial_sustained,0.5466,False
3934,189,189,1,1,869,spatial_sustained,0.661,False
3935,189,189,1,2,925,spatial_sustained,0.6285,True
3936,189,189,1,1,949,spatial_sustained,0.5979,False
3937,189,189,1,1,992,spatial_sustained,0.737,False
3938,189,189,1,2,1001,spatial_sustained,0.7777,True
3939,190,190,1,1,20,spatial_sustained,0.5621,False
3940,190,190,1,1,36,spatial_sustained,0.9527,False
3941,190,190,1,1,90,spatial_sustained,0.8695,False
3942,190,190,1,1,94,spatial_sustained,0.5268,False
3943,190,190,1,1,161,spatial_sustained,0.782,False
3944,190,190,1,1,316,spatial_sustained,0.9201,False
3945,190,190,1,1,353,spatial_sustained,0.5169,False
3946,190,190,1,7,409,spatial_sustained,0.9848,True
3947,190,190,1,1,383,spatial_sustained,0.5282,False
3948,190,190,1,1,451,spatial_sustained,0.6732,False
3949,190,190,1,9,560,spatial_sustained,0.98,True
3950,190,190,1,2,810,spatial_sustained,0.846,True
3951,190,190,1,1,840,spatial_sustained,0.8247,False
3952,190,190,1,2,955,spatial_sustained,0.5513,True
3953,190,190,1,1,998,spatial_sustained,0.5986,False
3954,190,190,1,2,1007,spatial_sustained,0.7554,True
3955,191,191,1,2,16,spatial_sustained,0.6779,True
3956,191,191,1,1,20,spatial_sustained,0.5594,False
3957,191,191,1,1,36,spatial_sustained,0.985,False
3958,191,191,1,1,90,spatial_sustained,0.9825,False
3959,191,191,1,1,98,spatial_sustained,0.586,False
3960,191,191,1,1,128,spatial_sustained,0.5892,False
3961,191,191,1,1,227,spatial_sustained,0.5135,False
3962,191,191,1,9,330,spatial_sustained,0.8817,True
3963,191,191,1,1,352,spatial_sustained,0.6604,False
3964,191,191,1,7,409,spatial_sustained,0.967,True
3965,191,191,1,1,417,spatial_sustained,0.8693,False
3966,191,191,1,16,557,spatial_sustained,0.9621,True
3967,191,191,1,1,670,spatial_sustained,0.7871,False
3968,191,191,1,1,777,spatial_sustained,0.9776,False
3969,191,191,1,2,892,spatial_sustained,0.5849,True
3970,191,191,1,2,1004,spatial_sustained,0.6232,True
3971,192,192,1,1,2,spatial_sustained,0.5059,False
3972,192,192,1,19,40,spatial_sustained,0.7362,True
3973,192,192,1,3,67,spatial_sustained,0.6663,True
3974,192,192,1,1,83,spatial_sustained,0.605,False
3975,192,192,1,1,86,spatial_sustained,0.6021,False
3976,192,192,1,1,90,spatial_sustained,0.7467,False
3977,192,192,1,1,95,spatial_sustained,0.6807,False
3978,192,192,1,2,151,spatial_sustained,0.5095,True
3979,192,192,1,15,199,spatial_sustained,0.5871,True
3980,192,192,1,1,246,spatial_sustained,0.5715,False
3981,192,192,1,10,330,spatial_sustained,0.6625,True
3982,192,192,1,1,318,spatial_sustained,0.7524,False
3983,192,192,1,1,334,spatial_sustained,0.5621,False
3984,192,192,1,10,417,spatial_sustained,0.6362,True
3985,192,192,1,7,409,spatial_sustained,0.7786,True
3986,192,192,1,1,403,spatial_sustained,0.5081,False
3987,192,192,1,5,426,spatial_sustained,0.5593,True
3988,192,192,1,17,529,spatial_sustained,0.9613,True
3989,192,192,1,1,512,spatial_sustained,0.5274,False
3990,192,192,1,1,609,spatial_sustained,0.5603,False
3991,192,192,1,1,617,spatial_sustained,0.5491,False
3992,192,192,1,1,630,spatial_sustained,0.5012,False
3993,192,192,1,1,667,spatial_sustained,0.5094,False
3994,192,192,1,2,705,spatial_sustained,0.5631,True
3995,192,192,1,1,693,spatial_sustained,0.767,False
3996,192,192,1,2,766,spatial_sustained,0.6067,True
3997,192,192,1,1,754,spatial_sustained,0.6708,False
3998,192,192,1,12,830,spatial_sustained,0.6452,True
3999,192,192,1,1,777,spatial_sustained,0.7179,False
4000,192,192,1,5,897,spatial_sustained,0.6266,True
4001,192,192,1,5,935,spatial_sustained,0.5429,True
4002,192,192,1,1,873,spatial_sustained,0.5442,False
4003,192,192,1,3,876,spatial_sustained,0.5487,True
4004,192,192,1,1,917,spatial_sustained,0.599,False
4005,192,192,1,9,982,spatial_sustained,0.6199,True
4006,192,192,1,1,975,spatial_sustained,0.5095,False
4007,192,192,1,1,978,spatial_sustained,0.5544,False
4008,192,192,1,1,996,spatial_sustained,0.5325,False
4009,193,193,1,9,43,spatial_sustained,0.9595,True
4010,193,193,1,1,36,spatial_sustained,0.9974,False
4011,193,193,1,9,253,spatial_sustained,0.6364,True
4012,193,193,1,1,225,spatial_sustained,0.8153,False
4013,193,193,1,9,330,spatial_sustained,0.6588,True
4014,193,193,1,1,410,spatial_sustained,0.8521,False
4015,193,193,1,1,417,spatial_sustained,0.9286,False
4016,193,193,1,16,557,spatial_sustained,0.9919,True
4017,193,193,1,1,552,spatial_sustained,0.6188,False
4018,193,193,1,1,722,spatial_sustained,0.8062,False
4019,193,193,1,1,840,spatial_sustained,0.6167,False
4020,193,193,1,1,869,spatial_sustained,0.7334,False
4021,193,193,1,1,1004,spatial_sustained,0.8225,False
4022,194,194,1,10,43,spatial_sustained,0.9388,True
4023,194,194,1,1,36,spatial_sustained,1.0,False
4024,194,194,1,1,94,spatial_sustained,0.619,False
4025,194,194,1,1,163,spatial_sustained,0.6169,False
4026,194,194,1,9,253,spatial_sustained,0.8263,True
4027,194,194,1,1,275,spatial_sustained,0.518,False
4028,194,194,1,9,330,spatial_sustained,0.8838,True
4029,194,194,1,2,444,spatial_sustained,0.7606,True
4030,194,194,1,1,417,spatial_sustained,0.9332,False
4031,194,194,1,3,452,spatial_sustained,0.5769,True
4032,194,194,1,1,496,spatial_sustained,0.597,False
4033,194,194,1,1,499,spatial_sustained,0.5574,False
4034,194,194,1,1,559,spatial_sustained,0.7382,False
4035,194,194,1,1,722,spatial_sustained,0.8085,False
4036,194,194,1,1,826,spatial_sustained,0.5421,False
4037,194,194,1,1,840,spatial_sustained,0.7068,False
4038,194,194,1,1,843,spatial_sustained,0.7057,False
4039,194,194,1,1,884,spatial_sustained,0.5962,False
4040,194,194,1,1,934,spatial_sustained,0.7255,False
4041,195,195,1,9,43,spatial_sustained,0.8725,True
4042,195,195,1,1,36,spatial_sustained,1.0,False
4043,195,195,1,8,83,spatial_sustained,0.8111,True
4044,195,195,1,1,164,spatial_sustained,0.724,False
4045,195,195,1,1,191,spatial_sustained,0.6686,False
4046,195,195,1,5,286,spatial_sustained,0.6745,True
4047,195,195,1,1,274,spatial_sustained,0.5621,False
4048,195,195,1,19,329,spatial_sustained,0.8618,True
4049,195,195,1,2,448,spatial_sustained,0.7371,True
4050,195,195,1,1,425,spatial_sustained,0.8187,False
4051,195,195,1,1,613,spatial_sustained,0.5059,False
4052,195,195,1,1,672,spatial_sustained,0.5303,False
4053,195,195,1,1,733,spatial_sustained,0.8031,False
4054,195,195,1,1,752,spatial_sustained,0.6655,False
4055,195,195,1,4,863,spatial_sustained,0.6038,True
4056,195,195,1,1,908,spatial_sustained,0.6007,False
4057,195,195,1,1,912,spatial_sustained,0.5707,False
4058,195,195,1,1,920,spatial_sustained,0.6705,False
4059,195,195,1,3,958,spatial_sustained,0.815,True
4060,195,195,1,1,968,spatial_sustained,0.627,False
4061,195,195,1,1,997,spatial_sustained,0.54,False
4062,195,195,1,1,1021,spatial_sustained,0.5869,False
4063,196,196,1,11,43,spatial_sustained,0.8132,True
4064,196,196,1,8,83,spatial_sustained,0.8431,True
4065,196,196,1,1,68,spatial_sustained,0.8858,False
4066,196,196,1,1,70,spatial_sustained,0.6607,False
4067,196,196,1,5,98,spatial_sustained,0.7017,True
4068,196,196,1,5,165,spatial_sustained,0.6361,True
4069,196,196,1,1,224,spatial_sustained,0.6067,False
4070,196,196,1,1,252,spatial_sustained,0.5001,False
4071,196,196,1,1,273,spatial_sustained,0.7656,False
4072,196,196,1,1,290,spatial_sustained,0.5177,False
4073,196,196,1,22,330,spatial_sustained,0.8565,True
4074,196,196,1,1,383,spatial_sustained,0.5007,False
4075,196,196,1,2,417,spatial_sustained,0.7522,True
4076,196,196,1,1,444,spatial_sustained,0.7175,False
4077,196,196,1,1,643,spatial_sustained,0.5382,False
4078,196,196,1,1,671,spatial_sustained,0.528,False
4079,196,196,1,1,719,spatial_sustained,0.5069,False
4080,196,196,1,1,737,spatial_sustained,0.5234,False
4081,196,196,1,1,761,spatial_sustained,0.5111,False
4082,196,196,1,1,808,spatial_sustained,0.5048,False
4083,196,196,1,9,845,spatial_sustained,0.8548,True
4084,196,196,1,2,858,spatial_sustained,0.5502,True
4085,196,196,1,2,915,spatial_sustained,0.5331,True
4086,196,196,1,5,925,spatial_sustained,0.7411,True
4087,196,196,1,1,993,spatial_sustained,0.6201,False
4088,197,197,1,1,0,spatial_sustained,0.566,False
4089,197,197,1,12,73,spatial_sustained,0.8286,True
4090,197,197,1,1,23,spatial_sustained,0.588,False
4091,197,197,1,2,65,spatial_sustained,0.6565,True
4092,197,197,1,3,37,spatial_sustained,0.7206,True
4093,197,197,1,9,83,spatial_sustained,0.8269,True
4094,197,197,1,1,79,spatial_sustained,0.517,False
4095,197,197,1,1,164,spatial_sustained,0.872,False
4096,197,197,1,1,225,spatial_sustained,0.8154,False
4097,197,197,1,1,287,spatial_sustained,0.5121,False
4098,197,197,1,9,327,spatial_sustained,0.9643,True
4099,197,197,1,1,351,spatial_sustained,0.8314,False
4100,197,197,1,1,417,spatial_sustained,0.9491,False
4101,197,197,1,1,445,spatial_sustained,0.6954,False
4102,197,197,1,9,525,spatial_sustained,0.9546,True
4103,197,197,1,15,593,spatial_sustained,0.7819,True
4104,197,197,1,2,697,spatial_sustained,0.5109,True
4105,197,197,1,1,671,spatial_sustained,0.7305,False
4106,197,197,1,1,736,spatial_sustained,0.6143,False
4107,197,197,1,10,846,spatial_sustained,0.8522,True
4108,197,197,1,1,825,spatial_sustained,0.7075,False
4109,197,197,1,2,892,spatial_sustained,0.671,True
4110,197,197,1,1,895,spatial_sustained,0.6277,False
4111,197,197,1,1,897,spatial_sustained,0.5519,False
4112,197,197,1,1,920,spatial_sustained,0.5962,False
4113,197,197,1,1,1004,spatial_sustained,0.8074,False
4114,197,197,1,1,1007,spatial_sustained,0.5868,False
4115,198,198,1,17,43,spatial_sustained,0.8694,True
4116,198,198,1,9,82,spatial_sustained,0.8694,True
4117,198,198,1,1,68,spatial_sustained,1.0,False
4118,198,198,1,1,155,spatial_sustained,0.607,False
4119,198,198,1,1,164,spatial_sustained,0.9018,False
4120,198,198,1,9,327,spatial_sustained,0.9362,True
4121,198,198,1,1,417,spatial_sustained,0.9507,False
4122,198,198,1,1,444,spatial_sustained,0.5421,False
4123,198,198,1,11,525,spatial_sustained,0.9154,True
4124,198,198,1,1,537,spatial_sustained,0.6442,False
4125,198,198,1,1,752,spatial_sustained,0.501,False
4126,198,198,1,11,844,spatial_sustained,0.8834,True
4127,198,198,1,1,825,spatial_sustained,0.7719,False
4128,198,198,1,1,827,spatial_sustained,0.5142,False
4129,198,198,1,5,867,spatial_sustained,0.6076,True
4130,198,198,1,1,864,spatial_sustained,0.5538,False
4131,198,198,1,2,965,spatial_sustained,0.6392,True
4132,198,198,1,2,1018,spatial_sustained,0.6945,True
4133,198,198,1,1,999,spatial_sustained,0.5111,False
4134,198,198,1,1,1010,spatial_sustained,0.5264,False
4135,199,199,1,6,71,spatial_sustained,0.928,True
4136,199,199,1,9,82,spatial_sustained,0.915,True
4137,199,199,1,1,68,spatial_sustained,0.9959,False
4138,199,199,1,2,164,spatial_sustained,0.7307,True
4139,199,199,1,1,176,spatial_sustained,0.8328,False
4140,199,199,1,1,226,spatial_sustained,0.8203,False
4141,199,199,1,1,319,spatial_sustained,0.5128,False
4142,199,199,1,1,321,spatial_sustained,0.7381,False
4143,199,199,1,1,383,spatial_sustained,0.5289,False
4144,199,199,1,1,417,spatial_sustained,0.5103,False
4145,199,199,1,1,451,spatial_sustained,0.5155,False
4146,199,199,1,9,525,spatial_sustained,0.9928,True
4147,199,199,1,2,807,spatial_sustained,0.7245,True
4148,199,199,1,26,878,spatial_sustained,0.87,True
4149,199,199,1,1,799,spatial_sustained,0.5582,False
4150,199,199,1,1,810,spatial_sustained,0.6889,False
4151,199,199,1,8,902,spatial_sustained,0.8926,True
4152,199,199,1,2,895,spatial_sustained,0.7247,True
4153,199,199,1,3,958,spatial_sustained,0.5613,True
4154,199,199,1,1,999,spatial_sustained,0.5068,False
4155,199,199,1,1,1008,spatial_sustained,0.6194,False
4156,199,199,1,1,1010,spatial_sustained,0.8301,False
4157,199,199,1,1,1016,spatial_sustained,0.6847,False
4158,200,200,1,9,82,spatial_sustained,0.9453,True
4159,200,200,1,1,58,spatial_sustained,0.5664,False
4160,200,200,1,4,134,spatial_sustained,0.5776,True
4161,200,200,1,1,129,spatial_sustained,0.6037,False
4162,200,200,1,1,136,spatial_sustained,0.5161,False
4163,200,200,1,2,176,spatial_sustained,0.7235,True
4164,200,200,1,1,351,spatial_sustained,0.5863,False
4165,200,200,1,2,449,spatial_sustained,0.7985,True
4166,200,200,1,9,525,spatial_sustained,0.9947,True
4167,200,200,1,1,775,spatial_sustained,0.9803,False
4168,200,200,1,9,814,spatial_sustained,0.9752,True
4169,200,200,1,1,800,spatial_sustained,0.5616,False
4170,200,200,1,1,864,spatial_sustained,0.6364,False
4171,200,200,1,8,902,spatial_sustained,0.9542,True
4172,200,200,1,1,884,spatial_sustained,0.5203,False
4173,200,200,1,10,972,spatial_sustained,0.8623,True
4174,200,200,1,2,959,spatial_sustained,0.6072,True
4175,201,201,1,11,81,spatial_sustained,0.9218,True
4176,201,201,1,1,26,spatial_sustained,0.5552,False
4177,201,201,1,2,136,spatial_sustained,0.7082,True
4178,201,201,1,1,176,spatial_sustained,0.6627,False
4179,201,201,1,2,319,spatial_sustained,0.6172,True
4180,201,201,1,1,341,spatial_sustained,0.5316,False
4181,201,201,1,9,446,spatial_sustained,0.8555,True
4182,201,201,1,1,416,spatial_sustained,0.78,False
4183,201,201,1,9,525,spatial_sustained,1.0,True
4184,201,201,1,1,716,spatial_sustained,0.8823,False
4185,201,201,1,1,775,spatial_sustained,0.9771,False
4186,201,201,1,1,860,spatial_sustained,0.606,False
4187,201,201,1,8,902,spatial_sustained,0.9734,True
4188,201,201,1,1,897,spatial_sustained,0.5236,False
4189,201,201,1,2,936,spatial_sustained,0.5504,True
4190,201,201,1,1,927,spatial_sustained,0.6871,False
4191,201,201,1,8,971,spatial_sustained,0.9397,True
4192,201,201,1,1,949,spatial_sustained,0.7098,False
4193,201,201,1,1,957,spatial_sustained,0.5796,False
4194,201,201,1,2,994,spatial_sustained,0.6356,True
4195,201,201,1,1,999,spatial_sustained,0.5687,False
4196,201,201,1,1,1008,spatial_sustained,0.5029,False
4197,201,201,1,2,1014,spatial_sustained,0.7075,True
4198,202,202,1,1,27,spatial_sustained,0.8388,False
4199,202,202,1,9,82,spatial_sustained,0.9619,True
4200,202,202,1,1,72,spatial_sustained,0.5395,False
4201,202,202,1,1,129,spatial_sustained,0.8235,False
4202,202,202,1,3,195,spatial_sustained,0.6219,True
4203,202,202,1,1,176,spatial_sustained,0.7823,False
4204,202,202,1,1,367,spatial_sustained,0.5281,False
4205,202,202,1,9,446,spatial_sustained,0.9298,True
4206,202,202,1,9,525,spatial_sustained,1.0,True
4207,202,202,1,1,716,spatial_sustained,0.9803,False
4208,202,202,1,1,735,spatial_sustained,0.6321,False
4209,202,202,1,4,807,spatial_sustained,0.8152,True
4210,202,202,1,9,783,spatial_sustained,0.9073,True
4211,202,202,1,8,926,spatial_sustained,0.7266,True
4212,202,202,1,1,864,spatial_sustained,0.5046,False
4213,202,202,1,8,902,spatial_sustained,0.9769,True
4214,202,202,1,8,971,spatial_sustained,0.9548,True
4215,202,202,1,1,942,spatial_sustained,0.6034,False
4216,202,202,1,1,1017,spatial_sustained,0.5575,False
4217,203,203,1,1,4,spatial_sustained,0.5179,False
4218,203,203,1,1,15,spatial_sustained,0.6791,False
4219,203,203,1,1,85,spatial_sustained,0.5461,False
4220,203,203,1,3,131,spatial_sustained,0.7909,True
4221,203,203,1,1,257,spatial_sustained,0.5545,False
4222,203,203,1,9,305,spatial_sustained,0.9568,True
4223,203,203,1,9,446,spatial_sustained,0.9356,True
4224,203,203,1,9,470,spatial_sustained,0.9289,True
4225,203,203,1,2,704,spatial_sustained,0.599,True
4226,203,203,1,1,716,spatial_sustained,0.9834,False
4227,203,203,1,2,767,spatial_sustained,0.6658,True
4228,203,203,1,6,807,spatial_sustained,0.7489,True
4229,203,203,1,9,783,spatial_sustained,0.9988,True
4230,203,203,1,1,843,spatial_sustained,0.5532,False
4231,203,203,1,9,901,spatial_sustained,0.9328,True
4232,203,203,1,9,913,spatial_sustained,0.9149,True
4233,203,203,1,2,925,spatial_sustained,0.6779,True
4234,203,203,1,1,906,spatial_sustained,0.559,False
4235,203,203,1,2,1002,spatial_sustained,0.5308,True
4236,204,204,1,1,80,spatial_sustained,0.7572,False
4237,204,204,1,12,260,spatial_sustained,0.8255,True
4238,204,204,1,1,155,spatial_sustained,0.533,False
4239,204,204,1,10,305,spatial_sustained,0.9684,True
4240,204,204,1,1,410,spatial_sustained,0.5319,False
4241,204,204,1,9,446,spatial_sustained,0.9378,True
4242,204,204,1,9,470,spatial_sustained,0.9544,True
4243,204,204,1,1,716,spatial_sustained,0.9828,False
4244,204,204,1,1,744,spatial_sustained,0.9588,False
4245,204,204,1,2,814,spatial_sustained,0.5288,True
4246,204,204,1,1,855,spatial_sustained,0.5985,False
4247,204,204,1,8,902,spatial_sustained,0.9838,True
4248,204,204,1,9,913,spatial_sustained,0.97,True
4249,204,204,1,1,895,spatial_sustained,0.519,False
4250,204,204,1,1,925,spatial_sustained,0.5619,False
4251,204,204,1,1,1005,spatial_sustained,0.5229,False
4252,205,205,1,1,21,spatial_sustained,0.5227,False
4253,205,205,1,2,70,spatial_sustained,0.6717,True
4254,205,205,1,1,112,spatial_sustained,0.7031,False
4255,205,205,1,3,160,spatial_sustained,0.8044,True
4256,205,205,1,1,150,spatial_sustained,0.7265,False
4257,205,205,1,1,166,spatial_sustained,0.601,False
4258,205,205,1,14,260,spatial_sustained,0.8503,True
4259,205,205,1,1,246,spatial_sustained,0.575,False
4260,205,205,1,10,305,spatial_sustained,0.9766,True
4261,205,205,1,1,352,spatial_sustained,0.5953,False
4262,205,205,1,10,396,spatial_sustained,0.9096,True
4263,205,205,1,1,716,spatial_sustained,0.984,False
4264,205,205,1,1,733,spatial_sustained,0.6061,False
4265,205,205,1,1,744,spatial_sustained,0.9684,False
4266,205,205,1,3,831,spatial_sustained,0.6841,True
4267,205,205,1,8,902,spatial_sustained,0.9904,True
4268,205,205,1,9,913,spatial_sustained,0.98,True
4269,205,205,1,1,938,spatial_sustained,0.508,False
4270,205,205,1,1,942,spatial_sustained,0.6418,False
4271,205,205,1,1,994,spatial_sustained,0.5698,False
4272,205,205,1,1,1009,spatial_sustained,0.5183,False
4273,206,206,1,1,15,spatial_sustained,0.8389,False
4274,206,206,1,1,27,spatial_sustained,0.8299,False
4275,206,206,1,4,69,spatial_sustained,0.6093,True
4276,206,206,1,1,42,spatial_sustained,0.5248,False
4277,206,206,1,2,129,spatial_sustained,0.5385,True
4278,206,206,1,11,260,spatial_sustained,0.9078,True
4279,206,206,1,9,305,spatial_sustained,0.9751,True
4280,206,206,1,2,321,spatial_sustained,0.6125,True
4281,206,206,1,11,396,spatial_sustained,0.937,True
4282,206,206,1,1,442,spatial_sustained,0.8224,False
4283,206,206,1,1,511,spatial_sustained,0.8085,False
4284,206,206,1,1,552,spatial_sustained,0.5008,False
4285,206,206,1,1,716,spatial_sustained,0.9859,False
4286,206,206,1,1,744,spatial_sustained,0.9701,False
4287,206,206,1,18,900,spatial_sustained,0.9245,True
4288,206,206,1,9,913,spatial_sustained,0.9944,True
4289,206,206,1,1,930,spatial_sustained,0.5198,False
4290,206,206,1,1,942,spatial_sustained,0.5354,False
4291,206,206,1,1,985,spatial_sustained,0.5317,False
4292,206,206,1,1,1020,spatial_sustained,0.5275,False
4293,207,207,1,1,16,spatial_sustained,0.6957,False
4294,207,207,1,1,32,spatial_sustained,0.6119,False
4295,207,207,1,1,55,spatial_sustained,0.5505,False
4296,207,207,1,2,112,spatial_sustained,0.8296,True
4297,207,207,1,1,85,spatial_sustained,0.5387,False
4298,207,207,1,2,161,spatial_sustained,0.6651,True
4299,207,207,1,14,230,spatial_sustained,0.9197,True
4300,207,207,1,1,191,spatial_sustained,0.5003,False
4301,207,207,1,9,305,spatial_sustained,0.9736,True
4302,207,207,1,10,396,spatial_sustained,0.992,True
4303,207,207,1,1,511,spatial_sustained,0.5829,False
4304,207,207,1,1,716,spatial_sustained,0.987,False
4305,207,207,1,1,722,spatial_sustained,0.6172,False
4306,207,207,1,1,744,spatial_sustained,0.9769,False
4307,207,207,1,10,873,spatial_sustained,0.9097,True
4308,207,207,1,9,913,spatial_sustained,0.9949,True
4309,207,207,1,1,926,spatial_sustained,0.7692,False
4310,207,207,1,2,1017,spatial_sustained,0.6269,True
4311,207,207,1,1,990,spatial_sustained,0.5063,False
4312,208,208,1,1,12,spatial_sustained,0.5108,False
4313,208,208,1,1,112,spatial_sustained,0.7019,False
4314,208,208,1,1,129,spatial_sustained,0.5616,False
4315,208,208,1,1,150,spatial_sustained,0.7066,False
4316,208,208,1,16,229,spatial_sustained,0.9324,True
4317,208,208,1,1,193,spatial_sustained,0.7695,False
4318,208,208,1,1,246,spatial_sustained,0.5002,False
4319,208,208,1,9,305,spatial_sustained,0.9755,True
4320,208,208,1,1,320,spatial_sustained,0.8049,False
4321,208,208,1,10,396,spatial_sustained,0.9911,True
4322,208,208,1,1,448,spatial_sustained,0.8206,False
4323,208,208,1,1,548,spatial_sustained,0.8856,False
4324,208,208,1,1,744,spatial_sustained,0.9796,False
4325,208,208,1,9,913,spatial_sustained,0.9938,True
4326,208,208,1,1,936,spatial_sustained,0.5184,False
4327,208,208,1,1,942,spatial_sustained,0.5467,False
4328,208,208,1,1,991,spatial_sustained,0.5607,False
4329,209,209,1,1,129,spatial_sustained,0.558,False
4330,209,209,1,1,150,spatial_sustained,0.8223,False
4331,209,209,1,12,260,spatial_sustained,0.9889,True
4332,209,209,1,1,246,spatial_sustained,0.5119,False
4333,209,209,1,9,305,spatial_sustained,0.9771,True
4334,209,209,1,17,394,spatial_sustained,0.952,True
4335,209,209,1,1,495,spatial_sustained,0.5138,False
4336,209,209,1,1,548,spatial_sustained,0.9769,False
4337,209,209,1,1,828,spatial_sustained,0.7209,False
4338,209,209,1,3,944,spatial_sustained,0.5334,True
4339,209,209,1,1,985,spatial_sustained,0.5084,False
4340,209,209,1,1,1000,spatial_sustained,0.5758,False
4341,210,210,1,1,1,spatial_sustained,0.8895,False
4342,210,210,1,2,56,spatial_sustained,0.6278,True
4343,210,210,1,1,81,spatial_sustained,0.6814,False
4344,210,210,1,1,150,spatial_sustained,0.819,False
4345,210,210,1,1,160,spatial_sustained,0.5494,False
4346,210,210,1,12,260,spatial_sustained,0.9889,True
4347,210,210,1,9,365,spatial_sustained,0.9817,True
4348,210,210,1,1,425,spatial_sustained,0.6229,False
4349,210,210,1,1,548,spatial_sustained,0.9833,False
4350,210,210,1,1,768,spatial_sustained,0.586,False
4351,210,210,1,1,831,spatial_sustained,0.529,False
4352,210,210,1,3,908,spatial_sustained,0.5327,True
4353,210,210,1,1,910,spatial_sustained,0.5492,False
4354,210,210,1,2,955,spatial_sustained,0.7569,True
4355,211,211,1,1,1,spatial_sustained,0.9515,False
4356,211,211,1,1,15,spatial_sustained,0.8351,False
4357,211,211,1,3,55,spatial_sustained,0.5774,True
4358,211,211,1,1,95,spatial_sustained,0.5517,False
4359,211,211,1,1,112,spatial_sustained,0.5444,False
4360,211,211,1,2,161,spatial_sustained,0.6683,True
4361,211,211,1,2,138,spatial_sustained,0.5149,True
4362,211,211,1,12,228,spatial_sustained,0.9136,True
4363,211,211,1,15,333,spatial_sustained,0.963,True
4364,211,211,1,1,318,spatial_sustained,0.6316,False
4365,211,211,1,2,449,spatial_sustained,0.6609,True
4366,211,211,1,3,528,spatial_sustained,0.5537,True
4367,211,211,1,1,548,spatial_sustained,0.9779,False
4368,211,211,1,2,734,spatial_sustained,0.694,True
4369,211,211,1,1,768,spatial_sustained,0.5266,False
4370,211,211,1,1,850,spatial_sustained,0.8998,False
4371,211,211,1,3,927,spatial_sustained,0.5402,True
4372,211,211,1,1,940,spatial_sustained,0.5017,False
4373,211,211,1,1,942,spatial_sustained,0.613,False
4374,211,211,1,1,955,spatial_sustained,0.9818,False
4375,211,211,1,1,1004,spatial_sustained,0.8262,False
4376,211,211,1,2,1008,spatial_sustained,0.6194,True
4377,211,211,1,1,1023,spatial_sustained,0.5192,False
4378,212,212,1,1,1,spatial_sustained,0.9349,False
4379,212,212,1,1,3,spatial_sustained,0.6117,False
4380,212,212,1,1,20,spatial_sustained,0.5552,False
4381,212,212,1,2,97,spatial_sustained,0.684,True
4382,212,212,1,2,111,spatial_sustained,0.5368,True
4383,212,212,1,1,95,spatial_sustained,0.5242,False
4384,212,212,1,1,131,spatial_sustained,0.5614,False
4385,212,212,1,1,192,spatial_sustained,0.5492,False
4386,212,212,1,9,229,spatial_sustained,0.9638,True
4387,212,212,1,15,333,spatial_sustained,0.9723,True
4388,212,212,1,1,318,spatial_sustained,0.5377,False
4389,212,212,1,1,448,spatial_sustained,0.5907,False
4390,212,212,1,1,548,spatial_sustained,0.9769,False
4391,212,212,1,1,551,spatial_sustained,0.812,False
4392,212,212,1,1,850,spatial_sustained,0.9421,False
4393,212,212,1,9,904,spatial_sustained,0.9135,True
4394,212,212,1,3,929,spatial_sustained,0.6497,True
4395,212,212,1,2,988,spatial_sustained,0.8008,True
4396,213,213,1,2,1,spatial_sustained,0.8864,True
4397,213,213,1,1,3,spatial_sustained,0.7174,False
4398,213,213,1,2,111,spatial_sustained,0.6748,True
4399,213,213,1,2,95,spatial_sustained,0.7828,True
4400,213,213,1,2,99,spatial_sustained,0.528,True
4401,213,213,1,1,170,spatial_sustained,0.5381,False
4402,213,213,1,9,229,spatial_sustained,0.9573,True
4403,213,213,1,15,333,spatial_sustained,0.9725,True
4404,213,213,1,1,282,spatial_sustained,0.5974,False
4405,213,213,1,1,448,spatial_sustained,0.8318,False
4406,213,213,1,1,495,spatial_sustained,0.628,False
4407,213,213,1,1,548,spatial_sustained,0.9817,False
4408,213,213,1,1,551,spatial_sustained,0.7643,False
4409,213,213,1,1,560,spatial_sustained,0.5045,False
4410,213,213,1,1,714,spatial_sustained,0.5299,False
4411,213,213,1,1,735,spatial_sustained,0.55,False
4412,213,213,1,1,749,spatial_sustained,0.5029,False
4413,213,213,1,1,826,spatial_sustained,0.6082,False
4414,213,213,1,1,831,spatial_sustained,0.7198,False
4415,213,213,1,1,850,spatial_sustained,0.9421,False
4416,213,213,1,9,904,spatial_sustained,0.9629,True
4417,213,213,1,1,955,spatial_sustained,0.984,False
4418,213,213,1,1,1012,spatial_sustained,0.8736,False
4419,214,214,1,2,34,spatial_sustained,0.7247,True
4420,214,214,1,1,37,spatial_sustained,0.5816,False
4421,214,214,1,1,95,spatial_sustained,0.5161,False
4422,214,214,1,1,133,spatial_sustained,0.5309,False
4423,214,214,1,1,136,spatial_sustained,0.5217,False
4424,214,214,1,9,229,spatial_sustained,0.952,True
4425,214,214,1,15,333,spatial_sustained,0.9695,True
4426,214,214,1,1,282,spatial_sustained,0.6039,False
4427,214,214,1,1,321,spatial_sustained,0.8301,False
4428,214,214,1,1,411,spatial_sustained,0.5096,False
4429,214,214,1,1,737,spatial_sustained,0.5073,False
4430,214,214,1,2,799,spatial_sustained,0.5969,True
4431,214,214,1,2,882,spatial_sustained,0.7238,True
4432,214,214,1,9,904,spatial_sustained,0.9676,True
4433,214,214,1,2,920,spatial_sustained,0.5258,True
4434,214,214,1,1,960,spatial_sustained,0.6834,False
4435,214,214,1,1,998,spatial_sustained,0.5233,False
4436,214,214,1,1,1012,spatial_sustained,0.9181,False
4437,215,215,1,1,1,spatial_sustained,0.5383,False
4438,215,215,1,1,16,spatial_sustained,0.5131,False
4439,215,215,1,1,28,spatial_sustained,0.663,False
4440,215,215,1,3,44,spatial_sustained,0.6259,True
4441,215,215,1,2,86,spatial_sustained,0.6099,True
4442,215,215,1,2,69,spatial_sustained,0.5235,True
4443,215,215,1,11,188,spatial_sustained,0.8113,True
4444,215,215,1,1,98,spatial_sustained,0.5163,False
4445,215,215,1,3,160,spatial_sustained,0.7466,True
4446,215,215,1,2,196,spatial_sustained,0.7274,True
4447,215,215,1,15,333,spatial_sustained,0.9589,True
4448,215,215,1,1,288,spatial_sustained,0.5959,False
4449,215,215,1,1,357,spatial_sustained,0.5752,False
4450,215,215,1,1,425,spatial_sustained,0.7748,False
4451,215,215,1,1,442,spatial_sustained,0.5292,False
4452,215,215,1,1,452,spatial_sustained,0.5825,False
4453,215,215,1,1,560,spatial_sustained,0.5703,False
4454,215,215,1,1,773,spatial_sustained,0.5712,False
4455,215,215,1,2,831,spatial_sustained,0.6877,True
4456,215,215,1,1,809,spatial_sustained,0.6041,False
4457,215,215,1,10,904,spatial_sustained,0.9226,True
4458,215,215,1,1,850,spatial_sustained,0.9388,False
4459,215,215,1,3,926,spatial_sustained,0.734,True
4460,215,215,1,1,933,spatial_sustained,0.6529,False
4461,215,215,1,2,940,spatial_sustained,0.5615,True
4462,215,215,1,1,996,spatial_sustained,0.531,False
4463,215,215,1,1,1012,spatial_sustained,0.9556,False
4464,216,216,1,13,78,spatial_sustained,0.7801,True
4465,216,216,1,5,112,spatial_sustained,0.6503,True
4466,216,216,1,1,100,spatial_sustained,0.5762,False
4467,216,216,1,9,189,spatial_sustained,0.9275,True
4468,216,216,1,1,168,spatial_sustained,0.5076,False
4469,216,216,1,16,333,spatial_sustained,0.7772,True
4470,216,216,1,9,281,spatial_sustained,0.8874,True
4471,216,216,1,1,264,spatial_sustained,0.5372,False
4472,216,216,1,2,325,spatial_sustained,0.5459,True
4473,216,216,1,2,354,spatial_sustained,0.5314,True
4474,216,216,1,1,416,spatial_sustained,0.5994,False
4475,216,216,1,1,425,spatial_sustained,0.9145,False
4476,216,216,1,1,463,spatial_sustained,0.5175,False
4477,216,216,1,1,465,spatial_sustained,0.5087,False
4478,216,216,1,5,524,spatial_sustained,0.5444,True
4479,216,216,1,1,520,spatial_sustained,0.5732,False
4480,216,216,1,1,527,spatial_sustained,0.6218,False
4481,216,216,1,3,561,spatial_sustained,0.5795,True
4482,216,216,1,2,617,spatial_sustained,0.5545,True
4483,216,216,1,1,630,spatial_sustained,0.521,False
4484,216,216,1,2,693,spatial_sustained,0.72,True
4485,216,216,1,1,705,spatial_sustained,0.5438,False
4486,216,216,1,2,714,spatial_sustained,0.5047,True
4487,216,216,1,1,752,spatial_sustained,0.5127,False
4488,216,216,1,1,799,spatial_sustained,0.5155,False
4489,216,216,1,2,876,spatial_sustained,0.6603,True
4490,216,216,1,1,850,spatial_sustained,0.7226,False
4491,216,216,1,2,892,spatial_sustained,0.6304,True
4492,216,216,1,1,864,spatial_sustained,0.6486,False
4493,216,216,1,14,933,spatial_sustained,0.8434,True
4494,216,216,1,1,913,spatial_sustained,0.5201,False
4495,216,216,1,1,948,spatial_sustained,0.5062,False
4496,216,216,1,1,956,spatial_sustained,0.5681,False
4497,216,216,1,1,985,spatial_sustained,0.6276,False
4498,216,216,1,1,1012,spatial_sustained,0.976,False
4499,217,217,1,1,17,spatial_sustained,0.8097,False
4500,217,217,1,1,55,spatial_sustained,0.5557,False
4501,217,217,1,2,95,spatial_sustained,0.5255,True
4502,217,217,1,10,109,spatial_sustained,0.8788,True
4503,217,217,1,1,149,spatial_sustained,0.514,False
4504,217,217,1,9,281,spatial_sustained,0.9872,True
4505,217,217,1,9,301,spatial_sustained,0.6431,True
4506,217,217,1,2,382,spatial_sustained,0.7251,True
4507,217,217,1,1,460,spatial_sustained,0.625,False
4508,217,217,1,8,554,spatial_sustained,0.8919,True
4509,217,217,1,1,808,spatial_sustained,0.8326,False
4510,217,217,1,9,845,spatial_sustained,0.606,True
4511,217,217,1,1,856,spatial_sustained,0.6217,False
4512,217,217,1,1,868,spatial_sustained,0.5003,False
4513,217,217,1,9,904,spatial_sustained,0.9923,True
4514,217,217,1,1,898,spatial_sustained,0.5568,False
4515,217,217,1,1,1000,spatial_sustained,0.5722,False
4516,218,218,1,1,16,spatial_sustained,0.8187,False
4517,218,218,1,1,24,spatial_sustained,0.5761,False
4518,218,218,1,1,42,spatial_sustained,0.6132,False
4519,218,218,1,1,66,spatial_sustained,0.6427,False
4520,218,218,1,1,77,spatial_sustained,0.5092,False
4521,218,218,1,1,90,spatial_sustained,0.5317,False
4522,218,218,1,2,95,spatial_sustained,0.6251,True
4523,218,218,1,8,137,spatial_sustained,0.5908,True
4524,218,218,1,1,140,spatial_sustained,0.7767,False
4525,218,218,1,1,234,spatial_sustained,0.748,False
4526,218,218,1,9,281,spatial_sustained,0.7948,True
4527,218,218,1,9,301,spatial_sustained,0.7717,True
4528,218,218,1,8,554,spatial_sustained,0.9722,True
4529,218,218,1,1,746,spatial_sustained,0.869,False
4530,218,218,1,9,845,spatial_sustained,0.7635,True
4531,218,218,1,4,919,spatial_sustained,0.7098,True
4532,218,218,1,3,867,spatial_sustained,0.7044,True
4533,218,218,1,9,904,spatial_sustained,0.9941,True
4534,218,218,1,1,956,spatial_sustained,0.527,False
4535,218,218,1,1,999,spatial_sustained,0.6453,False
4536,218,218,1,1,1021,spatial_sustained,0.5759,False
4537,219,219,1,1,15,spatial_sustained,0.7249,False
4538,219,219,1,1,133,spatial_sustained,0.5464,False
4539,219,219,1,1,140,spatial_sustained,0.7954,False
4540,219,219,1,10,281,spatial_sustained,0.8364,True
4541,219,219,1,1,292,spatial_sustained,0.6115,False
4542,219,219,1,1,318,spatial_sustained,0.633,False
4543,219,219,1,1,412,spatial_sustained,0.6316,False
4544,219,219,1,1,414,spatial_sustained,0.514,False
4545,219,219,1,1,416,spatial_sustained,0.6258,False
4546,219,219,1,1,513,spatial_sustained,0.8331,False
4547,219,219,1,9,554,spatial_sustained,0.8873,True
4548,219,219,1,1,662,spatial_sustained,0.8648,False
4549,219,219,1,1,704,spatial_sustained,0.5081,False
4550,219,219,1,1,711,spatial_sustained,0.5035,False
4551,219,219,1,2,746,spatial_sustained,0.8122,True
4552,219,219,1,1,748,spatial_sustained,0.5321,False
4553,219,219,1,1,756,spatial_sustained,0.7444,False
4554,219,219,1,9,845,spatial_sustained,0.8511,True
4555,219,219,1,1,837,spatial_sustained,0.6162,False
4556,219,219,1,10,904,spatial_sustained,0.9722,True
4557,219,219,1,1,856,spatial_sustained,0.7668,False
4558,219,219,1,1,880,spatial_sustained,0.5492,False
4559,219,219,1,1,927,spatial_sustained,0.6975,False
4560,219,219,1,1,933,spatial_sustained,0.6203,False
4561,219,219,1,1,948,spatial_sustained,0.5209,False
4562,219,219,1,3,988,spatial_sustained,0.6207,True
4563,219,219,1,1,997,spatial_sustained,0.6207,False
4564,219,219,1,1,1013,spatial_sustained,0.82,False
4565,220,220,1,1,28,spatial_sustained,0.8166,False
4566,220,220,1,4,97,spatial_sustained,0.5417,True
4567,220,220,1,1,68,spatial_sustained,0.6023,False
4568,220,220,1,1,77,spatial_sustained,0.6614,False
4569,220,220,1,2,112,spatial_sustained,0.7228,True
4570,220,220,1,2,135,spatial_sustained,0.6448,True
4571,220,220,1,1,127,spatial_sustained,0.5355,False
4572,220,220,1,1,140,spatial_sustained,0.8148,False
4573,220,220,1,1,150,spatial_sustained,0.8073,False
4574,220,220,1,1,198,spatial_sustained,0.5921,False
4575,220,220,1,10,281,spatial_sustained,0.8423,True
4576,220,220,1,1,223,spatial_sustained,0.5713,False
4577,220,220,1,1,259,spatial_sustained,0.9004,False
4578,220,220,1,1,293,spatial_sustained,0.6175,False
4579,220,220,1,2,391,spatial_sustained,0.6217,True
4580,220,220,1,2,394,spatial_sustained,0.6563,True
4581,220,220,1,2,420,spatial_sustained,0.6736,True
4582,220,220,1,9,592,spatial_sustained,0.6143,True
4583,220,220,1,1,506,spatial_sustained,0.5388,False
4584,220,220,1,5,547,spatial_sustained,0.606,True
4585,220,220,1,9,553,spatial_sustained,0.8167,True
4586,220,220,1,1,609,spatial_sustained,0.5143,False
4587,220,220,1,1,662,spatial_sustained,0.8847,False
4588,220,220,1,22,772,spatial_sustained,0.7212,True
4589,220,220,1,2,717,spatial_sustained,0.585,True
4590,220,220,1,1,746,spatial_sustained,0.9384,False
4591,220,220,1,1,752,spatial_sustained,0.6179,False
4592,220,220,1,1,766,spatial_sustained,0.7089,False
4593,220,220,1,1,822,spatial_sustained,0.6278,False
4594,220,220,1,2,841,spatial_sustained,0.8268,True
4595,220,220,1,1,856,spatial_sustained,0.7892,False
4596,220,220,1,6,923,spatial_sustained,0.654,True
4597,220,220,1,7,915,spatial_sustained,0.6748,True
4598,220,220,1,1,901,spatial_sustained,0.557,False
4599,220,220,1,2,993,spatial_sustained,0.6724,True
4600,220,220,1,4,965,spatial_sustained,0.6844,True
4601,220,220,1,3,968,spatial_sustained,0.7593,True
4602,220,220,1,1,1018,spatial_sustained,0.5365,False
4603,221,221,1,5,65,spatial_sustained,0.5958,True
4604,221,221,1,1,21,spatial_sustained,0.5875,False
4605,221,221,1,1,73,spatial_sustained,0.6736,False
4606,221,221,1,1,78,spatial_sustained,0.5004,False
4607,221,221,1,1,86,spatial_sustained,0.8316,False
4608,221,221,1,9,158,spatial_sustained,0.8889,True
4609,221,221,1,1,140,spatial_sustained,0.6426,False
4610,221,221,1,2,232,spatial_sustained,0.6998,True
4611,221,221,1,1,259,spatial_sustained,0.9655,False
4612,221,221,1,3,321,spatial_sustained,0.6745,True
4613,221,221,1,6,297,spatial_sustained,0.5789,True
4614,221,221,1,1,302,spatial_sustained,0.5914,False
4615,221,221,1,1,324,spatial_sustained,0.6856,False
4616,221,221,1,5,420,spatial_sustained,0.6177,True
4617,221,221,1,39,533,spatial_sustained,0.7346,True
4618,221,221,1,1,511,spatial_sustained,0.8117,False
4619,221,221,1,1,513,spatial_sustained,0.8595,False
4620,221,221,1,8,554,spatial_sustained,0.7315,True
4621,221,221,1,1,576,spatial_sustained,0.6485,False
4622,221,221,1,1,639,spatial_sustained,0.7052,False
4623,221,221,1,2,693,spatial_sustained,0.8159,True
4624,221,221,1,12,740,spatial_sustained,0.8769,True
4625,221,221,1,1,703,spatial_sustained,0.5512,False
4626,221,221,1,1,746,spatial_sustained,0.7535,False
4627,221,221,1,1,755,spatial_sustained,0.5597,False
4628,221,221,1,1,810,spatial_sustained,0.521,False
4629,221,221,1,1,856,spatial_sustained,0.7933,False
4630,221,221,1,1,861,spatial_sustained,0.5542,False
4631,221,221,1,2,896,spatial_sustained,0.6317,True
4632,221,221,1,3,868,spatial_sustained,0.6409,True
4633,221,221,1,1,883,spatial_sustained,0.6611,False
4634,221,221,1,1,920,spatial_sustained,0.7921,False
4635,221,221,1,6,962,spatial_sustained,0.7245,True
4636,221,221,1,5,967,spatial_sustained,0.6491,True
4637,221,221,1,1,947,spatial_sustained,0.6493,False
4638,221,221,1,2,1019,spatial_sustained,0.6169,True
4639,222,222,1,55,131,spatial_sustained,0.6735,True
4640,222,222,1,7,50,spatial_sustained,0.5503,True
4641,222,222,1,3,24,spatial_sustained,0.5669,True
4642,222,222,1,4,143,spatial_sustained,0.8125,True
4643,222,222,1,12,189,spatial_sustained,0.8629,True
4644,222,222,1,2,303,spatial_sustained,0.5568,True
4645,222,222,1,1,300,spatial_sustained,0.52,False
4646,222,222,1,2,307,spatial_sustained,0.5983,True
4647,222,222,1,1,350,spatial_sustained,0.7642,False
4648,222,222,1,9,462,spatial_sustained,0.5473,True
4649,222,222,1,1,389,spatial_sustained,0.5569,False
4650,222,222,1,1,400,spatial_sustained,0.5737,False
4651,222,222,1,1,402,spatial_sustained,0.5046,False
4652,222,222,1,4,444,spatial_sustained,0.587,True
4653,222,222,1,1,449,spatial_sustained,0.5519,False
4654,222,222,1,1,452,spatial_sustained,0.8286,False
4655,222,222,1,3,533,spatial_sustained,0.5583,True
4656,222,222,1,3,514,spatial_sustained,0.6378,True
4657,222,222,1,1,520,spatial_sustained,0.5085,False
4658,222,222,1,2,582,spatial_sustained,0.507,True
4659,222,222,1,1,559,spatial_sustained,0.557,False
4660,222,222,1,8,642,spatial_sustained,0.6434,True
4661,222,222,1,9,653,spatial_sustained,0.5997,True
4662,222,222,1,1,638,spatial_sustained,0.6178,False
4663,222,222,1,4,694,spatial_sustained,0.6576,True
4664,222,222,1,17,773,spatial_sustained,0.8193,True
4665,222,222,1,52,845,spatial_sustained,0.6374,True
4666,222,222,1,3,732,spatial_sustained,0.6587,True
4667,222,222,1,33,983,spatial_sustained,0.693,True
4668,222,222,1,1,799,spatial_sustained,0.6309,False
4669,222,222,1,1,912,spatial_sustained,0.529,False
4670,222,222,1,1,959,spatial_sustained,0.8282,False
4671,222,222,1,1,961,spatial_sustained,0.5246,False
4672,222,222,1,2,975,spatial_sustained,0.545,True
4673,223,223,1,1,1,spatial_sustained,0.8547,False
4674,223,223,1,1,7,spatial_sustained,0.551,False
4675,223,223,1,2,25,spatial_sustained,0.6536,True
4676,223,223,1,12,157,spatial_sustained,0.8592,True
4677,223,223,1,40,200,spatial_sustained,0.6698,True
4678,223,223,1,2,73,spatial_sustained,0.6247,True
4679,223,223,1,6,175,spatial_sustained,0.6066,True
4680,223,223,1,1,81,spatial_sustained,0.8536,False
4681,223,223,1,1,150,spatial_sustained,0.5076,False
4682,223,223,1,2,246,spatial_sustained,0.6223,True
4683,223,223,1,1,287,spatial_sustained,0.5111,False
4684,223,223,1,4,382,spatial_sustained,0.5988,True
4685,223,223,1,38,741,spatial_sustained,0.7165,True
4686,223,223,1,6,486,spatial_sustained,0.5857,True
4687,223,223,1,2,443,spatial_sustained,0.5555,True
4688,223,223,1,1,428,spatial_sustained,0.5177,False
4689,223,223,1,1,524,spatial_sustained,0.5006,False
4690,223,223,1,1,576,spatial_sustained,0.7136,False
4691,223,223,1,1,614,spatial_sustained,0.5077,False
4692,223,223,1,1,650,spatial_sustained,0.5453,False
4693,223,223,1,2,653,spatial_sustained,0.5679,True
4694,223,223,1,1,655,spatial_sustained,0.5802,False
4695,223,223,1,1,662,spatial_sustained,0.9793,False
4696,223,223,1,1,690,spatial_sustained,0.5925,False
4697,223,223,1,27,862,spatial_sustained,0.656,True
4698,223,223,1,2,758,spatial_sustained,0.5628,True
4699,223,223,1,1,746,spatial_sustained,0.9219,False
4700,223,223,1,6,783,spatial_sustained,0.5784,True
4701,223,223,1,1,754,spatial_sustained,0.5356,False
4702,223,223,1,14,966,spatial_sustained,0.6627,True
4703,223,223,1,2,876,spatial_sustained,0.5319,True
4704,223,223,1,1,857,spatial_sustained,0.6221,False
4705,223,223,1,1,874,spatial_sustained,0.5009,False
4706,223,223,1,1,913,spatial_sustained,0.5444,False
4707,223,223,1,1,919,spatial_sustained,0.5018,False
4708,223,223,1,8,974,spatial_sustained,0.6635,True
4709,223,223,1,1,1018,spatial_sustained,0.6219,False
4710,224,224,1,1,25,spatial_sustained,0.5175,False
4711,224,224,1,9,143,spatial_sustained,0.713,True
4712,224,224,1,8,195,spatial_sustained,0.7676,True
4713,224,224,1,3,118,spatial_sustained,0.5766,True
4714,224,224,1,9,158,spatial_sustained,0.9727,True
4715,224,224,1,1,246,spatial_sustained,0.8201,False
4716,224,224,1,2,282,spatial_sustained,0.5193,True
4717,224,224,1,1,441,spatial_sustained,0.5306,False
4718,224,224,1,2,528,spatial_sustained,0.5527,True
4719,224,224,1,1,509,spatial_sustained,0.5429,False
4720,224,224,1,1,513,spatial_sustained,0.9291,False
4721,224,224,1,1,662,spatial_sustained,0.9841,False
4722,224,224,1,10,742,spatial_sustained,0.9338,True
4723,224,224,1,12,828,spatial_sustained,0.6431,True
4724,224,224,1,5,777,spatial_sustained,0.6704,True
4725,224,224,1,3,752,spatial_sustained,0.5302,True
4726,224,224,1,1,816,spatial_sustained,0.5653,False
4727,224,224,1,1,837,spatial_sustained,0.513,False
4728,224,224,1,16,934,spatial_sustained,0.6866,True
4729,224,224,1,9,886,spatial_sustained,0.8785,True
4730,224,224,1,1,890,spatial_sustained,0.687,False
4731,224,224,1,1,960,spatial_sustained,0.72,False
4732,224,224,1,1,972,spatial_sustained,0.5713,False
4733,224,224,1,1,994,spatial_sustained,0.5564,False
4734,225,225,1,1,17,spatial_sustained,0.6248,False
4735,225,225,1,1,23,spatial_sustained,0.5291,False
4736,225,225,1,1,25,spatial_sustained,0.5165,False
4737,225,225,1,1,37,spatial_sustained,0.5802,False
4738,225,225,1,10,113,spatial_sustained,0.7274,True
4739,225,225,1,4,117,spatial_sustained,0.7215,True
4740,225,225,1,9,158,spatial_sustained,0.9738,True
4741,225,225,1,12,229,spatial_sustained,0.7228,True
4742,225,225,1,1,192,spatial_sustained,0.7071,False
4743,225,225,1,1,240,spatial_sustained,0.5165,False
4744,225,225,1,1,246,spatial_sustained,0.7403,False
4745,225,225,1,1,350,spatial_sustained,0.6642,False
4746,225,225,1,1,448,spatial_sustained,0.6866,False
4747,225,225,1,1,662,spatial_sustained,0.986,False
4748,225,225,1,1,677,spatial_sustained,0.5054,False
4749,225,225,1,1,768,spatial_sustained,0.7506,False
4750,225,225,1,1,807,spatial_sustained,0.7167,False
4751,225,225,1,1,831,spatial_sustained,0.8419,False
4752,225,225,1,9,886,spatial_sustained,0.9439,True
4753,225,225,1,2,929,spatial_sustained,0.83,True
4754,225,225,1,1,925,spatial_sustained,0.8393,False
4755,225,225,1,3,934,spatial_sustained,0.6817,True
4756,225,225,1,1,954,spatial_sustained,0.5316,False
4757,225,225,1,2,996,spatial_sustained,0.5687,True
4758,226,226,1,7,112,spatial_sustained,0.696,True
4759,226,226,1,1,85,spatial_sustained,0.5565,False
4760,226,226,1,11,196,spatial_sustained,0.7178,True
4761,226,226,1,10,158,spatial_sustained,0.9293,True
4762,226,226,1,1,246,spatial_sustained,0.5901,False
4763,226,226,1,2,350,spatial_sustained,0.8516,True
4764,226,226,1,1,390,spatial_sustained,0.9008,False
4765,226,226,1,1,412,spatial_sustained,0.7162,False
4766,226,226,1,1,559,spatial_sustained,0.5493,False
4767,226,226,1,1,767,spatial_sustained,0.8294,False
4768,226,226,1,2,841,spatial_sustained,0.8614,True
4769,226,226,1,2,868,spatial_sustained,0.6268,True
4770,226,226,1,9,886,spatial_sustained,0.9574,True
4771,226,226,1,2,894,spatial_sustained,0.5337,True
4772,226,226,1,2,937,spatial_sustained,0.5491,True
4773,226,226,1,1,939,spatial_sustained,0.5089,False
4774,226,226,1,1,954,spatial_sustained,0.6177,False
4775,226,226,1,2,1007,spatial_sustained,0.543,True
4776,226,226,1,1,1014,spatial_sustained,0.818,False
4777,226,226,1,1,1017,spatial_sustained,0.5526,False
4778,227,227,1,1,16,spatial_sustained,0.8185,False
4779,227,227,1,1,42,spatial_sustained,0.5654,False
4780,227,227,1,6,128,spatial_sustained,0.703,True
4781,227,227,1,3,111,spatial_sustained,0.7682,True
4782,227,227,1,9,158,spatial_sustained,0.9754,True
4783,227,227,1,3,227,spatial_sustained,0.7629,True
4784,227,227,1,1,282,spatial_sustained,0.5329,False
4785,227,227,1,1,312,spatial_sustained,0.5604,False
4786,227,227,1,1,318,spatial_sustained,0.6597,False
4787,227,227,1,1,352,spatial_sustained,0.681,False
4788,227,227,1,1,390,spatial_sustained,0.9644,False
4789,227,227,1,9,564,spatial_sustained,0.8944,True
4790,227,227,1,1,736,spatial_sustained,0.7518,False
4791,227,227,1,1,770,spatial_sustained,0.5273,False
4792,227,227,1,1,841,spatial_sustained,0.7878,False
4793,227,227,1,10,887,spatial_sustained,0.9476,True
4794,227,227,1,1,933,spatial_sustained,0.8483,False
4795,227,227,1,1,939,spatial_sustained,0.5686,False
4796,227,227,1,2,992,spatial_sustained,0.5463,True
4797,227,227,1,1,985,spatial_sustained,0.601,False
4798,227,227,1,1,1006,spatial_sustained,0.6393,False
4799,228,228,1,1,25,spatial_sustained,0.7582,False
4800,228,228,1,4,98,spatial_sustained,0.6285,True
4801,228,228,1,7,81,spatial_sustained,0.6617,True
4802,228,228,1,1,86,spatial_sustained,0.5665,False
4803,228,228,1,1,100,spatial_sustained,0.5374,False
4804,228,228,1,1,155,spatial_sustained,0.5597,False
4805,228,228,1,1,258,spatial_sustained,0.5585,False
4806,228,228,1,9,310,spatial_sustained,0.9068,True
4807,228,228,1,1,282,spatial_sustained,0.5208,False
4808,228,228,1,2,350,spatial_sustained,0.6264,True
4809,228,228,1,1,367,spatial_sustained,0.5079,False
4810,228,228,1,1,390,spatial_sustained,0.9831,False
4811,228,228,1,10,444,spatial_sustained,0.8809,True
4812,228,228,1,10,564,spatial_sustained,0.9126,True
4813,228,228,1,1,505,spatial_sustained,0.5436,False
4814,228,228,1,2,550,spatial_sustained,0.6743,True
4815,228,228,1,1,574,spatial_sustained,0.5092,False
4816,228,228,1,1,720,spatial_sustained,0.5291,False
4817,228,228,1,1,766,spatial_sustained,0.5567,False
4818,228,228,1,1,768,spatial_sustained,0.5521,False
4819,228,228,1,1,807,spatial_sustained,0.8534,False
4820,228,228,1,1,841,spatial_sustained,0.9411,False
4821,228,228,1,1,843,spatial_sustained,0.639,False
4822,228,228,1,11,887,spatial_sustained,0.9309,True
4823,228,228,1,1,896,spatial_sustained,0.5537,False
4824,228,228,1,6,970,spatial_sustained,0.5795,True
4825,228,228,1,1,914,spatial_sustained,0.5135,False
4826,228,228,1,2,963,spatial_sustained,0.5823,True
4827,228,228,1,1,1010,spatial_sustained,0.6046,False
4828,228,228,1,1,1017,spatial_sustained,0.5758,False
4829,229,229,1,1,3,spatial_sustained,0.5461,False
4830,229,229,1,1,12,spatial_sustained,0.5432,False
4831,229,229,1,1,66,spatial_sustained,0.5703,False
4832,229,229,1,2,112,spatial_sustained,0.5816,True
4833,229,229,1,3,129,spatial_sustained,0.8006,True
4834,229,229,1,2,166,spatial_sustained,0.7031,True
4835,229,229,1,4,258,spatial_sustained,0.731,True
4836,229,229,1,10,311,spatial_sustained,0.9209,True
4837,229,229,1,1,321,spatial_sustained,0.6077,False
4838,229,229,1,1,367,spatial_sustained,0.6109,False
4839,229,229,1,1,390,spatial_sustained,0.9821,False
4840,229,229,1,9,444,spatial_sustained,0.9375,True
4841,229,229,1,2,452,spatial_sustained,0.547,True
4842,229,229,1,1,505,spatial_sustained,0.5231,False
4843,229,229,1,2,550,spatial_sustained,0.637,True
4844,229,229,1,18,595,spatial_sustained,0.9403,True
4845,229,229,1,1,557,spatial_sustained,0.5938,False
4846,229,229,1,1,573,spatial_sustained,0.8871,False
4847,229,229,1,1,614,spatial_sustained,0.5174,False
4848,229,229,1,9,649,spatial_sustained,0.9053,True
4849,229,229,1,1,717,spatial_sustained,0.6097,False
4850,229,229,1,5,807,spatial_sustained,0.6937,True
4851,229,229,1,2,802,spatial_sustained,0.7072,True
4852,229,229,1,1,813,spatial_sustained,0.554,False
4853,229,229,1,1,843,spatial_sustained,0.5904,False
4854,229,229,1,9,886,spatial_sustained,0.9797,True
4855,229,229,1,5,929,spatial_sustained,0.6574,True
4856,229,229,1,2,901,spatial_sustained,0.7618,True
4857,229,229,1,1,912,spatial_sustained,0.6246,False
4858,229,229,1,1,925,spatial_sustained,0.5421,False
4859,229,229,1,1,987,spatial_sustained,0.5243,False
4860,230,230,1,1,0,spatial_sustained,0.5114,False
4861,230,230,1,2,16,spatial_sustained,0.5343,True
4862,230,230,1,2,112,spatial_sustained,0.5716,True
4863,230,230,1,3,129,spatial_sustained,0.7773,True
4864,230,230,1,2,198,spatial_sustained,0.5502,True
4865,230,230,1,1,170,spatial_sustained,0.6695,False
4866,230,230,1,5,227,spatial_sustained,0.8302,True
4867,230,230,1,9,310,spatial_sustained,0.974,True
4868,230,230,1,9,444,spatial_sustained,0.8923,True
4869,230,230,1,1,448,spatial_sustained,0.559,False
4870,230,230,1,25,598,spatial_sustained,0.9648,True
4871,230,230,1,1,573,spatial_sustained,0.9326,False
4872,230,230,1,9,649,spatial_sustained,0.9517,True
4873,230,230,1,1,678,spatial_sustained,0.5741,False
4874,230,230,1,1,742,spatial_sustained,0.5035,False
4875,230,230,1,1,886,spatial_sustained,0.5558,False
4876,230,230,1,1,935,spatial_sustained,0.5756,False
4877,230,230,1,1,955,spatial_sustained,0.5432,False
4878,231,231,1,2,112,spatial_sustained,0.8192,True
4879,231,231,1,8,119,spatial_sustained,0.8605,True
4880,231,231,1,2,160,spatial_sustained,0.6423,True
4881,231,231,1,7,227,spatial_sustained,0.767,True
4882,231,231,1,2,373,spatial_sustained,0.5702,True
4883,231,231,1,9,444,spatial_sustained,0.8869,True
4884,231,231,1,1,484,spatial_sustained,0.5622,False
4885,231,231,1,1,495,spatial_sustained,0.6979,False
4886,231,231,1,25,598,spatial_sustained,0.9906,True
4887,231,231,1,1,550,spatial_sustained,0.503,False
4888,231,231,1,9,649,spatial_sustained,0.9506,True
4889,231,231,1,1,766,spatial_sustained,0.5895,False
4890,231,231,1,1,808,spatial_sustained,0.8315,False
4891,231,231,1,1,893,spatial_sustained,0.5141,False
4892,231,231,1,1,900,spatial_sustained,0.509,False
4893,231,231,1,3,954,spatial_sustained,0.5485,True
4894,231,231,1,2,1007,spatial_sustained,0.5559,True
4895,231,231,1,1,1019,spatial_sustained,0.5506,False
4896,232,232,1,1,23,spatial_sustained,0.5034,False
4897,232,232,1,8,119,spatial_sustained,0.8955,True
4898,232,232,1,1,112,spatial_sustained,0.535,False
4899,232,232,1,1,196,spatial_sustained,0.9,False
4900,232,232,1,2,292,spatial_sustained,0.8216,True
4901,232,232,1,1,318,spatial_sustained,0.7666,False
4902,232,232,1,9,444,spatial_sustained,0.8546,True
4903,232,232,1,9,463,spatial_sustained,0.8421,True
4904,232,232,1,25,598,spatial_sustained,0.9918,True
4905,232,232,1,9,649,spatial_sustained,0.9521,True
4906,232,232,1,1,735,spatial_sustained,0.5472,False
4907,232,232,1,1,807,spatial_sustained,0.834,False
4908,232,232,1,1,822,spatial_sustained,0.5312,False
4909,232,232,1,1,841,spatial_sustained,0.6864,False
4910,232,232,1,1,870,spatial_sustained,0.5136,False
4911,232,232,1,1,942,spatial_sustained,0.554,False
4912,232,232,1,1,1003,spatial_sustained,0.5325,False
4913,233,233,1,2,16,spatial_sustained,0.8285,True
4914,233,233,1,1,21,spatial_sustained,0.5775,False
4915,233,233,1,1,28,spatial_sustained,0.7545,False
4916,233,233,1,8,119,spatial_sustained,0.9067,True
4917,233,233,1,9,143,spatial_sustained,0.9042,True
4918,233,233,1,1,161,spatial_sustained,0.8164,False
4919,233,233,1,6,260,spatial_sustained,0.7934,True
4920,233,233,1,2,350,spatial_sustained,0.7797,True
4921,233,233,1,9,444,spatial_sustained,0.922,True
4922,233,233,1,2,420,spatial_sustained,0.5695,True
4923,233,233,1,9,463,spatial_sustained,0.8825,True
4924,233,233,1,1,448,spatial_sustained,0.5444,False
4925,233,233,1,1,454,spatial_sustained,0.8898,False
4926,233,233,1,25,598,spatial_sustained,0.9934,True
4927,233,233,1,1,831,spatial_sustained,0.8402,False
4928,233,233,1,1,832,spatial_sustained,0.5335,False
4929,233,233,1,1,893,spatial_sustained,0.8307,False
4930,233,233,1,1,895,spatial_sustained,0.7127,False
4931,233,233,1,1,900,spatial_sustained,0.5921,False
4932,233,233,1,1,944,spatial_sustained,0.5355,False
4933,233,233,1,1,1003,spatial_sustained,0.5219,False
4934,234,234,1,1,15,spatial_sustained,0.6864,False
4935,234,234,1,1,23,spatial_sustained,0.8288,False
4936,234,234,1,1,65,spatial_sustained,0.554,False
4937,234,234,1,10,143,spatial_sustained,0.9245,True
4938,234,234,1,9,119,spatial_sustained,0.8364,True
4939,234,234,1,2,166,spatial_sustained,0.5901,True
4940,234,234,1,1,191,spatial_sustained,0.5569,False
4941,234,234,1,1,192,spatial_sustained,0.5824,False
4942,234,234,1,6,260,spatial_sustained,0.7958,True
4943,234,234,1,1,255,spatial_sustained,0.5391,False
4944,234,234,1,1,426,spatial_sustained,0.5255,False
4945,234,234,1,9,463,spatial_sustained,0.9033,True
4946,234,234,1,1,442,spatial_sustained,0.8264,False
4947,234,234,1,1,454,spatial_sustained,0.9384,False
4948,234,234,1,16,597,spatial_sustained,0.9924,True
4949,234,234,1,1,867,spatial_sustained,0.8841,False
4950,234,234,1,1,885,spatial_sustained,0.5305,False
4951,234,234,1,1,942,spatial_sustained,0.554,False
4952,234,234,1,1,945,spatial_sustained,0.5044,False
4953,235,235,1,2,15,spatial_sustained,0.7117,True
4954,235,235,1,1,17,spatial_sustained,0.8074,False
4955,235,235,1,1,20,spatial_sustained,0.5034,False
4956,235,235,1,1,23,spatial_sustained,0.871,False
4957,235,235,1,10,143,spatial_sustained,0.9444,True
4958,235,235,1,8,119,spatial_sustained,0.8924,True
4959,235,235,1,4,196,spatial_sustained,0.7446,True
4960,235,235,1,1,192,spatial_sustained,0.7357,False
4961,235,235,1,1,292,spatial_sustained,0.9989,False
4962,235,235,1,1,353,spatial_sustained,0.8246,False
4963,235,235,1,1,425,spatial_sustained,0.5946,False
4964,235,235,1,9,463,spatial_sustained,0.8883,True
4965,235,235,1,1,454,spatial_sustained,0.9414,False
4966,235,235,1,9,624,spatial_sustained,0.9345,True
4967,235,235,1,9,629,spatial_sustained,0.9971,True
4968,235,235,1,1,753,spatial_sustained,0.5029,False
4969,235,235,1,1,768,spatial_sustained,0.7857,False
4970,235,235,1,1,808,spatial_sustained,0.7008,False
4971,235,235,1,1,867,spatial_sustained,0.9768,False
4972,235,235,1,2,999,spatial_sustained,0.6683,True
4973,235,235,1,1,1001,spatial_sustained,0.5286,False
4974,235,235,1,2,1007,spatial_sustained,0.7417,True
4975,235,235,1,1,1017,spatial_sustained,0.5319,False
4976,236,236,1,1,23,spatial_sustained,0.9352,False
4977,236,236,1,9,119,spatial_sustained,0.8692,True
4978,236,236,1,9,143,spatial_sustained,0.98,True
4979,236,236,1,4,196,spatial_sustained,0.6701,True
4980,236,236,1,1,190,spatial_sustained,0.5617,False
4981,236,236,1,1,292,spatial_sustained,0.9606,False
4982,236,236,1,1,321,spatial_sustained,0.5974,False
4983,236,236,1,1,363,spatial_sustained,0.9478,False
4984,236,236,1,3,448,spatial_sustained,0.6242,True
4985,236,236,1,9,463,spatial_sustained,0.8908,True
4986,236,236,1,1,454,spatial_sustained,0.9467,False
4987,236,236,1,1,552,spatial_sustained,0.6508,False
4988,236,236,1,10,624,spatial_sustained,0.9681,True
4989,236,236,1,2,834,spatial_sustained,0.8123,True
4990,236,236,1,1,808,spatial_sustained,0.8294,False
4991,236,236,1,1,810,spatial_sustained,0.8483,False
4992,236,236,1,1,864,spatial_sustained,0.5782,False
4993,236,236,1,1,869,spatial_sustained,0.5014,False
4994,236,236,1,1,926,spatial_sustained,0.5255,False
4995,236,236,1,1,944,spatial_sustained,0.5143,False
4996,236,236,1,1,954,spatial_sustained,0.5424,False
4997,237,237,1,2,21,spatial_sustained,0.7395,True
4998,237,237,1,1,23,spatial_sustained,0.9536,False
4999,237,237,1,2,64,spatial_sustained,0.6922,True
5000,237,237,1,1,63,spatial_sustained,0.6686,False
5001,237,237,1,10,143,spatial_sustained,0.9683,True
5002,237,237,1,3,86,spatial_sustained,0.7685,True
5003,237,237,1,1,155,spatial_sustained,0.6357,False
5004,237,237,1,2,193,spatial_sustained,0.8061,True
5005,237,237,1,1,292,spatial_sustained,0.7935,False
5006,237,237,1,9,337,spatial_sustained,0.8971,True
5007,237,237,1,1,363,spatial_sustained,0.9946,False
5008,237,237,1,8,463,spatial_sustained,0.8582,True
5009,237,237,1,1,454,spatial_sustained,0.9123,False
5010,237,237,1,1,551,spatial_sustained,0.5141,False
5011,237,237,1,9,624,spatial_sustained,0.9479,True
5012,237,237,1,9,751,spatial_sustained,0.9238,True
5013,237,237,1,1,803,spatial_sustained,0.984,False
5014,237,237,1,5,924,spatial_sustained,0.6791,True
5015,237,237,1,1,937,spatial_sustained,0.6036,False
5016,237,237,1,1,940,spatial_sustained,0.5641,False
5017,237,237,1,3,999,spatial_sustained,0.5898,True
5018,238,238,1,2,17,spatial_sustained,0.5832,True
5019,238,238,1,1,23,spatial_sustained,0.9697,False
5020,238,238,1,1,26,spatial_sustained,0.6067,False
5021,238,238,1,16,175,spatial_sustained,0.9295,True
5022,238,238,1,1,196,spatial_sustained,0.6953,False
5023,238,238,1,1,260,spatial_sustained,0.5182,False
5024,238,238,1,1,288,spatial_sustained,0.604,False
5025,238,238,1,9,337,spatial_sustained,0.9703,True
5026,238,238,1,1,352,spatial_sustained,0.556,False
5027,238,238,1,1,363,spatial_sustained,0.9943,False
5028,238,238,1,1,383,spatial_sustained,0.5556,False
5029,238,238,1,1,431,spatial_sustained,0.5047,False
5030,238,238,1,1,448,spatial_sustained,0.5406,False
5031,238,238,1,1,454,spatial_sustained,0.9466,False
5032,238,238,1,9,624,spatial_sustained,0.9573,True
5033,238,238,1,9,751,spatial_sustained,0.989,True
5034,238,238,1,2,934,spatial_sustained,0.5956,True
5035,239,239,1,1,23,spatial_sustained,0.9756,False
5036,239,239,1,1,26,spatial_sustained,0.5276,False
5037,239,239,1,1,97,spatial_sustained,0.5518,False
5038,239,239,1,15,175,spatial_sustained,0.9911,True
5039,239,239,1,1,150,spatial_sustained,0.6069,False
5040,239,239,1,9,219,spatial_sustained,0.8681,True
5041,239,239,1,1,258,spatial_sustained,0.5411,False
5042,239,239,1,9,337,spatial_sustained,0.9838,True
5043,239,239,1,1,350,spatial_sustained,0.6857,False
5044,239,239,1,1,357,spatial_sustained,0.6142,False
5045,239,239,1,1,415,spatial_sustained,0.8711,False
5046,239,239,1,2,451,spatial_sustained,0.5672,True
5047,239,239,1,9,581,spatial_sustained,0.8418,True
5048,239,239,1,1,560,spatial_sustained,0.7872,False
5049,239,239,1,9,751,spatial_sustained,0.9966,True
5050,239,239,1,1,734,spatial_sustained,0.8029,False
5051,239,239,1,1,869,spatial_sustained,0.6964,False
5052,239,239,1,1,892,spatial_sustained,0.7988,False
5053,239,239,1,1,896,spatial_sustained,0.5009,False
5054,239,239,1,1,932,spatial_sustained,0.5148,False
5055,239,239,1,1,935,spatial_sustained,0.6011,False
5056,239,239,1,1,1014,spatial_sustained,0.5884,False
5057,240,240,1,1,23,spatial_sustained,1.0,False
5058,240,240,1,1,28,spatial_sustained,0.8147,False
5059,240,240,1,1,96,spatial_sustained,0.5982,False
5060,240,240,1,1,118,spatial_sustained,0.5929,False
5061,240,240,1,1,134,spatial_sustained,0.517,False
5062,240,240,1,1,136,spatial_sustained,0.6768,False
5063,240,240,1,9,207,spatial_sustained,0.6712,True
5064,240,240,1,9,219,spatial_sustained,0.6357,True
5065,240,240,1,9,337,spatial_sustained,0.9922,True
5066,240,240,1,1,321,spatial_sustained,0.5175,False
5067,240,240,1,1,415,spatial_sustained,0.5034,False
5068,240,240,1,8,581,spatial_sustained,0.6239,True
5069,240,240,1,9,751,spatial_sustained,1.0,True
5070,240,240,1,1,805,spatial_sustained,0.8844,False
5071,240,240,1,1,864,spatial_sustained,0.5158,False
5072,240,240,1,2,900,spatial_sustained,0.5069,True
5073,240,240,1,1,949,spatial_sustained,0.5327,False
5074,240,240,1,1,991,spatial_sustained,0.5529,False
5075,240,240,1,1,992,spatial_sustained,0.8072,False
5076,240,240,1,1,1012,spatial_sustained,0.5189,False
5077,241,241,1,1,0,spatial_sustained,0.8068,False
5078,241,241,1,1,3,spatial_sustained,0.6039,False
5079,241,241,1,1,23,spatial_sustained,0.9861,False
5080,241,241,1,9,207,spatial_sustained,0.6373,True
5081,241,241,1,9,219,spatial_sustained,0.623,True
5082,241,241,1,9,337,spatial_sustained,0.9958,True
5083,241,241,1,9,364,spatial_sustained,0.6176,True
5084,241,241,1,8,581,spatial_sustained,0.6024,True
5085,241,241,1,9,751,spatial_sustained,0.6946,True
5086,241,241,1,1,805,spatial_sustained,0.9652,False
5087,241,241,1,1,992,spatial_sustained,0.8108,False
5088,242,242,1,1,15,spatial_sustained,0.8423,False
5089,242,242,1,1,64,spatial_sustained,0.8079,False
5090,242,242,1,1,116,spatial_sustained,0.7346,False
5091,242,242,1,1,161,spatial_sustained,0.7173,False
5092,242,242,1,9,207,spatial_sustained,0.7198,True
5093,242,242,1,9,219,spatial_sustained,0.6922,True
5094,242,242,1,1,226,spatial_sustained,0.8131,False
5095,242,242,1,9,337,spatial_sustained,0.9976,True
5096,242,242,1,9,364,spatial_sustained,0.796,True
5097,242,242,1,1,357,spatial_sustained,0.5272,False
5098,242,242,1,2,442,spatial_sustained,0.7915,True
5099,242,242,1,9,581,spatial_sustained,0.6931,True
5100,242,242,1,9,751,spatial_sustained,0.8336,True
5101,242,242,1,1,736,spatial_sustained,0.6295,False
5102,242,242,1,1,805,spatial_sustained,1.0,False
5103,242,242,1,1,808,spatial_sustained,0.8282,False
5104,242,242,1,1,845,spatial_sustained,0.899,False
5105,242,242,1,1,933,spatial_sustained,0.5451,False
5106,242,242,1,1,963,spatial_sustained,0.5513,False
5107,242,242,1,1,1004,spatial_sustained,0.8211,False
5108,242,242,1,1,1017,spatial_sustained,0.5997,False
5109,243,243,1,1,13,spatial_sustained,0.5138,False
5110,243,243,1,1,133,spatial_sustained,0.5451,False
5111,243,243,1,1,196,spatial_sustained,0.6123,False
5112,243,243,1,1,292,spatial_sustained,0.5768,False
5113,243,243,1,9,337,spatial_sustained,0.9979,True
5114,243,243,1,9,364,spatial_sustained,0.8709,True
5115,243,243,1,1,383,spatial_sustained,0.5586,False
5116,243,243,1,1,412,spatial_sustained,0.5528,False
5117,243,243,1,1,416,spatial_sustained,0.8465,False
5118,243,243,1,1,474,spatial_sustained,0.7608,False
5119,243,243,1,8,581,spatial_sustained,0.8203,True
5120,243,243,1,1,716,spatial_sustained,0.5863,False
5121,243,243,1,9,751,spatial_sustained,0.8883,True
5122,243,243,1,1,805,spatial_sustained,1.0,False
5123,243,243,1,1,834,spatial_sustained,0.8033,False
5124,243,243,1,1,845,spatial_sustained,0.943,False
5125,243,243,1,3,881,spatial_sustained,0.5593,True
5126,243,243,1,1,886,spatial_sustained,0.5534,False
5127,243,243,1,1,904,spatial_sustained,0.5492,False
5128,243,243,1,1,932,spatial_sustained,0.5746,False
5129,243,243,1,1,967,spatial_sustained,0.5658,False
5130,243,243,1,1,969,spatial_sustained,0.5273,False
5131,243,243,1,1,974,spatial_sustained,0.7831,False
5132,243,243,1,1,976,spatial_sustained,0.5928,False
5133,243,243,1,4,1012,spatial_sustained,0.672,True
5134,243,243,1,1,1004,spatial_sustained,0.8208,False
5135,244,244,1,1,23,spatial_sustained,0.6791,False
5136,244,244,1,1,84,spatial_sustained,0.821,False
5137,244,244,1,1,112,spatial_sustained,0.509,False
5138,244,244,1,1,142,spatial_sustained,0.5237,False
5139,244,244,1,1,189,spatial_sustained,0.9526,False
5140,244,244,1,2,324,spatial_sustained,0.5713,True
5141,244,244,1,9,337,spatial_sustained,0.9984,True
5142,244,244,1,9,364,spatial_sustained,0.8812,True
5143,244,244,1,1,383,spatial_sustained,0.5447,False
5144,244,244,1,1,384,spatial_sustained,0.5097,False
5145,244,244,1,1,474,spatial_sustained,0.8534,False
5146,244,244,1,1,675,spatial_sustained,0.7672,False
5147,244,244,1,9,751,spatial_sustained,0.8817,True
5148,244,244,1,1,754,spatial_sustained,0.8071,False
5149,244,244,1,1,810,spatial_sustained,0.5676,False
5150,244,244,1,3,872,spatial_sustained,0.589,True
5151,244,244,1,1,920,spatial_sustained,0.814,False
5152,244,244,1,1,936,spatial_sustained,0.501,False
5153,244,244,1,3,975,spatial_sustained,0.5384,True
5154,244,244,1,1,987,spatial_sustained,0.5387,False
5155,244,244,1,1,997,spatial_sustained,0.842,False
5156,244,244,1,2,1013,spatial_sustained,0.6692,True
5157,244,244,1,1,1017,spatial_sustained,0.8259,False
5158,245,245,1,1,78,spatial_sustained,0.5501,False
5159,245,245,1,1,176,spatial_sustained,0.5589,False
5160,245,245,1,7,221,spatial_sustained,0.8131,True
5161,245,245,1,9,364,spatial_sustained,0.8772,True
5162,245,245,1,1,336,spatial_sustained,0.5083,False
5163,245,245,1,1,412,spatial_sustained,0.5239,False
5164,245,245,1,14,593,spatial_sustained,0.7962,True
5165,245,245,1,1,808,spatial_sustained,0.5948,False
5166,245,245,1,1,827,spatial_sustained,0.8582,False
5167,245,245,1,1,869,spatial_sustained,0.7676,False
5168,245,245,1,6,957,spatial_sustained,0.6671,True
5169,245,245,1,1,992,spatial_sustained,0.7297,False
5170,245,245,1,1,998,spatial_sustained,0.831,False
5171,246,246,1,1,29,spatial_sustained,0.5588,False
5172,246,246,1,2,160,spatial_sustained,0.6512,True
5173,246,246,1,1,143,spatial_sustained,0.5253,False
5174,246,246,1,5,227,spatial_sustained,0.6677,True
5175,246,246,1,8,222,spatial_sustained,0.8295,True
5176,246,246,1,3,257,spatial_sustained,0.7972,True
5177,246,246,1,1,385,spatial_sustained,0.5203,False
5178,246,246,1,1,525,spatial_sustained,0.549,False
5179,246,246,1,1,640,spatial_sustained,0.7939,False
5180,246,246,1,3,765,spatial_sustained,0.5647,True
5181,246,246,1,11,823,spatial_sustained,0.8484,True
5182,246,246,1,1,827,spatial_sustained,0.887,False
5183,246,246,1,1,863,spatial_sustained,0.6381,False
5184,246,246,1,9,903,spatial_sustained,0.923,True
5185,246,246,1,1,1007,spatial_sustained,0.5278,False
5186,247,247,1,1,24,spatial_sustained,0.5383,False
5187,247,247,1,2,69,spatial_sustained,0.5222,True
5188,247,247,1,5,163,spatial_sustained,0.7718,True
5189,247,247,1,2,192,spatial_sustained,0.7074,True
5190,247,247,1,7,221,spatial_sustained,0.8665,True
5191,247,247,1,3,257,spatial_sustained,0.8454,True
5192,247,247,1,2,350,spatial_sustained,0.7745,True
5193,247,247,1,1,343,spatial_sustained,0.9507,False
5194,247,247,1,1,353,spatial_sustained,0.5008,False
5195,247,247,1,1,414,spatial_sustained,0.511,False
5196,247,247,1,16,516,spatial_sustained,0.85,True
5197,247,247,1,8,510,spatial_sustained,0.8349,True
5198,247,247,1,1,499,spatial_sustained,0.865,False
5199,247,247,1,1,512,spatial_sustained,0.8798,False
5200,247,247,1,9,822,spatial_sustained,0.9927,True
5201,247,247,1,1,800,spatial_sustained,0.6201,False
5202,247,247,1,1,827,spatial_sustained,0.9016,False
5203,247,247,1,9,903,spatial_sustained,0.97,True
5204,247,247,1,1,896,spatial_sustained,0.5062,False
5205,247,247,1,1,926,spatial_sustained,0.566,False
5206,247,247,1,1,991,spatial_sustained,0.5004,False
5207,247,247,1,1,1000,spatial_sustained,0.8885,False
5208,248,248,1,1,28,spatial_sustained,0.8153,False
5209,248,248,1,1,112,spatial_sustained,0.9,False
5210,248,248,1,3,195,spatial_sustained,0.8868,True
5211,248,248,1,1,343,spatial_sustained,1.0,False
5212,248,248,1,1,351,spatial_sustained,0.6253,False
5213,248,248,1,14,488,spatial_sustained,0.9406,True
5214,248,248,1,8,510,spatial_sustained,0.866,True
5215,248,248,1,1,499,spatial_sustained,0.9376,False
5216,248,248,1,1,512,spatial_sustained,0.9477,False
5217,248,248,1,1,560,spatial_sustained,0.609,False
5218,248,248,1,9,685,spatial_sustained,0.9043,True
5219,248,248,1,1,671,spatial_sustained,0.5128,False
5220,248,248,1,9,822,spatial_sustained,0.9999,True
5221,248,248,1,1,819,spatial_sustained,0.8722,False
5222,248,248,1,1,827,spatial_sustained,0.922,False
5223,248,248,1,9,902,spatial_sustained,0.9599,True
5224,248,248,1,9,975,spatial_sustained,0.8017,True
5225,248,248,1,1,949,spatial_sustained,0.5171,False
5226,248,248,1,1,1000,spatial_sustained,0.9331,False
5227,248,248,1,1,1010,spatial_sustained,0.5278,False
5228,249,249,1,3,111,spatial_sustained,0.8092,True
5229,249,249,1,8,163,spatial_sustained,0.6509,True
5230,249,249,1,2,289,spatial_sustained,0.7177,True
5231,249,249,1,1,343,spatial_sustained,0.9992,False
5232,249,249,1,3,414,spatial_sustained,0.6219,True
5233,249,249,1,14,488,spatial_sustained,0.9481,True
5234,249,249,1,9,510,spatial_sustained,0.853,True
5235,249,249,1,1,497,spatial_sustained,0.5477,False
5236,249,249,1,1,499,spatial_sustained,0.9797,False
5237,249,249,1,1,512,spatial_sustained,0.9629,False
5238,249,249,1,1,560,spatial_sustained,0.6816,False
5239,249,249,1,9,685,spatial_sustained,0.9965,True
5240,249,249,1,1,677,spatial_sustained,0.539,False
5241,249,249,1,1,712,spatial_sustained,0.5249,False
5242,249,249,1,9,822,spatial_sustained,0.9992,True
5243,249,249,1,1,819,spatial_sustained,0.9266,False
5244,249,249,1,1,827,spatial_sustained,0.9415,False
5245,249,249,1,1,919,spatial_sustained,0.7054,False
5246,249,249,1,1,935,spatial_sustained,0.6226,False
5247,249,249,1,9,975,spatial_sustained,0.8533,True
5248,249,249,1,1,985,spatial_sustained,0.6343,False
5249,249,249,1,1,993,spatial_sustained,0.6249,False
5250,249,249,1,2,1001,spatial_sustained,0.8128,True
5251,250,250,1,1,16,spatial_sustained,0.8203,False
5252,250,250,1,1,26,spatial_sustained,0.8076,False
5253,250,250,1,1,28,spatial_sustained,0.8155,False
5254,250,250,1,2,112,spatial_sustained,0.7457,True
5255,250,250,1,5,195,spatial_sustained,0.7802,True
5256,250,250,1,1,161,spatial_sustained,0.6238,False
5257,250,250,1,1,257,spatial_sustained,0.6305,False
5258,250,250,1,1,343,spatial_sustained,0.9973,False
5259,250,250,1,14,488,spatial_sustained,0.9588,True
5260,250,250,1,8,510,spatial_sustained,0.8895,True
5261,250,250,1,1,499,spatial_sustained,0.9895,False
5262,250,250,1,1,512,spatial_sustained,0.9653,False
5263,250,250,1,9,685,spatial_sustained,0.9977,True
5264,250,250,1,9,822,spatial_sustained,0.9976,True
5265,250,250,1,1,808,spatial_sustained,0.5367,False
5266,250,250,1,1,819,spatial_sustained,0.9388,False
5267,250,250,1,1,827,spatial_sustained,0.9549,False
5268,250,250,1,9,975,spatial_sustained,0.8684,True
5269,250,250,1,1,949,spatial_sustained,0.5786,False
5270,250,250,1,2,1001,spatial_sustained,0.789,True
5271,251,251,1,1,20,spatial_sustained,0.6263,False
5272,251,251,1,1,23,spatial_sustained,0.5674,False
5273,251,251,1,1,164,spatial_sustained,0.9877,False
5274,251,251,1,1,318,spatial_sustained,0.7553,False
5275,251,251,1,1,343,spatial_sustained,0.9949,False
5276,251,251,1,1,381,spatial_sustained,0.5054,False
5277,251,251,1,1,442,spatial_sustained,0.8179,False
5278,251,251,1,9,485,spatial_sustained,0.9535,True
5279,251,251,1,9,510,spatial_sustained,0.8686,True
5280,251,251,1,1,495,spatial_sustained,0.5058,False
5281,251,251,1,1,499,spatial_sustained,0.9874,False
5282,251,251,1,1,512,spatial_sustained,0.9479,False
5283,251,251,1,1,625,spatial_sustained,0.9648,False
5284,251,251,1,9,822,spatial_sustained,0.9964,True
5285,251,251,1,1,808,spatial_sustained,0.8202,False
5286,251,251,1,1,864,spatial_sustained,0.6453,False
5287,251,251,1,1,905,spatial_sustained,0.571,False
5288,251,251,1,9,975,spatial_sustained,0.9083,True
5289,251,251,1,2,992,spatial_sustained,0.6823,True
5290,251,251,1,2,1001,spatial_sustained,0.8136,True
5291,251,251,1,1,1016,spatial_sustained,0.5055,False
5292,252,252,1,2,16,spatial_sustained,0.8238,True
5293,252,252,1,1,23,spatial_sustained,0.617,False
5294,252,252,1,1,59,spatial_sustained,0.8119,False
5295,252,252,1,1,160,spatial_sustained,0.5632,False
5296,252,252,1,1,164,spatial_sustained,0.9898,False
5297,252,252,1,1,227,spatial_sustained,0.7552,False
5298,252,252,1,1,343,spatial_sustained,0.994,False
5299,252,252,1,2,448,spatial_sustained,0.628,True
5300,252,252,1,10,486,spatial_sustained,0.9237,True
5301,252,252,1,8,510,spatial_sustained,0.9174,True
5302,252,252,1,1,499,spatial_sustained,0.985,False
5303,252,252,1,1,512,spatial_sustained,0.9671,False
5304,252,252,1,1,614,spatial_sustained,0.5081,False
5305,252,252,1,1,625,spatial_sustained,1.0,False
5306,252,252,1,1,678,spatial_sustained,0.5602,False
5307,252,252,1,2,714,spatial_sustained,0.5803,True
5308,252,252,1,3,720,spatial_sustained,0.6005,True
5309,252,252,1,1,737,spatial_sustained,0.6619,False
5310,252,252,1,1,791,spatial_sustained,0.6615,False
5311,252,252,1,2,916,spatial_sustained,0.5469,True
5312,252,252,1,2,932,spatial_sustained,0.536,True
5313,252,252,1,3,935,spatial_sustained,0.5667,True
5314,252,252,1,1,910,spatial_sustained,0.5753,False
5315,252,252,1,1,944,spatial_sustained,0.559,False
5316,252,252,1,1,959,spatial_sustained,0.662,False
5317,252,252,1,2,1001,spatial_sustained,0.9238,True
5318,252,252,1,1,1012,spatial_sustained,0.5211,False
5319,253,253,1,2,227,spatial_sustained,0.6677,True
5320,253,253,1,1,333,spatial_sustained,0.5227,False
5321,253,253,1,1,367,spatial_sustained,0.5612,False
5322,253,253,1,1,371,spatial_sustained,0.5145,False
5323,253,253,1,9,485,spatial_sustained,0.9634,True
5324,253,253,1,1,465,spatial_sustained,0.8914,False
5325,253,253,1,9,509,spatial_sustained,0.8724,True
5326,253,253,1,1,499,spatial_sustained,0.9843,False
5327,253,253,1,2,544,spatial_sustained,0.7912,True
5328,253,253,1,1,617,spatial_sustained,0.5061,False
5329,253,253,1,2,656,spatial_sustained,0.7766,True
5330,253,253,1,3,713,spatial_sustained,0.5631,True
5331,253,253,1,1,737,spatial_sustained,0.6277,False
5332,253,253,1,1,808,spatial_sustained,0.7118,False
5333,253,253,1,1,820,spatial_sustained,0.5701,False
5334,253,253,1,1,838,spatial_sustained,0.5118,False
5335,253,253,1,1,885,spatial_sustained,0.6443,False
5336,253,253,1,2,920,spatial_sustained,0.694,True
5337,253,253,1,1,890,spatial_sustained,0.5256,False
5338,253,253,1,1,897,spatial_sustained,0.6102,False
5339,253,253,1,1,932,spatial_sustained,0.5302,False
5340,253,253,1,2,935,spatial_sustained,0.5389,True
5341,253,253,1,1,948,spatial_sustained,0.6563,False
5342,253,253,1,2,1001,spatial_sustained,0.9296,True
5343,254,254,1,1,0,spatial_sustained,0.5105,False
5344,254,254,1,1,15,spatial_sustained,0.7694,False
5345,254,254,1,1,23,spatial_sustained,0.6016,False
5346,254,254,1,1,112,spatial_sustained,0.5772,False
5347,254,254,1,1,150,spatial_sustained,0.6342,False
5348,254,254,1,4,226,spatial_sustained,0.8543,True
5349,254,254,1,9,318,spatial_sustained,0.8706,True
5350,254,254,1,10,486,spatial_sustained,0.9457,True
5351,254,254,1,1,465,spatial_sustained,0.9835,False
5352,254,254,1,1,511,spatial_sustained,0.6754,False
5353,254,254,1,1,625,spatial_sustained,1.0,False
5354,254,254,1,1,833,spatial_sustained,0.5357,False
5355,254,254,1,1,895,spatial_sustained,0.5098,False
5356,254,254,1,1,897,spatial_sustained,0.5475,False
5357,254,254,1,1,933,spatial_sustained,0.7386,False
5358,254,254,1,1,935,spatial_sustained,0.6418,False
5359,254,254,1,1,1001,spatial_sustained,0.8043,False
5360,254,254,1,1,1004,spatial_sustained,0.8231,False
5361,254,254,1,1,1008,spatial_sustained,0.565,False
5362,255,255,1,1,112,spatial_sustained,0.843,False
5363,255,255,1,1,196,spatial_sustained,0.5045,False
5364,255,255,1,9,318,spatial_sustained,0.9264,True
5365,255,255,1,1,437,spatial_sustained,0.8927,False
5366,255,255,1,1,465,spatial_sustained,0.9864,False
5367,255,255,1,1,495,spatial_sustained,0.8214,False
5368,255,255,1,1,625,spatial_sustained,1.0,False
5369,255,255,1,2,717,spatial_sustained,0.5713,True
5370,255,255,1,1,767,spatial_sustained,0.6317,False
5371,255,255,1,1,934,spatial_sustained,0.5016,False
5372,255,255,1,3,1016,spatial_sustained,0.5874,True
5373,256,256,1,1,14,spatial_sustained,0.5386,False
5374,256,256,1,1,28,spatial_sustained,0.6832,False
5375,256,256,1,1,160,spatial_sustained,0.5313,False
5376,256,256,1,9,318,spatial_sustained,0.9264,True
5377,256,256,1,1,417,spatial_sustained,0.5349,False
5378,256,256,1,1,437,spatial_sustained,0.9486,False
5379,256,256,1,1,465,spatial_sustained,0.9878,False
5380,256,256,1,9,563,spatial_sustained,0.9293,True
5381,256,256,1,9,637,spatial_sustained,0.8403,True
5382,256,256,1,1,621,spatial_sustained,0.5129,False
5383,256,256,1,7,720,spatial_sustained,0.8938,True
5384,256,256,1,1,737,spatial_sustained,0.5156,False
5385,256,256,1,9,777,spatial_sustained,0.8804,True
5386,256,256,1,2,865,spatial_sustained,0.5053,True
5387,256,256,1,1,870,spatial_sustained,0.5464,False
5388,256,256,1,1,942,spatial_sustained,0.5246,False
5389,256,256,1,1,971,spatial_sustained,0.8966,False
5390,257,257,1,1,0,spatial_sustained,0.8062,False
5391,257,257,1,1,17,spatial_sustained,0.7223,False
5392,257,257,1,1,23,spatial_sustained,0.5171,False
5393,257,257,1,2,59,spatial_sustained,0.6234,True
5394,257,257,1,1,112,spatial_sustained,0.8809,False
5395,257,257,1,2,163,spatial_sustained,0.8219,True
5396,257,257,1,9,318,spatial_sustained,0.9261,True
5397,257,257,1,2,448,spatial_sustained,0.6144,True
5398,257,257,1,1,465,spatial_sustained,0.9933,False
5399,257,257,1,9,563,spatial_sustained,0.9716,True
5400,257,257,1,9,637,spatial_sustained,0.8944,True
5401,257,257,1,7,720,spatial_sustained,0.9802,True
5402,257,257,1,1,736,spatial_sustained,0.5382,False
5403,257,257,1,9,777,spatial_sustained,0.9445,True
5404,257,257,1,1,880,spatial_sustained,0.5342,False
5405,257,257,1,1,904,spatial_sustained,0.6378,False
5406,257,257,1,1,946,spatial_sustained,0.5123,False
5407,257,257,1,1,949,spatial_sustained,0.5663,False
5408,257,257,1,1,955,spatial_sustained,0.5167,False
5409,257,257,1,2,1003,spatial_sustained,0.8313,True
5410,257,257,1,1,1010,spatial_sustained,0.6252,False
5411,257,257,1,1,1012,spatial_sustained,0.5112,False
5412,257,257,1,1,1014,spatial_sustained,0.5039,False
5413,257,257,1,1,1020,spatial_sustained,0.5274,False
5414,258,258,1,1,59,spatial_sustained,0.5257,False
5415,258,258,1,1,112,spatial_sustained,0.7224,False
5416,258,258,1,5,196,spatial_sustained,0.6474,True
5417,258,258,1,1,192,spatial_sustained,0.8227,False
5418,258,258,1,9,318,spatial_sustained,0.9389,True
5419,258,258,1,1,417,spatial_sustained,0.6928,False
5420,258,258,1,1,465,spatial_sustained,1.0,False
5421,258,258,1,9,563,spatial_sustained,0.9717,True
5422,258,258,1,9,777,spatial_sustained,0.9562,True
5423,258,258,1,2,767,spatial_sustained,0.6739,True
5424,258,258,1,1,895,spatial_sustained,0.651,False
5425,258,258,1,1,971,spatial_sustained,0.9289,False
5426,258,258,1,1,1012,spatial_sustained,0.5502,False
5427,259,259,1,1,195,spatial_sustained,0.5907,False
5428,259,259,1,1,258,spatial_sustained,0.7509,False
5429,259,259,1,9,318,spatial_sustained,0.9469,True
5430,259,259,1,1,320,spatial_sustained,0.8049,False
5431,259,259,1,1,417,spatial_sustained,0.648,False
5432,259,259,1,1,465,spatial_sustained,1.0,False
5433,259,259,1,9,563,spatial_sustained,0.9776,True
5434,259,259,1,8,777,spatial_sustained,0.9301,True
5435,259,259,1,1,892,spatial_sustained,0.5737,False
5436,259,259,1,1,936,spatial_sustained,0.5267,False
5437,259,259,1,1,955,spatial_sustained,0.5433,False
5438,259,259,1,1,971,spatial_sustained,0.9382,False
5439,259,259,1,2,1008,spatial_sustained,0.6512,True
5440,260,260,1,1,66,spatial_sustained,0.639,False
5441,260,260,1,9,318,spatial_sustained,0.9539,True
5442,260,260,1,1,417,spatial_sustained,0.517,False
5443,260,260,1,1,421,spatial_sustained,0.8817,False
5444,260,260,1,1,427,spatial_sustained,0.8813,False
5445,260,260,1,1,465,spatial_sustained,1.0,False
5446,260,260,1,9,521,spatial_sustained,0.8892,True
5447,260,260,1,9,563,spatial_sustained,0.981,True
5448,260,260,1,1,717,spatial_sustained,0.516,False
5449,260,260,1,8,777,spatial_sustained,0.9295,True
5450,260,260,1,1,933,spatial_sustained,0.8787,False
5451,260,260,1,1,985,spatial_sustained,0.8622,False
5452,260,260,1,1,990,spatial_sustained,0.8102,False
5453,260,260,1,1,995,spatial_sustained,0.543,False
5454,260,260,1,1,1004,spatial_sustained,0.8187,False
5455,260,260,1,1,1008,spatial_sustained,0.5511,False
5456,260,260,1,1,1013,spatial_sustained,0.7343,False
5457,261,261,1,1,15,spatial_sustained,0.8257,False
5458,261,261,1,1,95,spatial_sustained,0.5,False
5459,261,261,1,1,101,spatial_sustained,0.8049,False
5460,261,261,1,1,111,spatial_sustained,0.9374,False
5461,261,261,1,2,227,spatial_sustained,0.5868,True
5462,261,261,1,1,246,spatial_sustained,0.512,False
5463,261,261,1,9,318,spatial_sustained,0.9558,True
5464,261,261,1,1,421,spatial_sustained,0.995,False
5465,261,261,1,1,427,spatial_sustained,0.9959,False
5466,261,261,1,1,449,spatial_sustained,0.693,False
5467,261,261,1,10,522,spatial_sustained,0.8223,True
5468,261,261,1,9,563,spatial_sustained,0.9147,True
5469,261,261,1,8,721,spatial_sustained,0.8518,True
5470,261,261,1,8,777,spatial_sustained,0.876,True
5471,261,261,1,1,869,spatial_sustained,0.8242,False
5472,261,261,1,1,887,spatial_sustained,0.6123,False
5473,261,261,1,1,985,spatial_sustained,0.9249,False
5474,261,261,1,1,997,spatial_sustained,0.629,False
5475,261,261,1,1,1007,spatial_sustained,0.5079,False
5476,262,262,1,3,95,spatial_sustained,0.6461,True
5477,262,262,1,2,112,spatial_sustained,0.8964,True
5478,262,262,1,1,150,spatial_sustained,0.5753,False
5479,262,262,1,1,412,spatial_sustained,0.5002,False
5480,262,262,1,1,421,spatial_sustained,0.9954,False
5481,262,262,1,1,427,spatial_sustained,0.9966,False
5482,262,262,1,1,451,spatial_sustained,0.5102,False
5483,262,262,1,7,720,spatial_sustained,0.9426,True
5484,262,262,1,8,777,spatial_sustained,0.9227,True
5485,262,262,1,1,893,spatial_sustained,0.5285,False
5486,262,262,1,1,901,spatial_sustained,0.5139,False
5487,262,262,1,1,903,spatial_sustained,0.6039,False
5488,262,262,1,1,940,spatial_sustained,0.6462,False
5489,262,262,1,1,942,spatial_sustained,0.5627,False
5490,262,262,1,2,959,spatial_sustained,0.7578,True
5491,262,262,1,1,985,spatial_sustained,0.9414,False
5492,262,262,1,1,1022,spatial_sustained,0.5183,False
5493,263,263,1,1,111,spatial_sustained,0.9717,False
5494,263,263,1,1,136,spatial_sustained,0.5781,False
5495,263,263,1,1,410,spatial_sustained,0.6935,False
5496,263,263,1,1,421,spatial_sustained,0.9987,False
5497,263,263,1,1,425,spatial_sustained,0.517,False
5498,263,263,1,1,427,spatial_sustained,0.999,False
5499,263,263,1,2,756,spatial_sustained,0.8457,True
5500,263,263,1,1,840,spatial_sustained,0.6848,False
5501,263,263,1,2,937,spatial_sustained,0.6054,True
5502,263,263,1,1,939,spatial_sustained,0.5449,False
5503,263,263,1,1,985,spatial_sustained,0.9473,False
5504,264,264,1,1,152,spatial_sustained,0.5344,False
5505,264,264,1,10,247,spatial_sustained,0.8552,True
5506,264,264,1,5,338,spatial_sustained,0.5253,True
5507,264,264,1,1,341,spatial_sustained,0.5194,False
5508,264,264,1,1,421,spatial_sustained,0.7292,False
5509,264,264,1,1,441,spatial_sustained,0.5055,False
5510,264,264,1,1,495,spatial_sustained,0.8691,False
5511,264,264,1,7,563,spatial_sustained,0.5292,True
5512,264,264,1,6,720,spatial_sustained,0.5246,True
5513,264,264,1,2,661,spatial_sustained,0.5293,True
5514,264,264,1,1,724,spatial_sustained,0.7264,False
5515,264,264,1,4,777,spatial_sustained,0.5095,True
5516,264,264,1,1,904,spatial_sustained,0.5288,False
5517,264,264,1,1,942,spatial_sustained,0.5039,False
5518,264,264,1,1,971,spatial_sustained,0.8887,False
5519,264,264,1,1,985,spatial_sustained,0.9829,False
5520,265,265,1,9,246,spatial_sustained,0.958,True
5521,265,265,1,1,317,spatial_sustained,0.5007,False
5522,265,265,1,1,421,spatial_sustained,0.6898,False
5523,265,265,1,1,495,spatial_sustained,0.9168,False
5524,265,265,1,9,698,spatial_sustained,0.8743,True
5525,265,265,1,1,724,spatial_sustained,0.6937,False
5526,265,265,1,1,843,spatial_sustained,0.5252,False
5527,265,265,1,1,902,spatial_sustained,0.5618,False
5528,265,265,1,1,971,spatial_sustained,0.9789,False
5529,265,265,1,1,985,spatial_sustained,0.5502,False
5530,266,266,1,1,7,spatial_sustained,0.6748,False
5531,266,266,1,1,23,spatial_sustained,0.5391,False
5532,266,266,1,1,59,spatial_sustained,0.5315,False
5533,266,266,1,1,77,spatial_sustained,0.6566,False
5534,266,266,1,9,246,spatial_sustained,0.9748,True
5535,266,266,1,1,228,spatial_sustained,0.5035,False
5536,266,266,1,1,416,spatial_sustained,0.823,False
5537,266,266,1,11,485,spatial_sustained,0.8157,True
5538,266,266,1,1,523,spatial_sustained,0.5978,False
5539,266,266,1,1,586,spatial_sustained,0.5148,False
5540,266,266,1,1,639,spatial_sustained,0.5786,False
5541,266,266,1,1,643,spatial_sustained,0.5083,False
5542,266,266,1,1,660,spatial_sustained,0.5595,False
5543,266,266,1,9,698,spatial_sustained,0.9719,True
5544,266,266,1,2,702,spatial_sustained,0.5255,True
5545,266,266,1,5,746,spatial_sustained,0.6132,True
5546,266,266,1,3,754,spatial_sustained,0.623,True
5547,266,266,1,4,741,spatial_sustained,0.5237,True
5548,266,266,1,1,751,spatial_sustained,0.5835,False
5549,266,266,1,1,791,spatial_sustained,0.5893,False
5550,266,266,1,1,805,spatial_sustained,0.5156,False
5551,266,266,1,1,826,spatial_sustained,0.5289,False
5552,266,266,1,1,844,spatial_sustained,0.5066,False
5553,266,266,1,1,913,spatial_sustained,0.5881,False
5554,266,266,1,1,918,spatial_sustained,0.5322,False
5555,266,266,1,1,927,spatial_sustained,0.5319,False
5556,266,266,1,1,942,spatial_sustained,0.5687,False
5557,266,266,1,1,971,spatial_sustained,0.9362,False
5558,266,266,1,1,992,spatial_sustained,0.6181,False
5559,266,266,1,1,1008,spatial_sustained,0.5418,False
5560,267,267,1,1,26,spatial_sustained,0.8185,False
5561,267,267,1,2,65,spatial_sustained,0.6863,True
5562,267,267,1,1,152,spatial_sustained,0.5132,False
5563,267,267,1,5,189,spatial_sustained,0.5629,True
5564,267,267,1,2,227,spatial_sustained,0.5698,True
5565,267,267,1,9,246,spatial_sustained,0.9871,True
5566,267,267,1,2,238,spatial_sustained,0.5191,True
5567,267,267,1,1,251,spatial_sustained,0.5065,False
5568,267,267,1,5,305,spatial_sustained,0.5497,True
5569,267,267,1,3,317,spatial_sustained,0.5358,True
5570,267,267,1,2,319,spatial_sustained,0.604,True
5571,267,267,1,1,298,spatial_sustained,0.5112,False
5572,267,267,1,1,300,spatial_sustained,0.5389,False
5573,267,267,1,1,315,spatial_sustained,0.5057,False
5574,267,267,1,16,484,spatial_sustained,0.7064,True
5575,267,267,1,1,364,spatial_sustained,0.5581,False
5576,267,267,1,1,442,spatial_sustained,0.8191,False
5577,267,267,1,2,510,spatial_sustained,0.5173,True
5578,267,267,1,4,593,spatial_sustained,0.5491,True
5579,267,267,1,1,603,spatial_sustained,0.5218,False
5580,267,267,1,11,698,spatial_sustained,0.9194,True
5581,267,267,1,1,702,spatial_sustained,0.5283,False
5582,267,267,1,5,741,spatial_sustained,0.57,True
5583,267,267,1,1,754,spatial_sustained,0.7656,False
5584,267,267,1,1,757,spatial_sustained,0.5186,False
5585,267,267,1,2,791,spatial_sustained,0.5282,True
5586,267,267,1,1,766,spatial_sustained,0.6372,False
5587,267,267,1,1,806,spatial_sustained,0.5324,False
5588,267,267,1,1,810,spatial_sustained,0.5257,False
5589,267,267,1,1,821,spatial_sustained,0.5184,False
5590,267,267,1,1,855,spatial_sustained,0.6947,False
5591,267,267,1,1,872,spatial_sustained,0.5061,False
5592,267,267,1,2,913,spatial_sustained,0.5387,True
5593,267,267,1,1,906,spatial_sustained,0.5326,False
5594,267,267,1,3,941,spatial_sustained,0.5802,True
5595,267,267,1,1,971,spatial_sustained,0.8926,False
5596,267,267,1,1,978,spatial_sustained,0.5027,False
5597,267,267,1,1,999,spatial_sustained,0.6299,False
5598,268,268,1,1,137,spatial_sustained,0.5122,False
5599,268,268,1,9,246,spatial_sustained,0.991,True
5600,268,268,1,1,239,spatial_sustained,0.5931,False
5601,268,268,1,1,257,spatial_sustained,0.5932,False
5602,268,268,1,1,304,spatial_sustained,0.5178,False
5603,268,268,1,1,349,spatial_sustained,0.5747,False
5604,268,268,1,11,486,spatial_sustained,0.7611,True
5605,268,268,1,2,613,spatial_sustained,0.5119,True
5606,268,268,1,9,698,spatial_sustained,0.9994,True
5607,268,268,1,2,743,spatial_sustained,0.5415,True
5608,268,268,1,1,765,spatial_sustained,0.5216,False
5609,268,268,1,1,767,spatial_sustained,0.8149,False
5610,268,268,1,1,805,spatial_sustained,0.5088,False
5611,268,268,1,1,809,spatial_sustained,0.583,False
5612,268,268,1,2,865,spatial_sustained,0.5711,True
5613,268,268,1,1,885,spatial_sustained,0.5349,False
5614,268,268,1,1,888,spatial_sustained,0.5659,False
5615,268,268,1,1,904,spatial_sustained,0.7886,False
5616,268,268,1,3,989,spatial_sustained,0.5371,True
5617,268,268,1,1,971,spatial_sustained,0.8923,False
5618,268,268,1,1,1018,spatial_sustained,0.52,False
5619,269,269,1,2,27,spatial_sustained,0.8133,True
5620,269,269,1,1,77,spatial_sustained,0.5101,False
5621,269,269,1,1,84,spatial_sustained,0.5439,False
5622,269,269,1,1,143,spatial_sustained,0.5361,False
5623,269,269,1,4,258,spatial_sustained,0.72,True
5624,269,269,1,9,294,spatial_sustained,0.8773,True
5625,269,269,1,4,350,spatial_sustained,0.651,True
5626,269,269,1,1,431,spatial_sustained,0.5633,False
5627,269,269,1,1,442,spatial_sustained,0.7738,False
5628,269,269,1,1,450,spatial_sustained,0.503,False
5629,269,269,1,9,485,spatial_sustained,0.8481,True
5630,269,269,1,7,529,spatial_sustained,0.8,True
5631,269,269,1,4,656,spatial_sustained,0.8063,True
5632,269,269,1,9,698,spatial_sustained,1.0,True
5633,269,269,1,1,703,spatial_sustained,0.506,False
5634,269,269,1,1,743,spatial_sustained,0.5152,False
5635,269,269,1,1,831,spatial_sustained,0.5603,False
5636,269,269,1,1,940,spatial_sustained,0.5476,False
5637,269,269,1,1,942,spatial_sustained,0.586,False
5638,269,269,1,1,1012,spatial_sustained,0.8218,False
5639,269,269,1,1,1017,spatial_sustained,0.8264,False
5640,270,270,1,1,112,spatial_sustained,0.6333,False
5641,270,270,1,1,163,spatial_sustained,0.6139,False
5642,270,270,1,9,221,spatial_sustained,0.9025,True
5643,270,270,1,9,294,spatial_sustained,0.9474,True
5644,270,270,1,2,350,spatial_sustained,0.7961,True
5645,270,270,1,9,485,spatial_sustained,0.883,True
5646,270,270,1,1,511,spatial_sustained,0.574,False
5647,270,270,1,9,630,spatial_sustained,0.9074,True
5648,270,270,1,9,698,spatial_sustained,1.0,True
5649,270,270,1,1,733,spatial_sustained,0.6425,False
5650,270,270,1,1,752,spatial_sustained,0.7193,False
5651,270,270,1,1,756,spatial_sustained,0.5226,False
5652,270,270,1,1,768,spatial_sustained,0.6736,False
5653,270,270,1,2,810,spatial_sustained,0.5886,True
5654,270,270,1,1,869,spatial_sustained,0.8261,False
5655,270,270,1,1,940,spatial_sustained,0.7609,False
5656,270,270,1,1,950,spatial_sustained,0.6209,False
5657,270,270,1,3,998,spatial_sustained,0.6758,True
5658,270,270,1,1,991,spatial_sustained,0.6231,False
5659,270,270,1,1,995,spatial_sustained,0.5558,False
5660,270,270,1,1,1015,spatial_sustained,0.6425,False
5661,271,271,1,1,16,spatial_sustained,0.517,False
5662,271,271,1,2,28,spatial_sustained,0.8152,True
5663,271,271,1,1,144,spatial_sustained,0.5549,False
5664,271,271,1,9,221,spatial_sustained,0.9346,True
5665,271,271,1,9,294,spatial_sustained,0.977,True
5666,271,271,1,1,415,spatial_sustained,0.6064,False
5667,271,271,1,10,486,spatial_sustained,0.9015,True
5668,271,271,1,1,479,spatial_sustained,0.5367,False
5669,271,271,1,9,630,spatial_sustained,0.9492,True
5670,271,271,1,9,698,spatial_sustained,1.0,True
5671,271,271,1,1,675,spatial_sustained,0.5489,False
5672,271,271,1,1,841,spatial_sustained,0.5001,False
5673,271,271,1,1,855,spatial_sustained,0.5466,False
5674,271,271,1,1,892,spatial_sustained,0.8274,False
5675,272,272,1,1,34,spatial_sustained,0.5277,False
5676,272,272,1,10,221,spatial_sustained,0.9001,True
5677,272,272,1,9,294,spatial_sustained,0.9875,True
5678,272,272,1,1,449,spatial_sustained,0.5112,False
5679,272,272,1,9,485,spatial_sustained,0.9425,True
5680,272,272,1,9,630,spatial_sustained,0.9552,True
5681,272,272,1,9,698,spatial_sustained,0.9987,True
5682,272,272,1,8,871,spatial_sustained,0.9259,True
5683,272,272,1,1,929,spatial_sustained,0.5764,False
5684,272,272,1,1,939,spatial_sustained,0.8312,False
5685,272,272,1,1,1000,spatial_sustained,0.6159,False
5686,272,272,1,1,1014,spatial_sustained,0.5194,False
5687,273,273,1,1,16,spatial_sustained,0.6573,False
5688,273,273,1,1,23,spatial_sustained,0.5408,False
5689,273,273,1,1,106,spatial_sustained,0.5032,False
5690,273,273,1,2,161,spatial_sustained,0.6638,True
5691,273,273,1,3,195,spatial_sustained,0.7878,True
5692,273,273,1,9,221,spatial_sustained,0.935,True
5693,273,273,1,1,225,spatial_sustained,0.8064,False
5694,273,273,1,9,294,spatial_sustained,0.9866,True
5695,273,273,1,1,351,spatial_sustained,0.5345,False
5696,273,273,1,9,630,spatial_sustained,0.9653,True
5697,273,273,1,8,871,spatial_sustained,0.9731,True
5698,273,273,1,4,897,spatial_sustained,0.6888,True
5699,273,273,1,4,912,spatial_sustained,0.6497,True
5700,273,273,1,2,890,spatial_sustained,0.7022,True
5701,273,273,1,1,939,spatial_sustained,0.5006,False
5702,273,273,1,1,998,spatial_sustained,0.5359,False
5703,274,274,1,1,101,spatial_sustained,0.8044,False
5704,274,274,1,1,112,spatial_sustained,0.9,False
5705,274,274,1,2,160,spatial_sustained,0.6838,True
5706,274,274,1,4,196,spatial_sustained,0.7836,True
5707,274,274,1,9,221,spatial_sustained,0.9408,True
5708,274,274,1,1,257,spatial_sustained,0.5703,False
5709,274,274,1,9,294,spatial_sustained,0.9848,True
5710,274,274,1,1,318,spatial_sustained,0.5666,False
5711,274,274,1,1,352,spatial_sustained,0.5839,False
5712,274,274,1,1,449,spatial_sustained,0.6017,False
5713,274,274,1,1,519,spatial_sustained,0.974,False
5714,274,274,1,9,630,spatial_sustained,0.9757,True
5715,274,274,1,1,767,spatial_sustained,0.5674,False
5716,274,274,1,1,889,spatial_sustained,0.9183,False
5717,274,274,1,2,902,spatial_sustained,0.6461,True
5718,275,275,1,3,195,spatial_sustained,0.7509,True
5719,275,275,1,9,294,spatial_sustained,0.9832,True
5720,275,275,1,1,410,spatial_sustained,0.5128,False
5721,275,275,1,1,436,spatial_sustained,0.9107,False
5722,275,275,1,1,519,spatial_sustained,1.0,False
5723,275,275,1,9,630,spatial_sustained,0.9768,True
5724,275,275,1,10,826,spatial_sustained,0.9024,True
5725,275,275,1,1,808,spatial_sustained,0.61,False
5726,275,275,1,1,917,spatial_sustained,0.6287,False
5727,275,275,1,1,930,spatial_sustained,0.5367,False
5728,275,275,1,1,935,spatial_sustained,0.6298,False
5729,275,275,1,1,1004,spatial_sustained,0.532,False
5730,275,275,1,1,1008,spatial_sustained,0.5471,False
5731,275,275,1,1,1012,spatial_sustained,0.5566,False
5732,276,276,1,924,517,spatial_sustained,0.8046,True
5733,277,277,1,927,509,spatial_sustained,0.8074,True
5734,278,278,1,918,513,spatial_sustained,0.7734,True
5735,278,278,1,1,703,spatial_sustained,0.6283,False
5736,279,279,1,914,517,spatial_sustained,0.774,True
5737,280,280,1,944,513,spatial_sustained,0.813,True
5738,281,281,1,923,508,spatial_sustained,0.7646,True
5739,282,282,1,922,515,spatial_sustained,0.7619,True
5740,282,282,1,1,928,spatial_sustained,0.5065,False
5741,283,283,1,932,519,spatial_sustained,0.7647,True
5742,284,284,1,932,515,spatial_sustained,0.7679,True
5743,285,285,1,927,515,spatial_sustained,0.7823,True
5744,286,286,1,926,515,spatial_sustained,0.7743,True
5745,287,287,1,902,513,spatial_sustained,0.7278,True
5746,288,288,1,6,34,spatial_sustained,0.5953,True
5747,288,288,1,1,4,spatial_sustained,0.6587,False
5748,288,288,1,1,15,spatial_sustained,0.6356,False
5749,288,288,1,5,88,spatial_sustained,0.575,True
5750,288,288,1,8,125,spatial_sustained,0.5748,True
5751,288,288,1,8,145,spatial_sustained,0.5737,True
5752,288,288,1,1,160,spatial_sustained,0.7876,False
5753,288,288,1,1,166,spatial_sustained,0.6097,False
5754,288,288,1,5,214,spatial_sustained,0.5427,True
5755,288,288,1,4,257,spatial_sustained,0.5969,True
5756,288,288,1,2,259,spatial_sustained,0.5521,True
5757,288,288,1,2,266,spatial_sustained,0.535,True
5758,288,288,1,1,236,spatial_sustained,0.5088,False
5759,288,288,1,16,387,spatial_sustained,0.5804,True
5760,288,288,1,1,273,spatial_sustained,0.589,False
5761,288,288,1,7,284,spatial_sustained,0.5394,True
5762,288,288,1,3,337,spatial_sustained,0.7773,True
5763,288,288,1,2,344,spatial_sustained,0.5214,True
5764,288,288,1,1,352,spatial_sustained,0.5772,False
5765,288,288,1,17,460,spatial_sustained,0.5671,True
5766,288,288,1,23,505,spatial_sustained,0.8824,True
5767,288,288,1,46,657,spatial_sustained,0.591,True
5768,288,288,1,1,449,spatial_sustained,0.5377,False
5769,288,288,1,3,510,spatial_sustained,0.5386,True
5770,288,288,1,2,546,spatial_sustained,0.5682,True
5771,288,288,1,1,567,spatial_sustained,0.5344,False
5772,288,288,1,1,609,spatial_sustained,0.6065,False
5773,288,288,1,4,675,spatial_sustained,0.5315,True
5774,288,288,1,1,636,spatial_sustained,0.5398,False
5775,288,288,1,17,715,spatial_sustained,0.784,True
5776,288,288,1,1,665,spatial_sustained,0.5263,False
5777,288,288,1,1,727,spatial_sustained,0.5352,False
5778,288,288,1,7,765,spatial_sustained,0.9308,True
5779,288,288,1,2,803,spatial_sustained,0.5439,True
5780,288,288,1,1,773,spatial_sustained,0.6615,False
5781,288,288,1,11,872,spatial_sustained,0.6033,True
5782,288,288,1,2,850,spatial_sustained,0.5414,True
5783,288,288,1,4,865,spatial_sustained,0.6019,True
5784,288,288,1,1,879,spatial_sustained,0.5225,False
5785,288,288,1,5,932,spatial_sustained,0.6242,True
5786,288,288,1,2,926,spatial_sustained,0.7138,True
5787,288,288,1,5,1018,spatial_sustained,0.6419,True
5788,288,288,1,1,1000,spatial_sustained,0.629,False
5789,288,288,1,1,1003,spatial_sustained,0.8542,False
5790,288,288,1,1,1008,spatial_sustained,0.5012,False
5791,289,289,1,5,33,spatial_sustained,0.5597,True
5792,289,289,1,1,17,spatial_sustained,0.8057,False
5793,289,289,1,7,145,spatial_sustained,0.5911,True
5794,289,289,1,1,257,spatial_sustained,0.5151,False
5795,289,289,1,1,259,spatial_sustained,0.6143,False
5796,289,289,1,1,370,spatial_sustained,0.9971,False
5797,289,289,1,1,453,spatial_sustained,1.0,False
5798,289,289,1,9,538,spatial_sustained,0.9807,True
5799,289,289,1,1,551,spatial_sustained,0.681,False
5800,289,289,1,9,715,spatial_sustained,0.9891,True
5801,289,289,1,8,765,spatial_sustained,0.9209,True
5802,289,289,1,1,874,spatial_sustained,0.7341,False
5803,290,290,1,1,37,spatial_sustained,0.539,False
5804,290,290,1,2,59,spatial_sustained,0.5419,True
5805,290,290,1,1,259,spatial_sustained,0.8583,False
5806,290,290,1,1,321,spatial_sustained,0.5692,False
5807,290,290,1,1,370,spatial_sustained,1.0,False
5808,290,290,1,1,383,spatial_sustained,0.5117,False
5809,290,290,1,1,442,spatial_sustained,0.8095,False
5810,290,290,1,2,480,spatial_sustained,0.5621,True
5811,290,290,1,1,453,spatial_sustained,0.9528,False
5812,290,290,1,9,538,spatial_sustained,0.9973,True
5813,290,290,1,9,715,spatial_sustained,0.9965,True
5814,290,290,1,1,698,spatial_sustained,0.5253,False
5815,290,290,1,4,798,spatial_sustained,0.5754,True
5816,290,290,1,3,808,spatial_sustained,0.5757,True
5817,290,290,1,1,805,spatial_sustained,0.5157,False
5818,290,290,1,1,920,spatial_sustained,0.514,False
5819,290,290,1,3,933,spatial_sustained,0.6764,True
5820,290,290,1,1,1004,spatial_sustained,0.7252,False
5821,291,291,1,1,24,spatial_sustained,0.7795,False
5822,291,291,1,1,77,spatial_sustained,0.5202,False
5823,291,291,1,1,84,spatial_sustained,0.5667,False
5824,291,291,1,1,236,spatial_sustained,0.6852,False
5825,291,291,1,1,259,spatial_sustained,0.8451,False
5826,291,291,1,1,294,spatial_sustained,0.9565,False
5827,291,291,1,2,384,spatial_sustained,0.5664,True
5828,291,291,1,1,453,spatial_sustained,0.8445,False
5829,291,291,1,9,538,spatial_sustained,0.9995,True
5830,291,291,1,1,561,spatial_sustained,0.5603,False
5831,291,291,1,1,623,spatial_sustained,0.534,False
5832,291,291,1,4,700,spatial_sustained,0.6033,True
5833,291,291,1,9,715,spatial_sustained,0.9982,True
5834,291,291,1,1,703,spatial_sustained,0.6081,False
5835,291,291,1,1,707,spatial_sustained,0.5373,False
5836,291,291,1,1,763,spatial_sustained,0.5245,False
5837,291,291,1,1,768,spatial_sustained,0.5313,False
5838,291,291,1,1,791,spatial_sustained,0.6493,False
5839,291,291,1,1,793,spatial_sustained,0.5379,False
5840,291,291,1,1,807,spatial_sustained,0.5961,False
5841,291,291,1,1,827,spatial_sustained,0.5768,False
5842,291,291,1,1,844,spatial_sustained,0.5062,False
5843,291,291,1,1,855,spatial_sustained,0.5413,False
5844,291,291,1,1,870,spatial_sustained,0.5374,False
5845,291,291,1,1,891,spatial_sustained,0.6105,False
5846,291,291,1,2,929,spatial_sustained,0.6553,True
5847,291,291,1,1,999,spatial_sustained,0.6269,False
5848,291,291,1,1,1007,spatial_sustained,0.6,False
5849,292,292,1,1,217,spatial_sustained,0.8812,False
5850,292,292,1,1,259,spatial_sustained,0.8502,False
5851,292,292,1,1,294,spatial_sustained,1.0,False
5852,292,292,1,2,426,spatial_sustained,0.7936,True
5853,292,292,1,1,453,spatial_sustained,0.9227,False
5854,292,292,1,1,476,spatial_sustained,0.5023,False
5855,292,292,1,1,511,spatial_sustained,0.6749,False
5856,292,292,1,2,560,spatial_sustained,0.7667,True
5857,292,292,1,9,715,spatial_sustained,1.0,True
5858,292,292,1,1,735,spatial_sustained,0.6748,False
5859,292,292,1,1,807,spatial_sustained,0.5525,False
5860,292,292,1,1,816,spatial_sustained,0.6621,False
5861,292,292,1,1,821,spatial_sustained,0.5066,False
5862,292,292,1,1,903,spatial_sustained,0.7228,False
5863,292,292,1,1,908,spatial_sustained,0.6075,False
5864,292,292,1,2,944,spatial_sustained,0.5514,True
5865,292,292,1,3,989,spatial_sustained,0.6316,True
5866,292,292,1,1,986,spatial_sustained,0.5056,False
5867,292,292,1,1,1014,spatial_sustained,0.6117,False
5868,293,293,1,1,15,spatial_sustained,0.6982,False
5869,293,293,1,1,79,spatial_sustained,0.5028,False
5870,293,293,1,2,128,spatial_sustained,0.5515,True
5871,293,293,1,1,163,spatial_sustained,0.5883,False
5872,293,293,1,1,217,spatial_sustained,0.9294,False
5873,293,293,1,1,236,spatial_sustained,0.713,False
5874,293,293,1,2,292,spatial_sustained,0.7133,True
5875,293,293,1,1,288,spatial_sustained,0.5197,False
5876,293,293,1,1,294,spatial_sustained,1.0,False
5877,293,293,1,2,382,spatial_sustained,0.6047,True
5878,293,293,1,9,404,spatial_sustained,0.8773,True
5879,293,293,1,1,416,spatial_sustained,0.6269,False
5880,293,293,1,2,426,spatial_sustained,0.8717,True
5881,293,293,1,2,485,spatial_sustained,0.7374,True
5882,293,293,1,5,529,spatial_sustained,0.6761,True
5883,293,293,1,4,656,spatial_sustained,0.7069,True
5884,293,293,1,9,715,spatial_sustained,1.0,True
5885,293,293,1,9,773,spatial_sustained,0.8976,True
5886,293,293,1,1,767,spatial_sustained,0.8228,False
5887,293,293,1,1,867,spatial_sustained,0.5178,False
5888,293,293,1,6,933,spatial_sustained,0.6722,True
5889,293,293,1,1,896,spatial_sustained,0.5762,False
5890,293,293,1,1,917,spatial_sustained,0.5832,False
5891,293,293,1,1,992,spatial_sustained,0.8082,False
5892,293,293,1,1,999,spatial_sustained,0.5034,False
5893,293,293,1,1,1008,spatial_sustained,0.8741,False
5894,294,294,1,1,30,spatial_sustained,0.5906,False
5895,294,294,1,1,81,spatial_sustained,0.6071,False
5896,294,294,1,1,150,spatial_sustained,0.5118,False
5897,294,294,1,1,196,spatial_sustained,0.6657,False
5898,294,294,1,9,231,spatial_sustained,0.8577,True
5899,294,294,1,1,217,spatial_sustained,0.9398,False
5900,294,294,1,1,337,spatial_sustained,0.6034,False
5901,294,294,1,1,351,spatial_sustained,0.6319,False
5902,294,294,1,9,404,spatial_sustained,0.9682,True
5903,294,294,1,1,380,spatial_sustained,0.593,False
5904,294,294,1,1,417,spatial_sustained,0.6183,False
5905,294,294,1,1,426,spatial_sustained,0.9682,False
5906,294,294,1,1,508,spatial_sustained,0.6069,False
5907,294,294,1,1,511,spatial_sustained,0.5795,False
5908,294,294,1,1,544,spatial_sustained,0.6024,False
5909,294,294,1,1,637,spatial_sustained,0.6006,False
5910,294,294,1,9,773,spatial_sustained,0.9535,True
5911,294,294,1,10,814,spatial_sustained,0.8625,True
5912,294,294,1,1,868,spatial_sustained,0.5979,False
5913,294,294,1,2,935,spatial_sustained,0.6792,True
5914,294,294,1,3,920,spatial_sustained,0.6802,True
5915,294,294,1,1,985,spatial_sustained,0.7186,False
5916,294,294,1,1,1001,spatial_sustained,0.6249,False
5917,294,294,1,1,1008,spatial_sustained,0.9574,False
5918,295,295,1,1,3,spatial_sustained,0.5459,False
5919,295,295,1,1,160,spatial_sustained,0.662,False
5920,295,295,1,9,231,spatial_sustained,0.8972,True
5921,295,295,1,1,217,spatial_sustained,0.9321,False
5922,295,295,1,9,404,spatial_sustained,0.9935,True
5923,295,295,1,1,415,spatial_sustained,0.7245,False
5924,295,295,1,9,453,spatial_sustained,0.8985,True
5925,295,295,1,1,426,spatial_sustained,0.9856,False
5926,295,295,1,1,551,spatial_sustained,0.8017,False
5927,295,295,1,1,677,spatial_sustained,0.5104,False
5928,295,295,1,9,773,spatial_sustained,0.9577,True
5929,295,295,1,9,814,spatial_sustained,0.9951,True
5930,295,295,1,1,808,spatial_sustained,0.8213,False
5931,295,295,1,2,919,spatial_sustained,0.5871,True
5932,295,295,1,2,902,spatial_sustained,0.6077,True
5933,295,295,1,2,1008,spatial_sustained,0.8375,True
5934,295,295,1,1,1013,spatial_sustained,0.721,False
5935,295,295,1,1,1017,spatial_sustained,0.6055,False
5936,296,296,1,1,0,spatial_sustained,0.8165,False
5937,296,296,1,1,16,spatial_sustained,0.5203,False
5938,296,296,1,1,58,spatial_sustained,0.5251,False
5939,296,296,1,1,101,spatial_sustained,0.7283,False
5940,296,296,1,2,192,spatial_sustained,0.6828,True
5941,296,296,1,4,196,spatial_sustained,0.5878,True
5942,296,296,1,9,231,spatial_sustained,0.9258,True
5943,296,296,1,1,217,spatial_sustained,0.9406,False
5944,296,296,1,1,236,spatial_sustained,0.5612,False
5945,296,296,1,1,352,spatial_sustained,0.6508,False
5946,296,296,1,10,454,spatial_sustained,0.9411,True
5947,296,296,1,1,426,spatial_sustained,0.9846,False
5948,296,296,1,1,431,spatial_sustained,0.5359,False
5949,296,296,1,9,610,spatial_sustained,0.8768,True
5950,296,296,1,9,773,spatial_sustained,0.9585,True
5951,296,296,1,9,814,spatial_sustained,0.9931,True
5952,296,296,1,3,863,spatial_sustained,0.555,True
5953,296,296,1,2,949,spatial_sustained,0.5663,True
5954,296,296,1,1,1008,spatial_sustained,0.9971,False
5955,297,297,1,1,4,spatial_sustained,0.5315,False
5956,297,297,1,1,15,spatial_sustained,0.6749,False
5957,297,297,1,2,102,spatial_sustained,0.7062,True
5958,297,297,1,1,192,spatial_sustained,0.8178,False
5959,297,297,1,9,231,spatial_sustained,0.9428,True
5960,297,297,1,1,215,spatial_sustained,0.9469,False
5961,297,297,1,1,217,spatial_sustained,0.9535,False
5962,297,297,1,1,236,spatial_sustained,0.5807,False
5963,297,297,1,2,272,spatial_sustained,0.8937,True
5964,297,297,1,1,413,spatial_sustained,0.6089,False
5965,297,297,1,9,453,spatial_sustained,0.9929,True
5966,297,297,1,1,426,spatial_sustained,0.9813,False
5967,297,297,1,1,448,spatial_sustained,0.7742,False
5968,297,297,1,1,495,spatial_sustained,0.5271,False
5969,297,297,1,9,610,spatial_sustained,0.9501,True
5970,297,297,1,1,729,spatial_sustained,0.5084,False
5971,297,297,1,9,773,spatial_sustained,0.9588,True
5972,297,297,1,9,814,spatial_sustained,0.9919,True
5973,297,297,1,1,862,spatial_sustained,0.543,False
5974,297,297,1,1,904,spatial_sustained,0.5039,False
5975,297,297,1,1,985,spatial_sustained,0.7716,False
5976,297,297,1,1,1008,spatial_sustained,0.9065,False
5977,298,298,1,1,36,spatial_sustained,0.5024,False
5978,298,298,1,2,195,spatial_sustained,0.5653,True
5979,298,298,1,1,215,spatial_sustained,0.9993,False
5980,298,298,1,1,236,spatial_sustained,0.5527,False
5981,298,298,1,2,272,spatial_sustained,0.9667,True
5982,298,298,1,1,318,spatial_sustained,0.5173,False
5983,298,298,1,1,426,spatial_sustained,0.9818,False
5984,298,298,1,1,431,spatial_sustained,0.5095,False
5985,298,298,1,1,533,spatial_sustained,0.8905,False
5986,298,298,1,9,610,spatial_sustained,0.9783,True
5987,298,298,1,9,773,spatial_sustained,0.9622,True
5988,298,298,1,9,814,spatial_sustained,0.9911,True
5989,298,298,1,1,797,spatial_sustained,0.509,False
5990,298,298,1,1,799,spatial_sustained,0.5588,False
5991,298,298,1,1,897,spatial_sustained,0.6115,False
5992,298,298,1,5,933,spatial_sustained,0.5334,True
5993,298,298,1,1,939,spatial_sustained,0.5075,False
5994,298,298,1,1,1008,spatial_sustained,1.0,False
5995,299,299,1,1,12,spatial_sustained,0.5111,False
5996,299,299,1,1,192,spatial_sustained,0.8297,False
5997,299,299,1,1,195,spatial_sustained,0.6502,False
5998,299,299,1,1,215,spatial_sustained,0.9976,False
5999,299,299,1,1,236,spatial_sustained,0.5805,False
6000,299,299,1,1,240,spatial_sustained,0.9315,False
6001,299,299,1,1,318,spatial_sustained,0.5978,False
6002,299,299,1,1,410,spatial_sustained,0.5008,False
6003,299,299,1,1,526,spatial_sustained,0.905,False
6004,299,299,1,1,533,spatial_sustained,0.9257,False
6005,299,299,1,9,610,spatial_sustained,0.9986,True
6006,299,299,1,1,735,spatial_sustained,0.6321,False
6007,299,299,1,9,773,spatial_sustained,0.9657,True
6008,299,299,1,9,814,spatial_sustained,0.9912,True
6009,299,299,1,1,914,spatial_sustained,0.9387,False
6010,299,299,1,1,1008,spatial_sustained,0.9846,False
6011,299,299,1,1,1012,spatial_sustained,0.5532,False
6012,299,299,1,1,1014,spatial_sustained,0.6733,False
6013,299,299,1,1,1021,spatial_sustained,0.8147,False
6014,300,300,1,9,88,spatial_sustained,0.8799,True
6015,300,300,1,1,161,spatial_sustained,0.8125,False
6016,300,300,1,1,215,spatial_sustained,0.9978,False
6017,300,300,1,1,236,spatial_sustained,0.5373,False
6018,300,300,1,1,240,spatial_sustained,0.9319,False
6019,300,300,1,1,526,spatial_sustained,0.9333,False
6020,300,300,1,1,529,spatial_sustained,0.5005,False
6021,300,300,1,10,598,spatial_sustained,0.881,True
6022,300,300,1,9,610,spatial_sustained,1.0,True
6023,300,300,1,1,692,spatial_sustained,0.549,False
6024,300,300,1,21,835,spatial_sustained,0.8635,True
6025,300,300,1,9,814,spatial_sustained,0.9917,True
6026,300,300,1,1,863,spatial_sustained,0.5215,False
6027,300,300,1,1,887,spatial_sustained,0.6217,False
6028,300,300,1,1,914,spatial_sustained,0.9533,False
6029,300,300,1,1,925,spatial_sustained,0.5096,False
6030,300,300,1,1,1008,spatial_sustained,0.9647,False
6031,300,300,1,1,1013,spatial_sustained,0.7551,False
6032,300,300,1,1,1021,spatial_sustained,0.9221,False
6033,301,301,1,9,88,spatial_sustained,0.9558,True
6034,301,301,1,9,200,spatial_sustained,0.8703,True
6035,301,301,1,1,215,spatial_sustained,0.9739,False
6036,301,301,1,1,236,spatial_sustained,0.5115,False
6037,301,301,1,1,240,spatial_sustained,0.9319,False
6038,301,301,1,1,288,spatial_sustained,0.6098,False
6039,301,301,1,3,369,spatial_sustained,0.5377,True
6040,301,301,1,2,373,spatial_sustained,0.5141,True
6041,301,301,1,1,526,spatial_sustained,0.9326,False
6042,301,301,1,10,598,spatial_sustained,0.9778,True
6043,301,301,1,9,610,spatial_sustained,1.0,True
6044,301,301,1,9,814,spatial_sustained,0.9919,True
6045,301,301,1,9,867,spatial_sustained,0.916,True
6046,301,301,1,2,905,spatial_sustained,0.5764,True
6047,301,301,1,1,909,spatial_sustained,0.9072,False
6048,301,301,1,1,914,spatial_sustained,0.9467,False
6049,301,301,1,1,955,spatial_sustained,0.6876,False
6050,301,301,1,2,1008,spatial_sustained,0.6266,True
6051,301,301,1,1,1017,spatial_sustained,0.5908,False
6052,301,301,1,1,1021,spatial_sustained,0.9243,False
6053,302,302,1,9,88,spatial_sustained,0.9722,True
6054,302,302,1,1,102,spatial_sustained,0.8071,False
6055,302,302,1,1,155,spatial_sustained,0.5275,False
6056,302,302,1,9,200,spatial_sustained,0.9483,True
6057,302,302,1,6,256,spatial_sustained,0.7606,True
6058,302,302,1,1,215,spatial_sustained,0.9641,False
6059,302,302,1,1,511,spatial_sustained,0.5505,False
6060,302,302,1,1,526,spatial_sustained,0.9296,False
6061,302,302,1,9,598,spatial_sustained,0.989,True
6062,302,302,1,9,610,spatial_sustained,1.0,True
6063,302,302,1,1,767,spatial_sustained,0.6367,False
6064,302,302,1,1,797,spatial_sustained,0.5065,False
6065,302,302,1,8,867,spatial_sustained,0.9219,True
6066,302,302,1,1,909,spatial_sustained,0.9947,False
6067,302,302,1,1,914,spatial_sustained,0.9394,False
6068,302,302,1,1,956,spatial_sustained,0.8127,False
6069,302,302,1,1,985,spatial_sustained,0.7125,False
6070,302,302,1,1,1021,spatial_sustained,0.9264,False
6071,303,303,1,1,16,spatial_sustained,0.8105,False
6072,303,303,1,10,88,spatial_sustained,0.9547,True
6073,303,303,1,9,83,spatial_sustained,0.8653,True
6074,303,303,1,9,200,spatial_sustained,0.9721,True
6075,303,303,1,1,215,spatial_sustained,0.9698,False
6076,303,303,1,5,256,spatial_sustained,0.794,True
6077,303,303,1,1,526,spatial_sustained,0.931,False
6078,303,303,1,9,598,spatial_sustained,0.9889,True
6079,303,303,1,2,799,spatial_sustained,0.5337,True
6080,303,303,1,1,909,spatial_sustained,0.9935,False
6081,303,303,1,1,914,spatial_sustained,0.9358,False
6082,303,303,1,1,956,spatial_sustained,0.8416,False
6083,303,303,1,1,1021,spatial_sustained,0.929,False
6084,304,304,1,1,1,spatial_sustained,0.5216,False
6085,304,304,1,9,83,spatial_sustained,0.9346,True
6086,304,304,1,2,57,spatial_sustained,0.5531,True
6087,304,304,1,1,59,spatial_sustained,0.5039,False
6088,304,304,1,1,62,spatial_sustained,0.5816,False
6089,304,304,1,1,112,spatial_sustained,0.6666,False
6090,304,304,1,1,121,spatial_sustained,0.5202,False
6091,304,304,1,2,131,spatial_sustained,0.546,True
6092,304,304,1,9,200,spatial_sustained,0.9783,True
6093,304,304,1,5,256,spatial_sustained,0.7984,True
6094,304,304,1,9,379,spatial_sustained,0.8692,True
6095,304,304,1,1,447,spatial_sustained,0.5098,False
6096,304,304,1,1,526,spatial_sustained,0.932,False
6097,304,304,1,1,552,spatial_sustained,0.5402,False
6098,304,304,1,9,598,spatial_sustained,0.9901,True
6099,304,304,1,1,641,spatial_sustained,0.5141,False
6100,304,304,1,1,707,spatial_sustained,0.5443,False
6101,304,304,1,3,744,spatial_sustained,0.5685,True
6102,304,304,1,1,716,spatial_sustained,0.5217,False
6103,304,304,1,2,724,spatial_sustained,0.5639,True
6104,304,304,1,1,727,spatial_sustained,0.5339,False
6105,304,304,1,2,730,spatial_sustained,0.5211,True
6106,304,304,1,1,741,spatial_sustained,0.565,False
6107,304,304,1,6,798,spatial_sustained,0.5948,True
6108,304,304,1,1,769,spatial_sustained,0.502,False
6109,304,304,1,1,822,spatial_sustained,0.528,False
6110,304,304,1,1,901,spatial_sustained,0.527,False
6111,304,304,1,1,927,spatial_sustained,0.8101,False
6112,304,304,1,1,942,spatial_sustained,0.5815,False
6113,304,304,1,1,1016,spatial_sustained,0.5462,False
6114,304,304,1,1,1021,spatial_sustained,0.9309,False
6115,305,305,1,9,83,spatial_sustained,0.9432,True
6116,305,305,1,11,199,spatial_sustained,0.9004,True
6117,305,305,1,4,257,spatial_sustained,0.8496,True
6118,305,305,1,9,379,spatial_sustained,0.9498,True
6119,305,305,1,1,526,spatial_sustained,0.9361,False
6120,305,305,1,9,598,spatial_sustained,0.9932,True
6121,305,305,1,1,577,spatial_sustained,0.5012,False
6122,305,305,1,11,699,spatial_sustained,0.8772,True
6123,305,305,1,1,675,spatial_sustained,0.5889,False
6124,305,305,1,1,808,spatial_sustained,0.8317,False
6125,305,305,1,1,860,spatial_sustained,0.5399,False
6126,305,305,1,1,902,spatial_sustained,0.5378,False
6127,305,305,1,1,948,spatial_sustained,0.591,False
6128,305,305,1,1,985,spatial_sustained,0.5084,False
6129,305,305,1,1,1015,spatial_sustained,0.5292,False
6130,306,306,1,9,83,spatial_sustained,0.9281,True
6131,306,306,1,1,101,spatial_sustained,0.6619,False
6132,306,306,1,5,193,spatial_sustained,0.7054,True
6133,306,306,1,9,200,spatial_sustained,0.9864,True
6134,306,306,1,10,380,spatial_sustained,0.8907,True
6135,306,306,1,9,598,spatial_sustained,0.9971,True
6136,306,306,1,9,698,spatial_sustained,0.9862,True
6137,306,306,1,1,746,spatial_sustained,0.5087,False
6138,306,306,1,1,798,spatial_sustained,0.5458,False
6139,306,306,1,1,1004,spatial_sustained,0.6038,False
6140,306,306,1,1,1008,spatial_sustained,0.535,False
6141,306,306,1,1,1010,spatial_sustained,0.5828,False
6142,307,307,1,9,83,spatial_sustained,0.9251,True
6143,307,307,1,3,194,spatial_sustained,0.8109,True
6144,307,307,1,9,200,spatial_sustained,0.9872,True
6145,307,307,1,10,380,spatial_sustained,0.8793,True
6146,307,307,1,9,598,spatial_sustained,0.9971,True
6147,307,307,1,9,698,spatial_sustained,0.9869,True
6148,307,307,1,7,799,spatial_sustained,0.8939,True
6149,307,307,1,1,772,spatial_sustained,0.5372,False
6150,307,307,1,4,897,spatial_sustained,0.6355,True
6151,307,307,1,1,868,spatial_sustained,0.5721,False
6152,307,307,1,1,907,spatial_sustained,0.8764,False
6153,307,307,1,2,941,spatial_sustained,0.5236,True
6154,307,307,1,1,946,spatial_sustained,0.5034,False
6155,307,307,1,1,956,spatial_sustained,0.5006,False
6156,307,307,1,1,958,spatial_sustained,0.5545,False
6157,307,307,1,1,1005,spatial_sustained,0.5116,False
6158,308,308,1,1,28,spatial_sustained,0.5892,False
6159,308,308,1,1,56,spatial_sustained,0.5278,False
6160,308,308,1,1,64,spatial_sustained,0.8056,False
6161,308,308,1,1,287,spatial_sustained,0.912,False
6162,308,308,1,9,379,spatial_sustained,0.9248,True
6163,308,308,1,19,732,spatial_sustained,0.923,True
6164,308,308,1,1,722,spatial_sustained,0.5023,False
6165,308,308,1,1,724,spatial_sustained,0.5284,False
6166,308,308,1,1,746,spatial_sustained,0.5252,False
6167,308,308,1,1,810,spatial_sustained,0.504,False
6168,308,308,1,1,885,spatial_sustained,0.5173,False
6169,308,308,1,4,939,spatial_sustained,0.6444,True
6170,308,308,1,1,942,spatial_sustained,0.5698,False
6171,308,308,1,1,1005,spatial_sustained,0.5095,False
6172,309,309,1,1,192,spatial_sustained,0.5286,False
6173,309,309,1,1,287,spatial_sustained,0.9669,False
6174,309,309,1,9,423,spatial_sustained,0.8934,True
6175,309,309,1,1,543,spatial_sustained,0.8673,False
6176,309,309,1,9,638,spatial_sustained,0.8135,True
6177,309,309,1,9,698,spatial_sustained,0.9872,True
6178,309,309,1,1,704,spatial_sustained,0.5929,False
6179,309,309,1,8,799,spatial_sustained,0.9404,True
6180,309,309,1,1,735,spatial_sustained,0.5468,False
6181,309,309,1,1,866,spatial_sustained,0.5051,False
6182,309,309,1,1,882,spatial_sustained,0.5098,False
6183,309,309,1,1,888,spatial_sustained,0.509,False
6184,309,309,1,1,907,spatial_sustained,0.9016,False
6185,309,309,1,1,956,spatial_sustained,0.51,False
6186,309,309,1,1,990,spatial_sustained,0.6485,False
6187,309,309,1,1,994,spatial_sustained,0.7346,False
6188,309,309,1,1,1010,spatial_sustained,0.8633,False
6189,310,310,1,1,26,spatial_sustained,0.6049,False
6190,310,310,1,1,287,spatial_sustained,0.9828,False
6191,310,310,1,1,367,spatial_sustained,0.5184,False
6192,310,310,1,9,423,spatial_sustained,0.9739,True
6193,310,310,1,1,495,spatial_sustained,0.6397,False
6194,310,310,1,1,543,spatial_sustained,0.9215,False
6195,310,310,1,9,638,spatial_sustained,0.8566,True
6196,310,310,1,7,799,spatial_sustained,0.9836,True
6197,310,310,1,1,907,spatial_sustained,0.9163,False
6198,310,310,1,1,942,spatial_sustained,0.5122,False
6199,310,310,1,1,1003,spatial_sustained,0.5556,False
6200,310,310,1,1,1010,spatial_sustained,0.7591,False
6201,311,311,1,1,192,spatial_sustained,0.8056,False
6202,311,311,1,1,287,spatial_sustained,0.9937,False
6203,311,311,1,1,352,spatial_sustained,0.5133,False
6204,311,311,1,9,423,spatial_sustained,0.9926,True
6205,311,311,1,1,495,spatial_sustained,0.543,False
6206,311,311,1,1,543,spatial_sustained,0.9207,False
6207,311,311,1,9,599,spatial_sustained,0.908,True
6208,311,311,1,9,638,spatial_sustained,0.8279,True
6209,311,311,1,8,799,spatial_sustained,0.9645,True
6210,311,311,1,1,735,spatial_sustained,0.5973,False
6211,311,311,1,1,891,spatial_sustained,0.88,False
6212,311,311,1,1,907,spatial_sustained,0.9259,False
6213,311,311,1,1,990,spatial_sustained,0.6308,False
6214,311,311,1,1,1010,spatial_sustained,0.9323,False
6215,312,312,1,1,0,spatial_sustained,0.6126,False
6216,312,312,1,8,82,spatial_sustained,0.8955,True
6217,312,312,1,1,101,spatial_sustained,0.8063,False
6218,312,312,1,1,161,spatial_sustained,0.8218,False
6219,312,312,1,1,278,spatial_sustained,0.5062,False
6220,312,312,1,1,287,spatial_sustained,0.7741,False
6221,312,312,1,9,423,spatial_sustained,0.9992,True
6222,312,312,1,1,442,spatial_sustained,0.5687,False
6223,312,312,1,1,448,spatial_sustained,0.6209,False
6224,312,312,1,1,543,spatial_sustained,0.6691,False
6225,312,312,1,1,551,spatial_sustained,0.6795,False
6226,312,312,1,9,599,spatial_sustained,0.7442,True
6227,312,312,1,8,638,spatial_sustained,0.6358,True
6228,312,312,1,9,888,spatial_sustained,0.8793,True
6229,312,312,1,1,891,spatial_sustained,0.9926,False
6230,312,312,1,1,907,spatial_sustained,0.6271,False
6231,312,312,1,1,1000,spatial_sustained,0.7271,False
6232,312,312,1,1,1010,spatial_sustained,0.9488,False
6233,313,313,1,9,81,spatial_sustained,0.9094,True
6234,313,313,1,9,423,spatial_sustained,1.0,True
6235,313,313,1,1,442,spatial_sustained,0.5704,False
6236,313,313,1,1,543,spatial_sustained,0.6423,False
6237,313,313,1,9,599,spatial_sustained,0.7263,True
6238,313,313,1,8,638,spatial_sustained,0.6106,True
6239,313,313,1,1,767,spatial_sustained,0.6306,False
6240,313,313,1,17,857,spatial_sustained,0.9348,True
6241,313,313,1,1,1010,spatial_sustained,0.9604,False
6242,314,314,1,9,81,spatial_sustained,0.9535,True
6243,314,314,1,1,116,spatial_sustained,0.5245,False
6244,314,314,1,1,196,spatial_sustained,0.5997,False
6245,314,314,1,16,332,spatial_sustained,0.8595,True
6246,314,314,1,1,278,spatial_sustained,0.8935,False
6247,314,314,1,1,352,spatial_sustained,0.5259,False
6248,314,314,1,9,423,spatial_sustained,1.0,True
6249,314,314,1,1,451,spatial_sustained,0.6384,False
6250,314,314,1,1,543,spatial_sustained,0.8784,False
6251,314,314,1,2,552,spatial_sustained,0.8165,True
6252,314,314,1,9,599,spatial_sustained,0.9118,True
6253,314,314,1,8,638,spatial_sustained,0.7964,True
6254,314,314,1,10,826,spatial_sustained,0.9937,True
6255,314,314,1,1,808,spatial_sustained,0.6678,False
6256,314,314,1,2,875,spatial_sustained,0.5508,True
6257,314,314,1,1,864,spatial_sustained,0.8232,False
6258,314,314,1,1,898,spatial_sustained,0.5346,False
6259,314,314,1,1,985,spatial_sustained,0.6248,False
6260,314,314,1,1,1008,spatial_sustained,0.5259,False
6261,314,314,1,1,1010,spatial_sustained,0.9665,False
6262,315,315,1,1,26,spatial_sustained,0.8134,False
6263,315,315,1,8,82,spatial_sustained,0.9719,True
6264,315,315,1,5,71,spatial_sustained,0.6639,True
6265,315,315,1,1,155,spatial_sustained,0.724,False
6266,315,315,1,2,227,spatial_sustained,0.5604,True
6267,315,315,1,2,278,spatial_sustained,0.7299,True
6268,315,315,1,1,248,spatial_sustained,0.5137,False
6269,315,315,1,16,332,spatial_sustained,0.8775,True
6270,315,315,1,1,373,spatial_sustained,0.586,False
6271,315,315,1,9,423,spatial_sustained,1.0,True
6272,315,315,1,1,543,spatial_sustained,0.8594,False
6273,315,315,1,1,544,spatial_sustained,0.7005,False
6274,315,315,1,9,599,spatial_sustained,0.8902,True
6275,315,315,1,8,638,spatial_sustained,0.7689,True
6276,315,315,1,1,674,spatial_sustained,0.5054,False
6277,315,315,1,1,723,spatial_sustained,0.5408,False
6278,315,315,1,1,749,spatial_sustained,0.5436,False
6279,315,315,1,1,766,spatial_sustained,0.6337,False
6280,315,315,1,1,768,spatial_sustained,0.53,False
6281,315,315,1,8,836,spatial_sustained,0.5627,True
6282,315,315,1,11,826,spatial_sustained,0.9768,True
6283,315,315,1,1,810,spatial_sustained,0.5426,False
6284,315,315,1,9,848,spatial_sustained,0.8133,True
6285,315,315,1,1,875,spatial_sustained,0.5144,False
6286,315,315,1,1,953,spatial_sustained,0.5201,False
6287,315,315,1,1,966,spatial_sustained,0.5207,False
6288,315,315,1,2,995,spatial_sustained,0.6597,True
6289,315,315,1,1,1008,spatial_sustained,0.6268,False
6290,315,315,1,1,1010,spatial_sustained,0.9656,False
6291,316,316,1,1,3,spatial_sustained,0.8196,False
6292,316,316,1,8,82,spatial_sustained,0.975,True
6293,316,316,1,3,56,spatial_sustained,0.5385,True
6294,316,316,1,1,59,spatial_sustained,0.515,False
6295,316,316,1,6,102,spatial_sustained,0.7478,True
6296,316,316,1,9,333,spatial_sustained,0.8421,True
6297,316,316,1,9,423,spatial_sustained,1.0,True
6298,316,316,1,1,525,spatial_sustained,0.5744,False
6299,316,316,1,1,543,spatial_sustained,0.8528,False
6300,316,316,1,2,552,spatial_sustained,0.5886,True
6301,316,316,1,9,599,spatial_sustained,0.8909,True
6302,316,316,1,2,612,spatial_sustained,0.5776,True
6303,316,316,1,8,638,spatial_sustained,0.7567,True
6304,316,316,1,1,656,spatial_sustained,0.5841,False
6305,316,316,1,1,716,spatial_sustained,0.5138,False
6306,316,316,1,1,735,spatial_sustained,0.7832,False
6307,316,316,1,2,804,spatial_sustained,0.5758,True
6308,316,316,1,6,872,spatial_sustained,0.5402,True
6309,316,316,1,11,826,spatial_sustained,0.9648,True
6310,316,316,1,9,848,spatial_sustained,0.8479,True
6311,316,316,1,1,908,spatial_sustained,0.6423,False
6312,316,316,1,1,916,spatial_sustained,0.5164,False
6313,316,316,1,1,920,spatial_sustained,0.6539,False
6314,316,316,1,1,950,spatial_sustained,0.5022,False
6315,316,316,1,1,960,spatial_sustained,0.8107,False
6316,316,316,1,1,974,spatial_sustained,0.6483,False
6317,316,316,1,4,1008,spatial_sustained,0.5393,True
6318,316,316,1,2,1016,spatial_sustained,0.749,True
6319,317,317,1,1,0,spatial_sustained,0.5499,False
6320,317,317,1,18,115,spatial_sustained,0.8596,True
6321,317,317,1,7,100,spatial_sustained,0.7661,True
6322,317,317,1,1,120,spatial_sustained,0.7785,False
6323,317,317,1,1,160,spatial_sustained,0.6646,False
6324,317,317,1,3,227,spatial_sustained,0.743,True
6325,317,317,1,1,231,spatial_sustained,0.5886,False
6326,317,317,1,1,240,spatial_sustained,0.6687,False
6327,317,317,1,9,333,spatial_sustained,0.8628,True
6328,317,317,1,2,424,spatial_sustained,0.5212,True
6329,317,317,1,1,448,spatial_sustained,0.5406,False
6330,317,317,1,5,559,spatial_sustained,0.7872,True
6331,317,317,1,1,552,spatial_sustained,0.5408,False
6332,317,317,1,9,599,spatial_sustained,0.8942,True
6333,317,317,1,3,611,spatial_sustained,0.5488,True
6334,317,317,1,17,686,spatial_sustained,0.8388,True
6335,317,317,1,11,826,spatial_sustained,0.9788,True
6336,317,317,1,9,848,spatial_sustained,0.8852,True
6337,317,317,1,1,831,spatial_sustained,0.7008,False
6338,317,317,1,1,903,spatial_sustained,0.6408,False
6339,317,317,1,1,959,spatial_sustained,0.7438,False
6340,318,318,1,18,115,spatial_sustained,0.9201,True
6341,318,318,1,6,103,spatial_sustained,0.8265,True
6342,318,318,1,2,195,spatial_sustained,0.6657,True
6343,318,318,1,1,286,spatial_sustained,0.5826,False
6344,318,318,1,9,333,spatial_sustained,0.9012,True
6345,318,318,1,9,424,spatial_sustained,0.9294,True
6346,318,318,1,1,627,spatial_sustained,0.9194,False
6347,318,318,1,9,719,spatial_sustained,0.981,True
6348,318,318,1,1,767,spatial_sustained,0.8176,False
6349,318,318,1,9,825,spatial_sustained,1.0,True
6350,318,318,1,9,848,spatial_sustained,0.9288,True
6351,318,318,1,1,832,spatial_sustained,0.5543,False
6352,318,318,1,1,843,spatial_sustained,0.5332,False
6353,318,318,1,2,926,spatial_sustained,0.5237,True
6354,318,318,1,1,919,spatial_sustained,0.5579,False
6355,318,318,1,2,929,spatial_sustained,0.59,True
6356,318,318,1,1,933,spatial_sustained,0.5073,False
6357,318,318,1,1,986,spatial_sustained,0.5115,False
6358,318,318,1,2,1004,spatial_sustained,0.5482,True
6359,318,318,1,1,1010,spatial_sustained,0.5581,False
6360,319,319,1,18,115,spatial_sustained,0.9217,True
6361,319,319,1,7,102,spatial_sustained,0.8673,True
6362,319,319,1,1,191,spatial_sustained,0.8012,False
6363,319,319,1,2,321,spatial_sustained,0.8612,True
6364,319,319,1,9,333,spatial_sustained,0.93,True
6365,319,319,1,9,424,spatial_sustained,0.9861,True
6366,319,319,1,1,417,spatial_sustained,0.5889,False
6367,319,319,1,1,496,spatial_sustained,0.5601,False
6368,319,319,1,1,560,spatial_sustained,0.5722,False
6369,319,319,1,1,627,spatial_sustained,0.9184,False
6370,319,319,1,9,719,spatial_sustained,0.9805,True
6371,319,319,1,20,793,spatial_sustained,0.9398,True
6372,319,319,1,1,768,spatial_sustained,0.5359,False
6373,319,319,1,1,816,spatial_sustained,0.5561,False
6374,319,319,1,1,860,spatial_sustained,0.6781,False
6375,319,319,1,3,929,spatial_sustained,0.5488,True
6376,319,319,1,1,1004,spatial_sustained,0.8235,False
6377,320,320,1,6,103,spatial_sustained,0.8976,True
6378,320,320,1,1,112,spatial_sustained,0.7065,False
6379,320,320,1,9,148,spatial_sustained,0.9178,True
6380,320,320,1,1,161,spatial_sustained,0.6093,False
6381,320,320,1,1,289,spatial_sustained,0.9978,False
6382,320,320,1,9,333,spatial_sustained,0.9456,True
6383,320,320,1,9,424,spatial_sustained,0.9875,True
6384,320,320,1,1,508,spatial_sustained,0.5545,False
6385,320,320,1,1,627,spatial_sustained,0.9095,False
6386,320,320,1,9,730,spatial_sustained,0.9949,True
6387,320,320,1,1,754,spatial_sustained,0.5958,False
6388,320,320,1,1,830,spatial_sustained,0.5853,False
6389,320,320,1,9,871,spatial_sustained,0.8532,True
6390,320,320,1,1,857,spatial_sustained,0.56,False
6391,320,320,1,1,1010,spatial_sustained,0.5249,False
6392,321,321,1,1,0,spatial_sustained,0.7529,False
6393,321,321,1,1,27,spatial_sustained,0.7318,False
6394,321,321,1,6,103,spatial_sustained,0.9141,True
6395,321,321,1,9,148,spatial_sustained,0.9298,True
6396,321,321,1,9,284,spatial_sustained,0.8869,True
6397,321,321,1,1,289,spatial_sustained,0.9892,False
6398,321,321,1,9,333,spatial_sustained,0.9521,True
6399,321,321,1,9,356,spatial_sustained,0.8979,True
6400,321,321,1,1,370,spatial_sustained,0.5538,False
6401,321,321,1,1,380,spatial_sustained,0.5013,False
6402,321,321,1,1,445,spatial_sustained,0.5196,False
6403,321,321,1,1,516,spatial_sustained,0.9139,False
6404,321,321,1,1,627,spatial_sustained,0.9226,False
6405,321,321,1,9,730,spatial_sustained,0.9959,True
6406,321,321,1,10,872,spatial_sustained,0.8791,True
6407,321,321,1,1,888,spatial_sustained,0.5068,False
6408,321,321,1,1,985,spatial_sustained,0.5767,False
6409,322,322,1,1,27,spatial_sustained,0.8139,False
6410,322,322,1,1,42,spatial_sustained,0.8792,False
6411,322,322,1,6,103,spatial_sustained,0.9303,True
6412,322,322,1,1,97,spatial_sustained,0.5503,False
6413,322,322,1,9,148,spatial_sustained,0.9526,True
6414,322,322,1,1,162,spatial_sustained,0.81,False
6415,322,322,1,1,236,spatial_sustained,0.5662,False
6416,322,322,1,9,284,spatial_sustained,0.9649,True
6417,322,322,1,1,289,spatial_sustained,0.9847,False
6418,322,322,1,9,356,spatial_sustained,0.9505,True
6419,322,322,1,2,431,spatial_sustained,0.5483,True
6420,322,322,1,1,512,spatial_sustained,0.5183,False
6421,322,322,1,1,516,spatial_sustained,0.9675,False
6422,322,322,1,1,627,spatial_sustained,0.9404,False
6423,322,322,1,1,678,spatial_sustained,0.5043,False
6424,322,322,1,9,730,spatial_sustained,0.9923,True
6425,322,322,1,1,726,spatial_sustained,0.5018,False
6426,322,322,1,1,739,spatial_sustained,0.5788,False
6427,322,322,1,1,741,spatial_sustained,0.579,False
6428,322,322,1,12,871,spatial_sustained,0.8545,True
6429,322,322,1,1,851,spatial_sustained,0.5306,False
6430,322,322,1,1,853,spatial_sustained,0.5534,False
6431,322,322,1,1,889,spatial_sustained,0.5009,False
6432,322,322,1,2,940,spatial_sustained,0.6996,True
6433,322,322,1,1,1008,spatial_sustained,0.6996,False
6434,322,322,1,1,1010,spatial_sustained,0.5371,False
6435,323,323,1,2,37,spatial_sustained,0.5595,True
6436,323,323,1,1,42,spatial_sustained,0.9858,False
6437,323,323,1,1,71,spatial_sustained,0.9434,False
6438,323,323,1,1,109,spatial_sustained,0.5028,False
6439,323,323,1,12,148,spatial_sustained,0.945,True
6440,323,323,1,1,163,spatial_sustained,0.7339,False
6441,323,323,1,1,192,spatial_sustained,0.5141,False
6442,323,323,1,9,275,spatial_sustained,0.9229,True
6443,323,323,1,9,284,spatial_sustained,0.9734,True
6444,323,323,1,1,289,spatial_sustained,0.9916,False
6445,323,323,1,9,356,spatial_sustained,0.9502,True
6446,323,323,1,1,370,spatial_sustained,0.556,False
6447,323,323,1,1,496,spatial_sustained,0.5263,False
6448,323,323,1,1,516,spatial_sustained,0.9522,False
6449,323,323,1,1,559,spatial_sustained,0.5096,False
6450,323,323,1,1,627,spatial_sustained,0.9386,False
6451,323,323,1,1,687,spatial_sustained,0.5597,False
6452,323,323,1,9,730,spatial_sustained,1.0,True
6453,323,323,1,1,727,spatial_sustained,0.5133,False
6454,323,323,1,6,902,spatial_sustained,0.608,True
6455,323,323,1,3,910,spatial_sustained,0.5642,True
6456,323,323,1,1,897,spatial_sustained,0.5325,False
6457,324,324,1,1,16,spatial_sustained,0.6294,False
6458,324,324,1,1,19,spatial_sustained,0.6103,False
6459,324,324,1,1,42,spatial_sustained,0.9892,False
6460,324,324,1,1,71,spatial_sustained,0.9434,False
6461,324,324,1,12,148,spatial_sustained,0.9386,True
6462,324,324,1,2,193,spatial_sustained,0.8271,True
6463,324,324,1,1,223,spatial_sustained,0.5254,False
6464,324,324,1,16,308,spatial_sustained,0.9465,True
6465,324,324,1,12,315,spatial_sustained,0.872,True
6466,324,324,1,2,321,spatial_sustained,0.8273,True
6467,324,324,1,9,356,spatial_sustained,0.9417,True
6468,324,324,1,2,516,spatial_sustained,0.9438,True
6469,324,324,1,1,523,spatial_sustained,0.8963,False
6470,324,324,1,1,537,spatial_sustained,0.5188,False
6471,324,324,1,2,705,spatial_sustained,0.5326,True
6472,324,324,1,1,692,spatial_sustained,0.588,False
6473,324,324,1,9,730,spatial_sustained,1.0,True
6474,324,324,1,1,754,spatial_sustained,0.6741,False
6475,324,324,1,2,800,spatial_sustained,0.5631,True
6476,324,324,1,1,895,spatial_sustained,0.6799,False
6477,324,324,1,9,970,spatial_sustained,0.8951,True
6478,324,324,1,1,991,spatial_sustained,0.5067,False
6479,324,324,1,1,1013,spatial_sustained,0.665,False
6480,325,325,1,1,5,spatial_sustained,0.5068,False
6481,325,325,1,1,17,spatial_sustained,0.6735,False
6482,325,325,1,1,20,spatial_sustained,0.5781,False
6483,325,325,1,2,71,spatial_sustained,0.9169,True
6484,325,325,1,1,42,spatial_sustained,0.9904,False
6485,325,325,1,9,147,spatial_sustained,0.9422,True
6486,325,325,1,4,152,spatial_sustained,0.5638,True
6487,325,325,1,1,136,spatial_sustained,0.5313,False
6488,325,325,1,1,140,spatial_sustained,0.5094,False
6489,325,325,1,1,162,spatial_sustained,0.8278,False
6490,325,325,1,2,217,spatial_sustained,0.5466,True
6491,325,325,1,2,226,spatial_sustained,0.7707,True
6492,325,325,1,16,308,spatial_sustained,0.9667,True
6493,325,325,1,10,285,spatial_sustained,0.9474,True
6494,325,325,1,1,289,spatial_sustained,0.9966,False
6495,325,325,1,9,356,spatial_sustained,0.9378,True
6496,325,325,1,1,382,spatial_sustained,0.5519,False
6497,325,325,1,1,407,spatial_sustained,0.5133,False
6498,325,325,1,3,441,spatial_sustained,0.5594,True
6499,325,325,1,2,436,spatial_sustained,0.5448,True
6500,325,325,1,1,471,spatial_sustained,0.5501,False
6501,325,325,1,1,484,spatial_sustained,0.9866,False
6502,325,325,1,1,523,spatial_sustained,0.9308,False
6503,325,325,1,1,538,spatial_sustained,0.544,False
6504,325,325,1,1,558,spatial_sustained,0.507,False
6505,325,325,1,1,657,spatial_sustained,0.9095,False
6506,325,325,1,1,675,spatial_sustained,0.71,False
6507,325,325,1,18,763,spatial_sustained,0.7932,True
6508,325,325,1,1,724,spatial_sustained,0.5139,False
6509,325,325,1,1,727,spatial_sustained,0.5171,False
6510,325,325,1,2,822,spatial_sustained,0.5411,True
6511,325,325,1,2,879,spatial_sustained,0.5168,True
6512,325,325,1,1,858,spatial_sustained,0.5133,False
6513,325,325,1,1,882,spatial_sustained,0.5896,False
6514,325,325,1,2,921,spatial_sustained,0.6037,True
6515,325,325,1,1,935,spatial_sustained,0.5815,False
6516,325,325,1,9,970,spatial_sustained,0.9588,True
6517,325,325,1,1,942,spatial_sustained,0.5988,False
6518,325,325,1,1,944,spatial_sustained,0.5197,False
6519,325,325,1,1,1006,spatial_sustained,0.5702,False
6520,326,326,1,1,17,spatial_sustained,0.5631,False
6521,326,326,1,2,30,spatial_sustained,0.5989,True
6522,326,326,1,2,71,spatial_sustained,0.9656,True
6523,326,326,1,1,42,spatial_sustained,0.9903,False
6524,326,326,1,1,78,spatial_sustained,0.5057,False
6525,326,326,1,1,93,spatial_sustained,0.5041,False
6526,326,326,1,9,147,spatial_sustained,0.9488,True
6527,326,326,1,2,121,spatial_sustained,0.568,True
6528,326,326,1,1,227,spatial_sustained,0.6545,False
6529,326,326,1,16,308,spatial_sustained,0.9665,True
6530,326,326,1,9,284,spatial_sustained,0.9864,True
6531,326,326,1,1,289,spatial_sustained,0.9927,False
6532,326,326,1,9,356,spatial_sustained,0.9412,True
6533,326,326,1,1,380,spatial_sustained,0.5418,False
6534,326,326,1,1,478,spatial_sustained,0.5383,False
6535,326,326,1,1,484,spatial_sustained,0.9851,False
6536,326,326,1,8,554,spatial_sustained,0.8986,True
6537,326,326,1,1,575,spatial_sustained,0.5004,False
6538,326,326,1,1,657,spatial_sustained,0.9924,False
6539,326,326,1,11,731,spatial_sustained,0.9268,True
6540,326,326,1,1,735,spatial_sustained,0.5592,False
6541,326,326,1,8,776,spatial_sustained,0.9002,True
6542,326,326,1,1,830,spatial_sustained,0.533,False
6543,326,326,1,1,865,spatial_sustained,0.553,False
6544,326,326,1,2,921,spatial_sustained,0.5175,True
6545,326,326,1,9,970,spatial_sustained,0.9788,True
6546,326,326,1,1,992,spatial_sustained,0.5237,False
6547,327,327,1,1,32,spatial_sustained,0.805,False
6548,327,327,1,1,37,spatial_sustained,0.511,False
6549,327,327,1,1,42,spatial_sustained,0.9919,False
6550,327,327,1,1,71,spatial_sustained,0.944,False
6551,327,327,1,9,147,spatial_sustained,0.9496,True
6552,327,327,1,1,161,spatial_sustained,0.8211,False
6553,327,327,1,16,308,spatial_sustained,0.9613,True
6554,327,327,1,9,284,spatial_sustained,0.9858,True
6555,327,327,1,1,320,spatial_sustained,0.8049,False
6556,327,327,1,1,484,spatial_sustained,0.9828,False
6557,327,327,1,16,585,spatial_sustained,0.9338,True
6558,327,327,1,9,624,spatial_sustained,0.9301,True
6559,327,327,1,2,737,spatial_sustained,0.5412,True
6560,327,327,1,8,776,spatial_sustained,0.9578,True
6561,327,327,1,1,822,spatial_sustained,0.5347,False
6562,327,327,1,1,837,spatial_sustained,0.5022,False
6563,327,327,1,1,865,spatial_sustained,0.5286,False
6564,327,327,1,11,969,spatial_sustained,0.8998,True
6565,327,327,1,1,930,spatial_sustained,0.5662,False
6566,327,327,1,2,989,spatial_sustained,0.5552,True
6567,327,327,1,1,976,spatial_sustained,0.9022,False
6568,327,327,1,1,999,spatial_sustained,0.5098,False
6569,327,327,1,1,1017,spatial_sustained,0.8706,False
6570,328,328,1,1,0,spatial_sustained,0.8227,False
6571,328,328,1,1,10,spatial_sustained,0.5315,False
6572,328,328,1,8,47,spatial_sustained,0.8497,True
6573,328,328,1,14,116,spatial_sustained,0.8124,True
6574,328,328,1,2,31,spatial_sustained,0.5501,True
6575,328,328,1,2,87,spatial_sustained,0.5485,True
6576,328,328,1,1,121,spatial_sustained,0.5296,False
6577,328,328,1,1,215,spatial_sustained,0.5293,False
6578,328,328,1,16,308,spatial_sustained,0.9615,True
6579,328,328,1,9,284,spatial_sustained,0.9878,True
6580,328,328,1,9,331,spatial_sustained,0.8911,True
6581,328,328,1,1,311,spatial_sustained,0.8764,False
6582,328,328,1,1,335,spatial_sustained,0.5166,False
6583,328,328,1,1,416,spatial_sustained,0.7707,False
6584,328,328,1,1,435,spatial_sustained,0.5185,False
6585,328,328,1,1,447,spatial_sustained,0.5857,False
6586,328,328,1,1,484,spatial_sustained,0.9821,False
6587,328,328,1,16,585,spatial_sustained,0.9836,True
6588,328,328,1,9,624,spatial_sustained,0.963,True
6589,328,328,1,2,630,spatial_sustained,0.521,True
6590,328,328,1,2,639,spatial_sustained,0.5548,True
6591,328,328,1,1,675,spatial_sustained,0.5643,False
6592,328,328,1,10,750,spatial_sustained,0.8896,True
6593,328,328,1,14,797,spatial_sustained,0.7793,True
6594,328,328,1,1,737,spatial_sustained,0.6045,False
6595,328,328,1,9,776,spatial_sustained,0.8826,True
6596,328,328,1,3,910,spatial_sustained,0.5513,True
6597,328,328,1,1,894,spatial_sustained,0.6082,False
6598,328,328,1,9,970,spatial_sustained,0.9809,True
6599,328,328,1,1,976,spatial_sustained,0.9776,False
6600,328,328,1,2,1022,spatial_sustained,0.6074,True
6601,328,328,1,1,1017,spatial_sustained,0.958,False
6602,329,329,1,8,47,spatial_sustained,0.8813,True
6603,329,329,1,2,30,spatial_sustained,0.5145,True
6604,329,329,1,9,147,spatial_sustained,0.9451,True
6605,329,329,1,2,121,spatial_sustained,0.5314,True
6606,329,329,1,1,161,spatial_sustained,0.8255,False
6607,329,329,1,17,308,spatial_sustained,0.9575,True
6608,329,329,1,9,331,spatial_sustained,0.99,True
6609,329,329,1,1,311,spatial_sustained,0.9186,False
6610,329,329,1,1,318,spatial_sustained,0.8364,False
6611,329,329,1,1,416,spatial_sustained,0.6136,False
6612,329,329,1,1,430,spatial_sustained,0.5218,False
6613,329,329,1,1,484,spatial_sustained,0.983,False
6614,329,329,1,16,585,spatial_sustained,0.9885,True
6615,329,329,1,1,657,spatial_sustained,0.9987,False
6616,329,329,1,9,750,spatial_sustained,0.9758,True
6617,329,329,1,9,776,spatial_sustained,0.961,True
6618,329,329,1,9,795,spatial_sustained,0.9754,True
6619,329,329,1,1,870,spatial_sustained,0.5034,False
6620,329,329,1,1,885,spatial_sustained,0.5094,False
6621,329,329,1,1,896,spatial_sustained,0.5782,False
6622,329,329,1,9,970,spatial_sustained,0.9817,True
6623,329,329,1,2,987,spatial_sustained,0.875,True
6624,329,329,1,1,976,spatial_sustained,0.9815,False
6625,329,329,1,1,1012,spatial_sustained,0.5587,False
6626,329,329,1,1,1017,spatial_sustained,0.9886,False
6627,330,330,1,1,10,spatial_sustained,0.5068,False
6628,330,330,1,8,47,spatial_sustained,0.8777,True
6629,330,330,1,1,86,spatial_sustained,0.5475,False
6630,330,330,1,9,147,spatial_sustained,0.9509,True
6631,330,330,1,9,331,spatial_sustained,0.9943,True
6632,330,330,1,1,404,spatial_sustained,0.9948,False
6633,330,330,1,1,484,spatial_sustained,0.9849,False
6634,330,330,1,1,657,spatial_sustained,0.9976,False
6635,330,330,1,14,796,spatial_sustained,0.838,True
6636,330,330,1,2,737,spatial_sustained,0.5228,True
6637,330,330,1,9,776,spatial_sustained,0.9656,True
6638,330,330,1,2,833,spatial_sustained,0.543,True
6639,330,330,1,1,920,spatial_sustained,0.6182,False
6640,330,330,1,9,970,spatial_sustained,0.987,True
6641,330,330,1,1,942,spatial_sustained,0.5124,False
6642,330,330,1,2,976,spatial_sustained,0.7484,True
6643,330,330,1,2,987,spatial_sustained,0.9234,True
6644,330,330,1,1,989,spatial_sustained,0.5647,False
6645,330,330,1,1,1010,spatial_sustained,0.5746,False
6646,330,330,1,1,1017,spatial_sustained,0.9931,False
6647,331,331,1,8,47,spatial_sustained,0.8844,True
6648,331,331,1,1,57,spatial_sustained,0.5056,False
6649,331,331,1,2,114,spatial_sustained,0.5245,True
6650,331,331,1,1,93,spatial_sustained,0.5549,False
6651,331,331,1,1,119,spatial_sustained,0.5193,False
6652,331,331,1,1,223,spatial_sustained,0.5034,False
6653,331,331,1,9,315,spatial_sustained,0.9227,True
6654,331,331,1,14,361,spatial_sustained,0.9538,True
6655,331,331,1,8,418,spatial_sustained,0.851,True
6656,331,331,1,1,404,spatial_sustained,1.0,False
6657,331,331,1,1,657,spatial_sustained,0.9984,False
6658,331,331,1,3,707,spatial_sustained,0.5222,True
6659,331,331,1,9,776,spatial_sustained,0.9671,True
6660,331,331,1,1,760,spatial_sustained,0.8823,False
6661,331,331,1,9,795,spatial_sustained,0.9871,True
6662,331,331,1,4,910,spatial_sustained,0.5521,True
6663,331,331,1,1,927,spatial_sustained,0.5344,False
6664,331,331,1,2,987,spatial_sustained,0.9295,True
6665,331,331,1,1,976,spatial_sustained,0.9886,False
6666,332,332,1,8,47,spatial_sustained,0.8865,True
6667,332,332,1,2,114,spatial_sustained,0.5189,True
6668,332,332,1,1,161,spatial_sustained,0.5046,False
6669,332,332,1,9,315,spatial_sustained,0.9569,True
6670,332,332,1,14,361,spatial_sustained,0.9763,True
6671,332,332,1,9,418,spatial_sustained,0.8534,True
6672,332,332,1,3,716,spatial_sustained,0.5363,True
6673,332,332,1,2,719,spatial_sustained,0.5102,True
6674,332,332,1,9,776,spatial_sustained,0.9694,True
6675,332,332,1,1,760,spatial_sustained,0.9749,False
6676,332,332,1,11,796,spatial_sustained,0.9116,True
6677,332,332,1,2,930,spatial_sustained,0.5348,True
6678,332,332,1,1,939,spatial_sustained,0.643,False
6679,332,332,1,1,976,spatial_sustained,0.9905,False
6680,332,332,1,1,985,spatial_sustained,0.5125,False
6681,332,332,1,1,987,spatial_sustained,0.8967,False
6682,332,332,1,1,1010,spatial_sustained,0.5259,False
6683,333,333,1,8,47,spatial_sustained,0.891,True
6684,333,333,1,1,32,spatial_sustained,0.6002,False
6685,333,333,1,1,172,spatial_sustained,0.5538,False
6686,333,333,1,1,196,spatial_sustained,0.5439,False
6687,333,333,1,1,255,spatial_sustained,0.5283,False
6688,333,333,1,9,315,spatial_sustained,0.9577,True
6689,333,333,1,14,361,spatial_sustained,0.9797,True
6690,333,333,1,1,335,spatial_sustained,0.912,False
6691,333,333,1,9,418,spatial_sustained,0.8442,True
6692,333,333,1,1,435,spatial_sustained,0.5319,False
6693,333,333,1,1,559,spatial_sustained,0.5218,False
6694,333,333,1,1,611,spatial_sustained,0.5667,False
6695,333,333,1,1,641,spatial_sustained,0.9543,False
6696,333,333,1,5,717,spatial_sustained,0.6344,True
6697,333,333,1,3,723,spatial_sustained,0.5377,True
6698,333,333,1,10,776,spatial_sustained,0.9271,True
6699,333,333,1,15,795,spatial_sustained,0.8802,True
6700,333,333,1,1,773,spatial_sustained,0.526,False
6701,333,333,1,2,813,spatial_sustained,0.6346,True
6702,333,333,1,2,920,spatial_sustained,0.5457,True
6703,333,333,1,1,942,spatial_sustained,0.6382,False
6704,333,333,1,1,949,spatial_sustained,0.5323,False
6705,333,333,1,1,976,spatial_sustained,0.9914,False
6706,333,333,1,1,987,spatial_sustained,0.8984,False
6707,333,333,1,1,990,spatial_sustained,0.8105,False
6708,333,333,1,1,1017,spatial_sustained,0.5078,False
6709,334,334,1,8,47,spatial_sustained,0.8876,True
6710,334,334,1,1,136,spatial_sustained,0.5081,False
6711,334,334,1,1,161,spatial_sustained,0.7914,False
6712,334,334,1,9,315,spatial_sustained,0.9505,True
6713,334,334,1,9,362,spatial_sustained,0.967,True
6714,334,334,1,1,335,spatial_sustained,0.991,False
6715,334,334,1,2,441,spatial_sustained,0.5646,True
6716,334,334,1,1,579,spatial_sustained,0.9469,False
6717,334,334,1,1,641,spatial_sustained,1.0,False
6718,334,334,1,1,688,spatial_sustained,0.5697,False
6719,334,334,1,1,745,spatial_sustained,0.9905,False
6720,334,334,1,1,752,spatial_sustained,0.5524,False
6721,334,334,1,2,793,spatial_sustained,0.9925,True
6722,334,334,1,1,893,spatial_sustained,0.5038,False
6723,334,334,1,1,987,spatial_sustained,0.9084,False
6724,334,334,1,1,1008,spatial_sustained,0.5592,False
6725,335,335,1,8,47,spatial_sustained,0.844,True
6726,335,335,1,1,155,spatial_sustained,0.6019,False
6727,335,335,1,1,225,spatial_sustained,0.6985,False
6728,335,335,1,12,315,spatial_sustained,0.8314,True
6729,335,335,1,9,362,spatial_sustained,0.9481,True
6730,335,335,1,1,335,spatial_sustained,1.0,False
6731,335,335,1,1,352,spatial_sustained,0.5132,False
6732,335,335,1,1,415,spatial_sustained,0.5097,False
6733,335,335,1,1,416,spatial_sustained,0.8238,False
6734,335,335,1,1,495,spatial_sustained,0.5685,False
6735,335,335,1,1,579,spatial_sustained,0.9848,False
6736,335,335,1,2,793,spatial_sustained,0.993,True
6737,335,335,1,1,808,spatial_sustained,0.7194,False
6738,335,335,1,1,896,spatial_sustained,0.5387,False
6739,335,335,1,1,987,spatial_sustained,0.8911,False
6740,335,335,1,1,991,spatial_sustained,0.5107,False
6741,335,335,1,1,1003,spatial_sustained,0.5102,False
6742,335,335,1,1,1010,spatial_sustained,0.5075,False
6743,335,335,1,1,1014,spatial_sustained,0.5975,False
6744,336,336,1,3,46,spatial_sustained,0.6506,True
6745,336,336,1,117,407,spatial_sustained,0.5887,True
6746,336,336,1,2,63,spatial_sustained,0.5281,True
6747,336,336,1,1,52,spatial_sustained,0.5239,False
6748,336,336,1,3,69,spatial_sustained,0.5081,True
6749,336,336,1,1,128,spatial_sustained,0.5315,False
6750,336,336,1,2,178,spatial_sustained,0.5164,True
6751,336,336,1,1,201,spatial_sustained,0.5081,False
6752,336,336,1,2,274,spatial_sustained,0.5494,True
6753,336,336,1,1,246,spatial_sustained,0.5075,False
6754,336,336,1,3,302,spatial_sustained,0.6704,True
6755,336,336,1,1,287,spatial_sustained,0.5203,False
6756,336,336,1,9,362,spatial_sustained,0.6815,True
6757,336,336,1,16,456,spatial_sustained,0.5301,True
6758,336,336,1,1,400,spatial_sustained,0.5033,False
6759,336,336,1,1,416,spatial_sustained,0.9111,False
6760,336,336,1,1,497,spatial_sustained,0.5009,False
6761,336,336,1,1,561,spatial_sustained,0.5527,False
6762,336,336,1,6,641,spatial_sustained,0.5723,True
6763,336,336,1,1,614,spatial_sustained,0.5032,False
6764,336,336,1,13,744,spatial_sustained,0.5177,True
6765,336,336,1,30,794,spatial_sustained,0.5818,True
6766,336,336,1,1,687,spatial_sustained,0.5007,False
6767,336,336,1,4,769,spatial_sustained,0.5436,True
6768,336,336,1,1,740,spatial_sustained,0.5419,False
6769,336,336,1,1,822,spatial_sustained,0.5764,False
6770,336,336,1,2,898,spatial_sustained,0.5094,True
6771,336,336,1,2,914,spatial_sustained,0.5204,True
6772,336,336,1,1,901,spatial_sustained,0.5395,False
6773,336,336,1,1,921,spatial_sustained,0.5677,False
6774,336,336,1,1,955,spatial_sustained,0.5208,False
6775,336,336,1,3,970,spatial_sustained,0.5233,True
6776,337,337,1,1,17,spatial_sustained,0.8097,False
6777,337,337,1,1,77,spatial_sustained,0.9289,False
6778,337,337,1,10,316,spatial_sustained,0.7039,True
6779,337,337,1,1,416,spatial_sustained,0.9174,False
6780,337,337,1,9,565,spatial_sustained,0.9722,True
6781,337,337,1,1,579,spatial_sustained,0.652,False
6782,337,337,1,1,650,spatial_sustained,0.5924,False
6783,337,337,1,2,793,spatial_sustained,1.0,True
6784,337,337,1,1,797,spatial_sustained,0.7077,False
6785,338,338,1,2,25,spatial_sustained,0.5642,True
6786,338,338,1,1,42,spatial_sustained,0.5529,False
6787,338,338,1,1,65,spatial_sustained,0.513,False
6788,338,338,1,1,77,spatial_sustained,0.9389,False
6789,338,338,1,1,95,spatial_sustained,0.5319,False
6790,338,338,1,2,121,spatial_sustained,0.5431,True
6791,338,338,1,1,155,spatial_sustained,0.825,False
6792,338,338,1,1,216,spatial_sustained,0.5591,False
6793,338,338,1,2,260,spatial_sustained,0.5072,True
6794,338,338,1,1,279,spatial_sustained,0.5108,False
6795,338,338,1,9,315,spatial_sustained,0.8934,True
6796,338,338,1,1,382,spatial_sustained,0.5916,False
6797,338,338,1,1,416,spatial_sustained,0.9166,False
6798,338,338,1,1,452,spatial_sustained,0.5028,False
6799,338,338,1,1,510,spatial_sustained,0.5143,False
6800,338,338,1,2,521,spatial_sustained,0.5601,True
6801,338,338,1,11,566,spatial_sustained,0.8916,True
6802,338,338,1,2,538,spatial_sustained,0.535,True
6803,338,338,1,1,623,spatial_sustained,0.5646,False
6804,338,338,1,1,639,spatial_sustained,0.5254,False
6805,338,338,1,1,650,spatial_sustained,0.7386,False
6806,338,338,1,3,766,spatial_sustained,0.713,True
6807,338,338,1,2,793,spatial_sustained,1.0,True
6808,338,338,1,1,800,spatial_sustained,0.5226,False
6809,338,338,1,1,808,spatial_sustained,0.684,False
6810,338,338,1,3,889,spatial_sustained,0.6038,True
6811,338,338,1,2,1002,spatial_sustained,0.5539,True
6812,339,339,1,1,77,spatial_sustained,0.945,False
6813,339,339,1,1,125,spatial_sustained,0.5322,False
6814,339,339,1,9,262,spatial_sustained,0.8961,True
6815,339,339,1,1,247,spatial_sustained,0.5032,False
6816,339,339,1,5,315,spatial_sustained,0.589,True
6817,339,339,1,1,290,spatial_sustained,0.5369,False
6818,339,339,1,1,335,spatial_sustained,0.5323,False
6819,339,339,1,2,357,spatial_sustained,0.5123,True
6820,339,339,1,1,371,spatial_sustained,0.6127,False
6821,339,339,1,1,375,spatial_sustained,0.8747,False
6822,339,339,1,1,416,spatial_sustained,0.9169,False
6823,339,339,1,9,565,spatial_sustained,0.8744,True
6824,339,339,1,2,586,spatial_sustained,0.5268,True
6825,339,339,1,1,584,spatial_sustained,0.5361,False
6826,339,339,1,3,643,spatial_sustained,0.6677,True
6827,339,339,1,1,650,spatial_sustained,0.6768,False
6828,339,339,1,1,667,spatial_sustained,0.5009,False
6829,339,339,1,1,704,spatial_sustained,0.5906,False
6830,339,339,1,8,795,spatial_sustained,0.6207,True
6831,339,339,1,1,757,spatial_sustained,0.5236,False
6832,339,339,1,1,770,spatial_sustained,0.5139,False
6833,339,339,1,4,811,spatial_sustained,0.5599,True
6834,339,339,1,1,793,spatial_sustained,1.0,False
6835,339,339,1,1,800,spatial_sustained,0.7258,False
6836,339,339,1,1,804,spatial_sustained,0.5004,False
6837,339,339,1,1,806,spatial_sustained,0.5137,False
6838,339,339,1,1,863,spatial_sustained,0.5868,False
6839,339,339,1,1,870,spatial_sustained,0.5534,False
6840,339,339,1,1,874,spatial_sustained,0.5131,False
6841,339,339,1,1,916,spatial_sustained,0.5245,False
6842,339,339,1,4,975,spatial_sustained,0.5401,True
6843,339,339,1,4,969,spatial_sustained,0.5713,True
6844,339,339,1,1,981,spatial_sustained,0.8292,False
6845,339,339,1,1,983,spatial_sustained,0.573,False
6846,340,340,1,1,55,spatial_sustained,0.5037,False
6847,340,340,1,2,58,spatial_sustained,0.6266,True
6848,340,340,1,1,60,spatial_sustained,0.5059,False
6849,340,340,1,2,107,spatial_sustained,0.5295,True
6850,340,340,1,2,109,spatial_sustained,0.7552,True
6851,340,340,1,3,115,spatial_sustained,0.6501,True
6852,340,340,1,1,96,spatial_sustained,0.8178,False
6853,340,340,1,1,121,spatial_sustained,0.5016,False
6854,340,340,1,1,173,spatial_sustained,0.5423,False
6855,340,340,1,2,243,spatial_sustained,0.5147,True
6856,340,340,1,9,262,spatial_sustained,0.9476,True
6857,340,340,1,1,281,spatial_sustained,0.5251,False
6858,340,340,1,1,289,spatial_sustained,0.5035,False
6859,340,340,1,2,378,spatial_sustained,0.5412,True
6860,340,340,1,1,375,spatial_sustained,0.9388,False
6861,340,340,1,4,416,spatial_sustained,0.701,True
6862,340,340,1,1,423,spatial_sustained,0.5462,False
6863,340,340,1,1,513,spatial_sustained,0.5613,False
6864,340,340,1,1,521,spatial_sustained,0.6559,False
6865,340,340,1,1,527,spatial_sustained,0.5871,False
6866,340,340,1,9,565,spatial_sustained,0.8564,True
6867,340,340,1,2,562,spatial_sustained,0.6462,True
6868,340,340,1,1,586,spatial_sustained,0.5745,False
6869,340,340,1,1,641,spatial_sustained,0.5198,False
6870,340,340,1,1,644,spatial_sustained,0.9745,False
6871,340,340,1,1,650,spatial_sustained,0.8534,False
6872,340,340,1,1,704,spatial_sustained,0.7404,False
6873,340,340,1,1,734,spatial_sustained,0.8037,False
6874,340,340,1,2,771,spatial_sustained,0.5783,True
6875,340,340,1,1,756,spatial_sustained,0.504,False
6876,340,340,1,1,793,spatial_sustained,1.0,False
6877,340,340,1,1,797,spatial_sustained,0.9146,False
6878,340,340,1,1,799,spatial_sustained,0.5616,False
6879,340,340,1,1,813,spatial_sustained,0.6651,False
6880,340,340,1,2,841,spatial_sustained,0.6197,True
6881,340,340,1,2,893,spatial_sustained,0.7123,True
6882,340,340,1,1,889,spatial_sustained,0.5076,False
6883,340,340,1,1,939,spatial_sustained,0.5031,False
6884,340,340,1,6,978,spatial_sustained,0.5523,True
6885,340,340,1,2,981,spatial_sustained,0.561,True
6886,340,340,1,3,984,spatial_sustained,0.5183,True
6887,341,341,1,1,30,spatial_sustained,0.5814,False
6888,341,341,1,1,48,spatial_sustained,0.593,False
6889,341,341,1,1,50,spatial_sustained,0.5421,False
6890,341,341,1,1,52,spatial_sustained,0.547,False
6891,341,341,1,2,98,spatial_sustained,0.5214,True
6892,341,341,1,1,87,spatial_sustained,0.5471,False
6893,341,341,1,1,134,spatial_sustained,0.518,False
6894,341,341,1,1,226,spatial_sustained,0.8213,False
6895,341,341,1,9,262,spatial_sustained,0.9566,True
6896,341,341,1,1,279,spatial_sustained,0.5955,False
6897,341,341,1,2,316,spatial_sustained,0.5411,True
6898,341,341,1,1,375,spatial_sustained,0.9662,False
6899,341,341,1,9,565,spatial_sustained,0.882,True
6900,341,341,1,1,540,spatial_sustained,0.9041,False
6901,341,341,1,2,561,spatial_sustained,0.66,True
6902,341,341,1,4,656,spatial_sustained,0.7168,True
6903,341,341,1,2,639,spatial_sustained,0.556,True
6904,341,341,1,1,644,spatial_sustained,1.0,False
6905,341,341,1,1,650,spatial_sustained,0.8767,False
6906,341,341,1,7,769,spatial_sustained,0.5765,True
6907,341,341,1,1,744,spatial_sustained,0.5091,False
6908,341,341,1,1,797,spatial_sustained,0.9266,False
6909,341,341,1,1,809,spatial_sustained,0.5521,False
6910,341,341,1,1,826,spatial_sustained,0.6412,False
6911,341,341,1,1,1010,spatial_sustained,0.5505,False
6912,342,342,1,1,45,spatial_sustained,0.5617,False
6913,342,342,1,2,83,spatial_sustained,0.579,True
6914,342,342,1,1,88,spatial_sustained,0.5173,False
6915,342,342,1,9,262,spatial_sustained,0.9628,True
6916,342,342,1,1,375,spatial_sustained,0.9959,False
6917,342,342,1,1,398,spatial_sustained,0.8775,False
6918,342,342,1,1,540,spatial_sustained,0.9574,False
6919,342,342,1,1,636,spatial_sustained,0.8702,False
6920,342,342,1,1,644,spatial_sustained,0.9875,False
6921,342,342,1,1,650,spatial_sustained,0.9144,False
6922,342,342,1,1,741,spatial_sustained,0.7839,False
6923,342,342,1,1,797,spatial_sustained,0.953,False
6924,342,342,1,1,892,spatial_sustained,0.5965,False
6925,342,342,1,1,939,spatial_sustained,0.67,False
6926,342,342,1,1,1000,spatial_sustained,0.5744,False
6927,342,342,1,1,1003,spatial_sustained,0.5374,False
6928,342,342,1,1,1008,spatial_sustained,0.5079,False
6929,342,342,1,1,1011,spatial_sustained,0.5776,False
6930,343,343,1,1,14,spatial_sustained,0.5227,False
6931,343,343,1,3,51,spatial_sustained,0.5314,True
6932,343,343,1,17,154,spatial_sustained,0.7048,True
6933,343,343,1,3,113,spatial_sustained,0.5135,True
6934,343,343,1,1,133,spatial_sustained,0.5582,False
6935,343,343,1,2,182,spatial_sustained,0.5686,True
6936,343,343,1,9,262,spatial_sustained,0.9718,True
6937,343,343,1,1,352,spatial_sustained,0.5427,False
6938,343,343,1,1,375,spatial_sustained,0.9906,False
6939,343,343,1,1,398,spatial_sustained,0.9706,False
6940,343,343,1,1,534,spatial_sustained,0.507,False
6941,343,343,1,1,540,spatial_sustained,1.0,False
6942,343,343,1,1,561,spatial_sustained,0.5152,False
6943,343,343,1,1,636,spatial_sustained,0.9381,False
6944,343,343,1,1,639,spatial_sustained,0.5625,False
6945,343,343,1,1,644,spatial_sustained,0.9681,False
6946,343,343,1,1,650,spatial_sustained,0.9295,False
6947,343,343,1,3,688,spatial_sustained,0.5499,True
6948,343,343,1,3,740,spatial_sustained,0.598,True
6949,343,343,1,1,769,spatial_sustained,0.5039,False
6950,343,343,1,4,806,spatial_sustained,0.6525,True
6951,343,343,1,1,797,spatial_sustained,0.975,False
6952,343,343,1,1,866,spatial_sustained,0.5444,False
6953,343,343,1,1,977,spatial_sustained,0.5148,False
6954,343,343,1,1,981,spatial_sustained,0.5045,False
6955,343,343,1,1,983,spatial_sustained,0.5222,False
6956,343,343,1,1,985,spatial_sustained,0.6804,False
6957,343,343,1,1,992,spatial_sustained,0.8165,False
6958,344,344,1,3,12,spatial_sustained,0.5582,True
6959,344,344,1,10,51,spatial_sustained,0.5674,True
6960,344,344,1,5,86,spatial_sustained,0.5483,True
6961,344,344,1,1,27,spatial_sustained,0.7811,False
6962,344,344,1,2,66,spatial_sustained,0.5734,True
6963,344,344,1,1,131,spatial_sustained,0.8791,False
6964,344,344,1,11,187,spatial_sustained,0.8285,True
6965,344,344,1,2,192,spatial_sustained,0.7231,True
6966,344,344,1,1,179,spatial_sustained,0.5113,False
6967,344,344,1,18,328,spatial_sustained,0.9546,True
6968,344,344,1,1,318,spatial_sustained,0.5428,False
6969,344,344,1,2,352,spatial_sustained,0.506,True
6970,344,344,1,1,348,spatial_sustained,0.536,False
6971,344,344,1,9,388,spatial_sustained,0.8947,True
6972,344,344,1,1,375,spatial_sustained,0.9889,False
6973,344,344,1,1,398,spatial_sustained,0.9939,False
6974,344,344,1,1,479,spatial_sustained,0.5091,False
6975,344,344,1,1,495,spatial_sustained,0.502,False
6976,344,344,1,3,541,spatial_sustained,0.822,True
6977,344,344,1,2,638,spatial_sustained,0.5409,True
6978,344,344,1,1,644,spatial_sustained,0.9795,False
6979,344,344,1,4,730,spatial_sustained,0.5218,True
6980,344,344,1,1,701,spatial_sustained,0.5244,False
6981,344,344,1,1,741,spatial_sustained,0.8383,False
6982,344,344,1,1,769,spatial_sustained,0.6207,False
6983,344,344,1,1,775,spatial_sustained,1.0,False
6984,344,344,1,7,825,spatial_sustained,0.557,True
6985,344,344,1,5,829,spatial_sustained,0.6087,True
6986,344,344,1,1,932,spatial_sustained,0.5061,False
6987,344,344,1,1,1003,spatial_sustained,0.5361,False
6988,345,345,1,5,42,spatial_sustained,0.5429,True
6989,345,345,1,10,53,spatial_sustained,0.5679,True
6990,345,345,1,4,69,spatial_sustained,0.538,True
6991,345,345,1,1,46,spatial_sustained,0.5043,False
6992,345,345,1,1,48,spatial_sustained,0.6013,False
6993,345,345,1,2,163,spatial_sustained,0.7202,True
6994,345,345,1,19,190,spatial_sustained,0.711,True
6995,345,345,1,2,192,spatial_sustained,0.6521,True
6996,345,345,1,18,328,spatial_sustained,0.9875,True
6997,345,345,1,9,334,spatial_sustained,0.9099,True
6998,345,345,1,31,513,spatial_sustained,0.7055,True
6999,345,345,1,1,375,spatial_sustained,0.5283,False
7000,345,345,1,2,380,spatial_sustained,0.5073,True
7001,345,345,1,4,540,spatial_sustained,0.6539,True
7002,345,345,1,1,479,spatial_sustained,0.8198,False
7003,345,345,1,1,526,spatial_sustained,0.5015,False
7004,345,345,1,1,566,spatial_sustained,0.512,False
7005,345,345,1,1,644,spatial_sustained,0.9996,False
7006,345,345,1,12,796,spatial_sustained,0.5962,True
7007,345,345,1,5,793,spatial_sustained,0.5676,True
7008,345,345,1,1,775,spatial_sustained,1.0,False
7009,345,345,1,2,783,spatial_sustained,0.5222,True
7010,345,345,1,2,788,spatial_sustained,0.5252,True
7011,345,345,1,1,847,spatial_sustained,0.5201,False
7012,345,345,1,1,854,spatial_sustained,0.5327,False
7013,345,345,1,1,891,spatial_sustained,0.505,False
7014,345,345,1,3,970,spatial_sustained,0.5547,True
7015,346,346,1,225,283,spatial_sustained,0.6324,True
7016,346,346,1,2,14,spatial_sustained,0.638,True
7017,346,346,1,1,29,spatial_sustained,0.6601,False
7018,346,346,1,2,63,spatial_sustained,0.5311,True
7019,346,346,1,1,171,spatial_sustained,0.5006,False
7020,346,346,1,2,285,spatial_sustained,0.539,True
7021,346,346,1,2,312,spatial_sustained,0.5097,True
7022,346,346,1,30,445,spatial_sustained,0.6461,True
7023,346,346,1,1,384,spatial_sustained,0.5188,False
7024,346,346,1,1,527,spatial_sustained,0.5207,False
7025,346,346,1,1,529,spatial_sustained,0.515,False
7026,346,346,1,83,760,spatial_sustained,0.5978,True
7027,346,346,1,10,915,spatial_sustained,0.8514,True
7028,346,346,1,1,907,spatial_sustained,0.5857,False
7029,346,346,1,2,1002,spatial_sustained,0.6065,True
7030,346,346,1,1,976,spatial_sustained,0.6088,False
7031,346,346,1,1,991,spatial_sustained,0.8714,False
7032,346,346,1,1,998,spatial_sustained,0.5465,False
7033,347,347,1,1,0,spatial_sustained,0.7647,False
7034,347,347,1,33,103,spatial_sustained,0.5766,True
7035,347,347,1,8,44,spatial_sustained,0.6071,True
7036,347,347,1,19,114,spatial_sustained,0.586,True
7037,347,347,1,350,520,spatial_sustained,0.6343,True
7038,347,347,1,3,174,spatial_sustained,0.5287,True
7039,347,347,1,3,256,spatial_sustained,0.5213,True
7040,347,347,1,1,384,spatial_sustained,0.5394,False
7041,347,347,1,4,476,spatial_sustained,0.5517,True
7042,347,347,1,2,466,spatial_sustained,0.5605,True
7043,347,347,1,1,537,spatial_sustained,0.543,False
7044,347,347,1,2,577,spatial_sustained,0.5804,True
7045,347,347,1,13,768,spatial_sustained,0.5864,True
7046,347,347,1,25,908,spatial_sustained,0.584,True
7047,347,347,1,3,931,spatial_sustained,0.5442,True
7048,347,347,1,1,991,spatial_sustained,0.994,False
7049,348,348,1,1,5,spatial_sustained,0.5395,False
7050,348,348,1,468,470,spatial_sustained,0.6192,True
7051,348,348,1,2,30,spatial_sustained,0.569,True
7052,348,348,1,12,97,spatial_sustained,0.5856,True
7053,348,348,1,3,135,spatial_sustained,0.5542,True
7054,348,348,1,1,227,spatial_sustained,0.606,False
7055,348,348,1,2,233,spatial_sustained,0.5425,True
7056,348,348,1,3,257,spatial_sustained,0.5816,True
7057,348,348,1,1,484,spatial_sustained,0.5064,False
7058,348,348,1,5,608,spatial_sustained,0.5575,True
7059,348,348,1,1,775,spatial_sustained,0.9934,False
7060,348,348,1,1,868,spatial_sustained,0.5174,False
7061,348,348,1,3,898,spatial_sustained,0.5312,True
7062,348,348,1,1,921,spatial_sustained,0.5128,False
7063,348,348,1,1,934,spatial_sustained,0.5752,False
7064,348,348,1,3,983,spatial_sustained,0.5251,True
7065,348,348,1,1,991,spatial_sustained,1.0,False
7066,349,349,1,3,34,spatial_sustained,0.5726,True
7067,349,349,1,3,10,spatial_sustained,0.6618,True
7068,349,349,1,3,14,spatial_sustained,0.6165,True
7069,349,349,1,550,504,spatial_sustained,0.6281,True
7070,349,349,1,1,63,spatial_sustained,0.5299,False
7071,349,349,1,1,128,spatial_sustained,0.5346,False
7072,349,349,1,4,257,spatial_sustained,0.5985,True
7073,349,349,1,1,813,spatial_sustained,0.5134,False
7074,349,349,1,1,873,spatial_sustained,0.5335,False
7075,349,349,1,1,875,spatial_sustained,0.5031,False
7076,349,349,1,1,929,spatial_sustained,0.503,False
7077,349,349,1,3,938,spatial_sustained,0.5782,True
7078,349,349,1,2,989,spatial_sustained,0.6646,True
7079,349,349,1,1,991,spatial_sustained,1.0,False
7080,350,350,1,24,96,spatial_sustained,0.5672,True
7081,350,350,1,368,371,spatial_sustained,0.5971,True
7082,350,350,1,2,63,spatial_sustained,0.5412,True
7083,350,350,1,2,225,spatial_sustained,0.7046,True
7084,350,350,1,2,231,spatial_sustained,0.509,True
7085,350,350,1,3,357,spatial_sustained,0.5653,True
7086,350,350,1,64,707,spatial_sustained,0.6728,True
7087,350,350,1,8,566,spatial_sustained,0.539,True
7088,350,350,1,11,647,spatial_sustained,0.5186,True
7089,350,350,1,1,620,spatial_sustained,1.0,False
7090,350,350,1,1,632,spatial_sustained,0.5032,False
7091,350,350,1,4,703,spatial_sustained,0.8047,True
7092,350,350,1,1,864,spatial_sustained,0.5331,False
7093,350,350,1,12,943,spatial_sustained,0.5585,True
7094,350,350,1,1,989,spatial_sustained,0.7787,False
7095,350,350,1,1,991,spatial_sustained,1.0,False
7096,350,350,1,1,998,spatial_sustained,0.5668,False
7097,350,350,1,1,1001,spatial_sustained,0.5891,False
7098,351,351,1,1,4,spatial_sustained,0.5021,False
7099,351,351,1,520,438,spatial_sustained,0.6119,True
7100,351,351,1,1,165,spatial_sustained,0.5013,False
7101,351,351,1,1,383,spatial_sustained,0.5018,False
7102,351,351,1,1,385,spatial_sustained,0.5296,False
7103,351,351,1,2,790,spatial_sustained,0.7597,True
7104,351,351,1,1,781,spatial_sustained,0.5074,False
7105,351,351,1,1,788,spatial_sustained,0.5154,False
7106,351,351,1,1,864,spatial_sustained,0.5606,False
7107,351,351,1,10,930,spatial_sustained,0.5589,True
7108,351,351,1,5,947,spatial_sustained,0.5282,True
7109,351,351,1,1,917,spatial_sustained,0.6155,False
7110,351,351,1,1,976,spatial_sustained,0.5589,False
7111,351,351,1,1,982,spatial_sustained,0.5067,False
7112,351,351,1,1,989,spatial_sustained,0.7938,False
7113,352,352,1,789,492,spatial_sustained,0.6724,True
7114,352,352,1,1,160,spatial_sustained,0.5269,False
7115,352,352,1,1,1019,spatial_sustained,0.5476,False
7116,353,353,1,586,457,spatial_sustained,0.6009,True
7117,353,353,1,3,256,spatial_sustained,0.559,True
7118,353,353,1,1,691,spatial_sustained,0.5337,False
7119,353,353,1,2,921,spatial_sustained,0.5266,True
7120,353,353,1,6,987,spatial_sustained,0.5408,True
7121,353,353,1,1,966,spatial_sustained,0.5239,False
7122,353,353,1,1,976,spatial_sustained,0.5531,False
7123,353,353,1,1,991,spatial_sustained,0.5804,False
7124,353,353,1,2,1011,spatial_sustained,0.5493,True
7125,353,353,1,2,1016,spatial_sustained,0.5249,True
7126,354,354,1,703,500,spatial_sustained,0.6018,True
7127,354,354,1,1,24,spatial_sustained,0.5141,False
7128,354,354,1,1,925,spatial_sustained,0.6017,False
7129,355,355,1,822,501,spatial_sustained,0.6279,True
7130,355,355,1,2,160,spatial_sustained,0.5532,True
7131,356,356,1,853,506,spatial_sustained,0.6546,True
7132,356,356,1,1,991,spatial_sustained,0.5248,False
7133,357,357,1,897,513,spatial_sustained,0.711,True
7134,358,358,1,909,513,spatial_sustained,0.735,True
7135,359,359,1,924,512,spatial_sustained,0.7515,True
7136,360,360,1,900,514,spatial_sustained,0.7849,True
7137,361,361,1,2,55,spatial_sustained,0.5282,True
7138,361,361,1,1,76,spatial_sustained,0.8657,False
7139,361,361,1,1,316,spatial_sustained,0.512,False
7140,361,361,1,9,362,spatial_sustained,0.723,True
7141,361,361,1,1,335,spatial_sustained,0.5569,False
7142,361,361,1,1,350,spatial_sustained,0.5119,False
7143,361,361,1,1,417,spatial_sustained,0.6592,False
7144,361,361,1,1,712,spatial_sustained,0.982,False
7145,361,361,1,1,767,spatial_sustained,0.631,False
7146,361,361,1,2,940,spatial_sustained,0.7791,True
7147,361,361,1,1,951,spatial_sustained,0.6573,False
7148,361,361,1,1,959,spatial_sustained,0.5708,False
7149,362,362,1,1,28,spatial_sustained,0.7287,False
7150,362,362,1,3,77,spatial_sustained,0.7085,True
7151,362,362,1,1,200,spatial_sustained,0.579,False
7152,362,362,1,1,322,spatial_sustained,0.5069,False
7153,362,362,1,9,362,spatial_sustained,0.9341,True
7154,362,362,1,20,464,spatial_sustained,0.7996,True
7155,362,362,1,1,416,spatial_sustained,0.6379,False
7156,362,362,1,3,512,spatial_sustained,0.5841,True
7157,362,362,1,1,511,spatial_sustained,0.6496,False
7158,362,362,1,9,619,spatial_sustained,0.8468,True
7159,362,362,1,1,712,spatial_sustained,1.0,False
7160,362,362,1,1,767,spatial_sustained,0.8155,False
7161,362,362,1,1,828,spatial_sustained,0.6514,False
7162,362,362,1,1,832,spatial_sustained,0.8017,False
7163,362,362,1,2,858,spatial_sustained,0.755,True
7164,362,362,1,1,869,spatial_sustained,0.5039,False
7165,362,362,1,3,925,spatial_sustained,0.6264,True
7166,362,362,1,1,904,spatial_sustained,0.5267,False
7167,362,362,1,1,942,spatial_sustained,0.6046,False
7168,362,362,1,1,996,spatial_sustained,0.513,False
7169,362,362,1,1,1000,spatial_sustained,0.521,False
7170,363,363,1,1,24,spatial_sustained,0.6007,False
7171,363,363,1,1,29,spatial_sustained,0.827,False
7172,363,363,1,1,52,spatial_sustained,0.5708,False
7173,363,363,1,1,76,spatial_sustained,0.9704,False
7174,363,363,1,1,86,spatial_sustained,0.5845,False
7175,363,363,1,1,150,spatial_sustained,0.8085,False
7176,363,363,1,2,259,spatial_sustained,0.7041,True
7177,363,363,1,1,230,spatial_sustained,0.509,False
7178,363,363,1,2,354,spatial_sustained,0.568,True
7179,363,363,1,9,362,spatial_sustained,0.9048,True
7180,363,363,1,19,464,spatial_sustained,0.8266,True
7181,363,363,1,1,410,spatial_sustained,0.5425,False
7182,363,363,1,1,416,spatial_sustained,0.6525,False
7183,363,363,1,1,420,spatial_sustained,0.505,False
7184,363,363,1,1,487,spatial_sustained,0.8792,False
7185,363,363,1,9,619,spatial_sustained,0.8404,True
7186,363,363,1,1,712,spatial_sustained,1.0,False
7187,363,363,1,6,795,spatial_sustained,0.7298,True
7188,363,363,1,1,806,spatial_sustained,0.5374,False
7189,363,363,1,1,850,spatial_sustained,0.5898,False
7190,363,363,1,6,908,spatial_sustained,0.7057,True
7191,363,363,1,1,878,spatial_sustained,0.5061,False
7192,363,363,1,1,904,spatial_sustained,0.6328,False
7193,363,363,1,1,917,spatial_sustained,0.5831,False
7194,363,363,1,2,927,spatial_sustained,0.6739,True
7195,363,363,1,2,975,spatial_sustained,0.5372,True
7196,363,363,1,2,1001,spatial_sustained,0.6064,True
7197,364,364,1,4,45,spatial_sustained,0.7114,True
7198,364,364,1,3,73,spatial_sustained,0.5729,True
7199,364,364,1,1,48,spatial_sustained,0.6646,False
7200,364,364,1,1,66,spatial_sustained,0.5655,False
7201,364,364,1,2,100,spatial_sustained,0.6285,True
7202,364,364,1,3,135,spatial_sustained,0.6721,True
7203,364,364,1,2,150,spatial_sustained,0.5496,True
7204,364,364,1,1,127,spatial_sustained,0.8095,False
7205,364,364,1,2,250,spatial_sustained,0.5198,True
7206,364,364,1,4,292,spatial_sustained,0.6347,True
7207,364,364,1,1,279,spatial_sustained,0.5403,False
7208,364,364,1,1,313,spatial_sustained,0.5019,False
7209,364,364,1,1,318,spatial_sustained,0.5438,False
7210,364,364,1,9,430,spatial_sustained,0.9741,True
7211,364,364,1,1,487,spatial_sustained,0.9031,False
7212,364,364,1,1,500,spatial_sustained,0.5336,False
7213,364,364,1,11,592,spatial_sustained,0.7384,True
7214,364,364,1,12,618,spatial_sustained,0.7993,True
7215,364,364,1,1,613,spatial_sustained,0.6613,False
7216,364,364,1,1,703,spatial_sustained,0.5894,False
7217,364,364,1,1,712,spatial_sustained,1.0,False
7218,364,364,1,1,714,spatial_sustained,0.5892,False
7219,364,364,1,1,717,spatial_sustained,0.512,False
7220,364,364,1,1,727,spatial_sustained,0.5654,False
7221,364,364,1,1,753,spatial_sustained,0.7884,False
7222,364,364,1,5,794,spatial_sustained,0.5725,True
7223,364,364,1,1,843,spatial_sustained,0.7062,False
7224,364,364,1,1,869,spatial_sustained,0.8312,False
7225,364,364,1,1,906,spatial_sustained,0.502,False
7226,364,364,1,3,956,spatial_sustained,0.7148,True
7227,364,364,1,1,940,spatial_sustained,0.7838,False
7228,364,364,1,1,1002,spatial_sustained,0.7779,False
7229,364,364,1,1,1004,spatial_sustained,0.8133,False
7230,364,364,1,1,1012,spatial_sustained,0.7199,False
7231,364,364,1,1,1016,spatial_sustained,0.8192,False
7232,365,365,1,1,5,spatial_sustained,0.5828,False
7233,365,365,1,1,15,spatial_sustained,0.6902,False
7234,365,365,1,1,20,spatial_sustained,0.5145,False
7235,365,365,1,3,27,spatial_sustained,0.7368,True
7236,365,365,1,1,42,spatial_sustained,0.606,False
7237,365,365,1,1,70,spatial_sustained,0.5489,False
7238,365,365,1,2,109,spatial_sustained,0.778,True
7239,365,365,1,1,79,spatial_sustained,0.5014,False
7240,365,365,1,1,126,spatial_sustained,0.5534,False
7241,365,365,1,2,253,spatial_sustained,0.5232,True
7242,365,365,1,2,227,spatial_sustained,0.8086,True
7243,365,365,1,2,326,spatial_sustained,0.614,True
7244,365,365,1,1,299,spatial_sustained,0.5892,False
7245,365,365,1,90,625,spatial_sustained,0.7375,True
7246,365,365,1,1,442,spatial_sustained,0.8081,False
7247,365,365,1,1,459,spatial_sustained,0.5069,False
7248,365,365,1,1,524,spatial_sustained,0.5736,False
7249,365,365,1,1,533,spatial_sustained,0.5305,False
7250,365,365,1,1,578,spatial_sustained,0.5153,False
7251,365,365,1,2,767,spatial_sustained,0.788,True
7252,365,365,1,1,764,spatial_sustained,0.5388,False
7253,365,365,1,6,810,spatial_sustained,0.6605,True
7254,365,365,1,9,834,spatial_sustained,0.874,True
7255,365,365,1,2,856,spatial_sustained,0.67,True
7256,365,365,1,2,861,spatial_sustained,0.6097,True
7257,365,365,1,1,863,spatial_sustained,0.5275,False
7258,365,365,1,2,933,spatial_sustained,0.64,True
7259,365,365,1,1,955,spatial_sustained,0.5987,False
7260,365,365,1,1,995,spatial_sustained,0.6101,False
7261,365,365,1,1,1007,spatial_sustained,0.5882,False
7262,365,365,1,1,1013,spatial_sustained,0.6428,False
7263,366,366,1,1,15,spatial_sustained,0.5279,False
7264,366,366,1,1,27,spatial_sustained,0.8454,False
7265,366,366,1,1,56,spatial_sustained,0.8564,False
7266,366,366,1,1,66,spatial_sustained,0.5232,False
7267,366,366,1,1,76,spatial_sustained,0.9997,False
7268,366,366,1,1,81,spatial_sustained,0.6227,False
7269,366,366,1,2,117,spatial_sustained,0.6111,True
7270,366,366,1,1,129,spatial_sustained,0.6043,False
7271,366,366,1,3,384,spatial_sustained,0.6554,True
7272,366,366,1,1,357,spatial_sustained,0.9548,False
7273,366,366,1,9,430,spatial_sustained,0.9901,True
7274,366,366,1,3,486,spatial_sustained,0.5685,True
7275,366,366,1,1,466,spatial_sustained,0.52,False
7276,366,366,1,10,596,spatial_sustained,0.5745,True
7277,366,366,1,25,617,spatial_sustained,0.7476,True
7278,366,366,1,1,657,spatial_sustained,0.5186,False
7279,366,366,1,2,673,spatial_sustained,0.6738,True
7280,366,366,1,7,776,spatial_sustained,0.6149,True
7281,366,366,1,2,767,spatial_sustained,0.7723,True
7282,366,366,1,16,811,spatial_sustained,0.5911,True
7283,366,366,1,10,834,spatial_sustained,0.9154,True
7284,366,366,1,1,773,spatial_sustained,0.5744,False
7285,366,366,1,1,788,spatial_sustained,0.5344,False
7286,366,366,1,1,790,spatial_sustained,0.5412,False
7287,366,366,1,2,794,spatial_sustained,0.5916,True
7288,366,366,1,1,856,spatial_sustained,0.5825,False
7289,366,366,1,1,927,spatial_sustained,0.6774,False
7290,366,366,1,1,938,spatial_sustained,0.5642,False
7291,366,366,1,3,985,spatial_sustained,0.6791,True
7292,366,366,1,2,1006,spatial_sustained,0.6185,True
7293,367,367,1,1,1,spatial_sustained,0.6973,False
7294,367,367,1,2,56,spatial_sustained,0.7077,True
7295,367,367,1,1,102,spatial_sustained,0.6572,False
7296,367,367,1,1,357,spatial_sustained,1.0,False
7297,367,367,1,9,430,spatial_sustained,0.9833,True
7298,367,367,1,2,703,spatial_sustained,0.7388,True
7299,367,367,1,2,705,spatial_sustained,0.5231,True
7300,367,367,1,5,762,spatial_sustained,0.6633,True
7301,367,367,1,2,754,spatial_sustained,0.8911,True
7302,367,367,1,16,867,spatial_sustained,0.9243,True
7303,367,367,1,1,808,spatial_sustained,0.858,False
7304,367,367,1,6,907,spatial_sustained,0.596,True
7305,367,367,1,2,860,spatial_sustained,0.67,True
7306,367,367,1,1,990,spatial_sustained,0.8149,False
7307,367,367,1,1,1017,spatial_sustained,0.5295,False
7308,368,368,1,1,56,spatial_sustained,0.921,False
7309,368,368,1,1,112,spatial_sustained,0.7062,False
7310,368,368,1,3,161,spatial_sustained,0.6798,True
7311,368,368,1,1,163,spatial_sustained,0.5595,False
7312,368,368,1,1,258,spatial_sustained,0.5128,False
7313,368,368,1,1,321,spatial_sustained,0.7563,False
7314,368,368,1,1,357,spatial_sustained,0.9962,False
7315,368,368,1,9,430,spatial_sustained,0.9828,True
7316,368,368,1,2,442,spatial_sustained,0.5417,True
7317,368,368,1,1,457,spatial_sustained,0.9629,False
7318,368,368,1,9,690,spatial_sustained,0.8972,True
7319,368,368,1,19,866,spatial_sustained,0.8852,True
7320,368,368,1,1,764,spatial_sustained,0.5299,False
7321,368,368,1,1,773,spatial_sustained,0.5808,False
7322,368,368,1,1,807,spatial_sustained,0.5392,False
7323,368,368,1,1,813,spatial_sustained,0.5956,False
7324,368,368,1,1,902,spatial_sustained,0.5256,False
7325,368,368,1,1,908,spatial_sustained,0.5776,False
7326,368,368,1,1,913,spatial_sustained,0.5439,False
7327,368,368,1,2,926,spatial_sustained,0.5571,True
7328,368,368,1,1,937,spatial_sustained,0.5573,False
7329,368,368,1,1,949,spatial_sustained,0.5432,False
7330,368,368,1,1,1005,spatial_sustained,0.5264,False
7331,369,369,1,1,23,spatial_sustained,0.7701,False
7332,369,369,1,1,84,spatial_sustained,0.5683,False
7333,369,369,1,1,112,spatial_sustained,0.5318,False
7334,369,369,1,2,192,spatial_sustained,0.6463,True
7335,369,369,1,1,357,spatial_sustained,0.9904,False
7336,369,369,1,9,430,spatial_sustained,0.9795,True
7337,369,369,1,1,457,spatial_sustained,0.9394,False
7338,369,369,1,1,574,spatial_sustained,0.8802,False
7339,369,369,1,9,690,spatial_sustained,0.983,True
7340,369,369,1,1,704,spatial_sustained,0.603,False
7341,369,369,1,18,866,spatial_sustained,0.9196,True
7342,369,369,1,1,807,spatial_sustained,0.9335,False
7343,369,369,1,1,813,spatial_sustained,0.6551,False
7344,369,369,1,1,816,spatial_sustained,0.5044,False
7345,369,369,1,1,843,spatial_sustained,0.5214,False
7346,369,369,1,1,863,spatial_sustained,0.5818,False
7347,369,369,1,1,870,spatial_sustained,0.514,False
7348,369,369,1,1,905,spatial_sustained,0.5626,False
7349,369,369,1,9,944,spatial_sustained,0.8908,True
7350,369,369,1,2,1005,spatial_sustained,0.6949,True
7351,369,369,1,1,1017,spatial_sustained,0.5126,False
7352,370,370,1,2,66,spatial_sustained,0.6223,True
7353,370,370,1,4,163,spatial_sustained,0.6143,True
7354,370,370,1,1,357,spatial_sustained,0.985,False
7355,370,370,1,1,457,spatial_sustained,0.9431,False
7356,370,370,1,1,574,spatial_sustained,0.9293,False
7357,370,370,1,1,616,spatial_sustained,0.8366,False
7358,370,370,1,9,690,spatial_sustained,0.9423,True
7359,370,370,1,2,670,spatial_sustained,0.7086,True
7360,370,370,1,1,714,spatial_sustained,0.5033,False
7361,370,370,1,1,736,spatial_sustained,0.5246,False
7362,370,370,1,1,762,spatial_sustained,0.5717,False
7363,370,370,1,4,796,spatial_sustained,0.637,True
7364,370,370,1,4,814,spatial_sustained,0.6096,True
7365,370,370,1,10,834,spatial_sustained,0.9021,True
7366,370,370,1,1,807,spatial_sustained,0.9663,False
7367,370,370,1,1,817,spatial_sustained,0.5636,False
7368,370,370,1,1,869,spatial_sustained,0.6665,False
7369,370,370,1,11,944,spatial_sustained,0.9251,True
7370,370,370,1,2,937,spatial_sustained,0.7077,True
7371,370,370,1,8,957,spatial_sustained,0.7721,True
7372,370,370,1,1,951,spatial_sustained,0.5654,False
7373,370,370,1,1,962,spatial_sustained,0.515,False
7374,370,370,1,1,999,spatial_sustained,0.5748,False
7375,370,370,1,1,1003,spatial_sustained,0.6241,False
7376,370,370,1,1,1011,spatial_sustained,0.8672,False
7377,370,370,1,1,1017,spatial_sustained,0.5344,False
7378,371,371,1,2,66,spatial_sustained,0.6631,True
7379,371,371,1,1,81,spatial_sustained,0.591,False
7380,371,371,1,1,128,spatial_sustained,0.5071,False
7381,371,371,1,1,241,spatial_sustained,0.7095,False
7382,371,371,1,2,351,spatial_sustained,0.6915,True
7383,371,371,1,1,357,spatial_sustained,0.9836,False
7384,371,371,1,1,457,spatial_sustained,0.9422,False
7385,371,371,1,3,615,spatial_sustained,0.695,True
7386,371,371,1,1,613,spatial_sustained,0.803,False
7387,371,371,1,1,639,spatial_sustained,0.5547,False
7388,371,371,1,8,690,spatial_sustained,0.9817,True
7389,371,371,1,3,735,spatial_sustained,0.6412,True
7390,371,371,1,12,804,spatial_sustained,0.8676,True
7391,371,371,1,5,777,spatial_sustained,0.6818,True
7392,371,371,1,1,874,spatial_sustained,0.8874,False
7393,371,371,1,11,944,spatial_sustained,0.9193,True
7394,371,371,1,8,957,spatial_sustained,0.7678,True
7395,371,371,1,1,937,spatial_sustained,0.5452,False
7396,371,371,1,1,1011,spatial_sustained,0.8959,False
7397,372,372,1,1,13,spatial_sustained,0.6458,False
7398,372,372,1,10,97,spatial_sustained,0.8279,True
7399,372,372,1,1,112,spatial_sustained,0.7449,False
7400,372,372,1,1,195,spatial_sustained,0.7525,False
7401,372,372,1,1,241,spatial_sustained,0.8965,False
7402,372,372,1,9,290,spatial_sustained,0.8629,True
7403,372,372,1,1,357,spatial_sustained,0.9862,False
7404,372,372,1,1,457,spatial_sustained,0.9402,False
7405,372,372,1,2,477,spatial_sustained,0.5726,True
7406,372,372,1,1,615,spatial_sustained,0.5291,False
7407,372,372,1,8,690,spatial_sustained,0.9822,True
7408,372,372,1,1,711,spatial_sustained,0.5179,False
7409,372,372,1,8,835,spatial_sustained,0.9848,True
7410,372,372,1,1,807,spatial_sustained,0.9746,False
7411,372,372,1,1,815,spatial_sustained,0.5111,False
7412,372,372,1,2,874,spatial_sustained,0.7583,True
7413,372,372,1,4,913,spatial_sustained,0.6607,True
7414,372,372,1,1,903,spatial_sustained,0.5333,False
7415,372,372,1,1,908,spatial_sustained,0.5221,False
7416,372,372,1,2,947,spatial_sustained,0.5753,True
7417,372,372,1,9,956,spatial_sustained,0.8379,True
7418,372,372,1,2,960,spatial_sustained,0.8013,True
7419,372,372,1,1,975,spatial_sustained,0.5714,False
7420,372,372,1,1,991,spatial_sustained,0.5315,False
7421,372,372,1,1,1002,spatial_sustained,0.5036,False
7422,372,372,1,1,1011,spatial_sustained,0.8971,False
7423,373,373,1,2,55,spatial_sustained,0.5131,True
7424,373,373,1,11,128,spatial_sustained,0.8429,True
7425,373,373,1,2,69,spatial_sustained,0.5575,True
7426,373,373,1,3,124,spatial_sustained,0.5494,True
7427,373,373,1,1,112,spatial_sustained,0.8318,False
7428,373,373,1,1,241,spatial_sustained,0.8975,False
7429,373,373,1,11,290,spatial_sustained,0.8959,True
7430,373,373,1,1,293,spatial_sustained,0.9315,False
7431,373,373,1,3,350,spatial_sustained,0.7848,True
7432,373,373,1,1,330,spatial_sustained,0.5067,False
7433,373,373,1,1,416,spatial_sustained,0.8384,False
7434,373,373,1,1,425,spatial_sustained,0.5236,False
7435,373,373,1,1,479,spatial_sustained,0.8227,False
7436,373,373,1,1,610,spatial_sustained,0.5565,False
7437,373,373,1,8,690,spatial_sustained,0.9821,True
7438,373,373,1,12,805,spatial_sustained,0.6404,True
7439,373,373,1,2,813,spatial_sustained,0.5411,True
7440,373,373,1,2,898,spatial_sustained,0.5969,True
7441,373,373,1,4,873,spatial_sustained,0.6617,True
7442,373,373,1,9,956,spatial_sustained,0.8301,True
7443,373,373,1,1,1008,spatial_sustained,0.7232,False
7444,373,373,1,1,1011,spatial_sustained,0.9142,False
7445,374,374,1,2,16,spatial_sustained,0.7494,True
7446,374,374,1,1,24,spatial_sustained,0.5439,False
7447,374,374,1,1,28,spatial_sustained,0.5141,False
7448,374,374,1,8,130,spatial_sustained,0.86,True
7449,374,374,1,1,112,spatial_sustained,0.5979,False
7450,374,374,1,10,291,spatial_sustained,0.9354,True
7451,374,374,1,1,293,spatial_sustained,0.9772,False
7452,374,374,1,8,690,spatial_sustained,0.982,True
7453,374,374,1,1,701,spatial_sustained,0.5076,False
7454,374,374,1,1,741,spatial_sustained,0.5946,False
7455,374,374,1,1,766,spatial_sustained,0.5096,False
7456,374,374,1,2,807,spatial_sustained,0.7563,True
7457,374,374,1,1,778,spatial_sustained,0.5039,False
7458,374,374,1,1,783,spatial_sustained,0.5162,False
7459,374,374,1,1,874,spatial_sustained,0.9809,False
7460,374,374,1,1,888,spatial_sustained,0.6783,False
7461,374,374,1,10,956,spatial_sustained,0.7872,True
7462,374,374,1,1,1006,spatial_sustained,0.82,False
7463,374,374,1,1,1011,spatial_sustained,0.928,False
7464,375,375,1,1,13,spatial_sustained,0.524,False
7465,375,375,1,10,87,spatial_sustained,0.8285,True
7466,375,375,1,1,28,spatial_sustained,0.515,False
7467,375,375,1,1,69,spatial_sustained,0.5031,False
7468,375,375,1,2,112,spatial_sustained,0.6899,True
7469,375,375,1,1,91,spatial_sustained,0.541,False
7470,375,375,1,18,257,spatial_sustained,0.9059,True
7471,375,375,1,1,293,spatial_sustained,0.9788,False
7472,375,375,1,1,580,spatial_sustained,0.9281,False
7473,375,375,1,9,690,spatial_sustained,0.9639,True
7474,375,375,1,1,767,spatial_sustained,0.6381,False
7475,375,375,1,1,800,spatial_sustained,0.5365,False
7476,375,375,1,1,807,spatial_sustained,1.0,False
7477,375,375,1,1,822,spatial_sustained,0.6016,False
7478,375,375,1,1,830,spatial_sustained,0.5348,False
7479,375,375,1,2,944,spatial_sustained,0.7422,True
7480,375,375,1,1,955,spatial_sustained,0.5906,False
7481,375,375,1,1,962,spatial_sustained,0.5654,False
7482,375,375,1,1,1005,spatial_sustained,0.5012,False
7483,375,375,1,1,1011,spatial_sustained,0.9291,False
7484,375,375,1,1,1016,spatial_sustained,0.5944,False
7485,376,376,1,1,3,spatial_sustained,0.6154,False
7486,376,376,1,11,86,spatial_sustained,0.8828,True
7487,376,376,1,7,129,spatial_sustained,0.938,True
7488,376,376,1,1,112,spatial_sustained,0.8403,False
7489,376,376,1,1,192,spatial_sustained,0.587,False
7490,376,376,1,9,290,spatial_sustained,0.9315,True
7491,376,376,1,1,293,spatial_sustained,0.9844,False
7492,376,376,1,2,351,spatial_sustained,0.6655,True
7493,376,376,1,1,580,spatial_sustained,0.9418,False
7494,376,376,1,1,768,spatial_sustained,0.7956,False
7495,376,376,1,1,779,spatial_sustained,0.8929,False
7496,376,376,1,3,808,spatial_sustained,0.8291,True
7497,376,376,1,2,818,spatial_sustained,0.7522,True
7498,376,376,1,1,826,spatial_sustained,0.5107,False
7499,376,376,1,1,830,spatial_sustained,0.5344,False
7500,376,376,1,4,913,spatial_sustained,0.5807,True
7501,376,376,1,1,904,spatial_sustained,0.5717,False
7502,376,376,1,1,911,spatial_sustained,0.9868,False
7503,376,376,1,1,947,spatial_sustained,0.6641,False
7504,376,376,1,2,959,spatial_sustained,0.5804,True
7505,376,376,1,1,972,spatial_sustained,0.5258,False
7506,376,376,1,1,992,spatial_sustained,0.5983,False
7507,376,376,1,1,1008,spatial_sustained,0.7496,False
7508,376,376,1,1,1011,spatial_sustained,0.9253,False
7509,376,376,1,2,1017,spatial_sustained,0.7631,True
7510,377,377,1,9,87,spatial_sustained,0.9567,True
7511,377,377,1,9,143,spatial_sustained,0.8762,True
7512,377,377,1,1,116,spatial_sustained,0.5004,False
7513,377,377,1,1,129,spatial_sustained,0.5977,False
7514,377,377,1,2,291,spatial_sustained,0.5622,True
7515,377,377,1,1,293,spatial_sustained,0.9924,False
7516,377,377,1,1,351,spatial_sustained,0.6071,False
7517,377,377,1,1,560,spatial_sustained,0.6239,False
7518,377,377,1,1,580,spatial_sustained,0.9454,False
7519,377,377,1,8,668,spatial_sustained,0.6291,True
7520,377,377,1,1,768,spatial_sustained,0.758,False
7521,377,377,1,1,779,spatial_sustained,0.9894,False
7522,377,377,1,1,808,spatial_sustained,0.8203,False
7523,377,377,1,1,818,spatial_sustained,0.9888,False
7524,377,377,1,2,901,spatial_sustained,0.5507,True
7525,377,377,1,1,911,spatial_sustained,0.9898,False
7526,377,377,1,1,920,spatial_sustained,0.7028,False
7527,377,377,1,5,959,spatial_sustained,0.6526,True
7528,377,377,1,1,935,spatial_sustained,0.5033,False
7529,377,377,1,1,940,spatial_sustained,0.518,False
7530,377,377,1,1,998,spatial_sustained,0.7694,False
7531,377,377,1,1,1008,spatial_sustained,0.8262,False
7532,377,377,1,1,1011,spatial_sustained,0.9275,False
7533,378,378,1,1,0,spatial_sustained,0.5931,False
7534,378,378,1,2,16,spatial_sustained,0.7551,True
7535,378,378,1,1,55,spatial_sustained,0.5096,False
7536,378,378,1,1,100,spatial_sustained,0.8644,False
7537,378,378,1,9,143,spatial_sustained,0.9739,True
7538,378,378,1,1,293,spatial_sustained,0.9996,False
7539,378,378,1,1,344,spatial_sustained,0.9094,False
7540,378,378,1,1,412,spatial_sustained,0.709,False
7541,378,378,1,1,580,spatial_sustained,0.9578,False
7542,378,378,1,1,668,spatial_sustained,0.5337,False
7543,378,378,1,1,779,spatial_sustained,0.9933,False
7544,378,378,1,1,808,spatial_sustained,0.5881,False
7545,378,378,1,1,818,spatial_sustained,0.9919,False
7546,378,378,1,1,864,spatial_sustained,0.585,False
7547,378,378,1,1,866,spatial_sustained,0.7475,False
7548,378,378,1,1,911,spatial_sustained,0.9935,False
7549,378,378,1,1,1004,spatial_sustained,0.8123,False
7550,379,379,1,1,3,spatial_sustained,0.5844,False
7551,379,379,1,2,15,spatial_sustained,0.6645,True
7552,379,379,1,2,55,spatial_sustained,0.5816,True
7553,379,379,1,1,30,spatial_sustained,0.5086,False
7554,379,379,1,3,53,spatial_sustained,0.6332,True
7555,379,379,1,10,143,spatial_sustained,0.9174,True
7556,379,379,1,1,100,spatial_sustained,0.9482,False
7557,379,379,1,1,150,spatial_sustained,0.6791,False
7558,379,379,1,5,193,spatial_sustained,0.7935,True
7559,379,379,1,1,293,spatial_sustained,0.9973,False
7560,379,379,1,2,350,spatial_sustained,0.574,True
7561,379,379,1,9,370,spatial_sustained,0.8741,True
7562,379,379,1,1,344,spatial_sustained,0.9462,False
7563,379,379,1,1,722,spatial_sustained,0.5122,False
7564,379,379,1,2,800,spatial_sustained,0.6781,True
7565,379,379,1,1,779,spatial_sustained,0.9943,False
7566,379,379,1,1,808,spatial_sustained,0.8522,False
7567,379,379,1,1,818,spatial_sustained,0.9915,False
7568,379,379,1,1,892,spatial_sustained,0.5079,False
7569,379,379,1,1,911,spatial_sustained,0.9909,False
7570,379,379,1,1,937,spatial_sustained,0.6008,False
7571,379,379,1,3,987,spatial_sustained,0.7077,True
7572,380,380,1,1,0,spatial_sustained,0.7747,False
7573,380,380,1,1,21,spatial_sustained,0.5134,False
7574,380,380,1,4,55,spatial_sustained,0.8119,True
7575,380,380,1,1,100,spatial_sustained,0.9788,False
7576,380,380,1,9,143,spatial_sustained,0.9427,True
7577,380,380,1,1,156,spatial_sustained,0.5052,False
7578,380,380,1,1,223,spatial_sustained,0.5399,False
7579,380,380,1,1,246,spatial_sustained,0.7957,False
7580,380,380,1,1,293,spatial_sustained,0.9872,False
7581,380,380,1,9,328,spatial_sustained,0.912,True
7582,380,380,1,9,370,spatial_sustained,0.9435,True
7583,380,380,1,1,449,spatial_sustained,0.5541,False
7584,380,380,1,1,495,spatial_sustained,0.555,False
7585,380,380,1,7,550,spatial_sustained,0.8886,True
7586,380,380,1,1,605,spatial_sustained,0.9188,False
7587,380,380,1,1,671,spatial_sustained,0.662,False
7588,380,380,1,1,722,spatial_sustained,0.8059,False
7589,380,380,1,1,768,spatial_sustained,0.8413,False
7590,380,380,1,1,779,spatial_sustained,1.0,False
7591,380,380,1,1,818,spatial_sustained,0.9917,False
7592,380,380,1,1,896,spatial_sustained,0.5137,False
7593,380,380,1,1,911,spatial_sustained,0.9896,False
7594,380,380,1,1,930,spatial_sustained,0.5375,False
7595,380,380,1,3,1018,spatial_sustained,0.6307,True
7596,381,381,1,3,25,spatial_sustained,0.7366,True
7597,381,381,1,1,33,spatial_sustained,0.5959,False
7598,381,381,1,3,94,spatial_sustained,0.6553,True
7599,381,381,1,2,118,spatial_sustained,0.5208,True
7600,381,381,1,4,100,spatial_sustained,0.6518,True
7601,381,381,1,9,143,spatial_sustained,0.9503,True
7602,381,381,1,1,225,spatial_sustained,0.7532,False
7603,381,381,1,18,388,spatial_sustained,0.9395,True
7604,381,381,1,9,332,spatial_sustained,0.9162,True
7605,381,381,1,9,370,spatial_sustained,0.972,True
7606,381,381,1,9,382,spatial_sustained,0.8705,True
7607,381,381,1,1,374,spatial_sustained,0.5426,False
7608,381,381,1,1,448,spatial_sustained,0.762,False
7609,381,381,1,1,502,spatial_sustained,0.611,False
7610,381,381,1,7,550,spatial_sustained,0.9749,True
7611,381,381,1,1,560,spatial_sustained,0.5502,False
7612,381,381,1,1,605,spatial_sustained,0.9453,False
7613,381,381,1,9,643,spatial_sustained,0.9159,True
7614,381,381,1,1,768,spatial_sustained,0.7912,False
7615,381,381,1,1,779,spatial_sustained,1.0,False
7616,381,381,1,1,818,spatial_sustained,0.9943,False
7617,381,381,1,1,896,spatial_sustained,0.5011,False
7618,381,381,1,1,911,spatial_sustained,0.9912,False
7619,381,381,1,1,955,spatial_sustained,0.5524,False
7620,381,381,1,1,961,spatial_sustained,0.5958,False
7621,382,382,1,8,47,spatial_sustained,0.8735,True
7622,382,382,1,3,25,spatial_sustained,0.7628,True
7623,382,382,1,9,95,spatial_sustained,0.7305,True
7624,382,382,1,1,66,spatial_sustained,0.5858,False
7625,382,382,1,1,100,spatial_sustained,0.9758,False
7626,382,382,1,1,128,spatial_sustained,0.5199,False
7627,382,382,1,1,142,spatial_sustained,1.0,False
7628,382,382,1,2,282,spatial_sustained,0.662,True
7629,382,382,1,18,388,spatial_sustained,0.9869,True
7630,382,382,1,9,332,spatial_sustained,0.989,True
7631,382,382,1,1,312,spatial_sustained,0.606,False
7632,382,382,1,9,370,spatial_sustained,0.9773,True
7633,382,382,1,9,382,spatial_sustained,0.921,True
7634,382,382,1,7,550,spatial_sustained,0.9879,True
7635,382,382,1,1,605,spatial_sustained,0.9561,False
7636,382,382,1,9,643,spatial_sustained,0.9914,True
7637,382,382,1,1,670,spatial_sustained,0.5089,False
7638,382,382,1,2,800,spatial_sustained,0.6166,True
7639,382,382,1,1,779,spatial_sustained,1.0,False
7640,382,382,1,1,818,spatial_sustained,0.9929,False
7641,382,382,1,1,843,spatial_sustained,0.5111,False
7642,382,382,1,1,895,spatial_sustained,0.5553,False
7643,382,382,1,1,911,spatial_sustained,0.9889,False
7644,382,382,1,1,928,spatial_sustained,0.5073,False
7645,382,382,1,1,930,spatial_sustained,0.5558,False
7646,382,382,1,1,991,spatial_sustained,0.5604,False
7647,382,382,1,1,992,spatial_sustained,0.8169,False
7648,383,383,1,8,47,spatial_sustained,0.9445,True
7649,383,383,1,1,24,spatial_sustained,0.684,False
7650,383,383,1,11,99,spatial_sustained,0.8332,True
7651,383,383,1,4,125,spatial_sustained,0.6726,True
7652,383,383,1,1,196,spatial_sustained,0.8338,False
7653,383,383,1,18,388,spatial_sustained,0.9847,True
7654,383,383,1,9,332,spatial_sustained,0.9783,True
7655,383,383,1,9,370,spatial_sustained,0.9822,True
7656,383,383,1,9,382,spatial_sustained,0.9336,True
7657,383,383,1,7,550,spatial_sustained,0.9896,True
7658,383,383,1,1,605,spatial_sustained,0.9523,False
7659,383,383,1,9,643,spatial_sustained,0.9935,True
7660,383,383,1,2,768,spatial_sustained,0.5196,True
7661,383,383,1,3,810,spatial_sustained,0.8089,True
7662,383,383,1,1,808,spatial_sustained,0.842,False
7663,383,383,1,1,818,spatial_sustained,0.9934,False
7664,383,383,1,7,920,spatial_sustained,0.5539,True
7665,383,383,1,1,988,spatial_sustained,0.513,False
7666,383,383,1,1,1002,spatial_sustained,0.5842,False
7667,383,383,1,1,1023,spatial_sustained,0.5564,False
7668,384,384,1,8,47,spatial_sustained,0.9714,True
7669,384,384,1,1,25,spatial_sustained,0.6984,False
7670,384,384,1,9,99,spatial_sustained,0.6445,True
7671,384,384,1,1,84,spatial_sustained,0.6599,False
7672,384,384,1,2,160,spatial_sustained,0.5682,True
7673,384,384,1,1,150,spatial_sustained,0.7309,False
7674,384,384,1,1,258,spatial_sustained,0.5151,False
7675,384,384,1,1,279,spatial_sustained,0.8891,False
7676,384,384,1,18,388,spatial_sustained,0.8306,True
7677,384,384,1,9,332,spatial_sustained,0.6787,True
7678,384,384,1,9,370,spatial_sustained,0.9895,True
7679,384,384,1,9,382,spatial_sustained,0.9478,True
7680,384,384,1,1,430,spatial_sustained,0.525,False
7681,384,384,1,1,495,spatial_sustained,0.7975,False
7682,384,384,1,7,550,spatial_sustained,0.9974,True
7683,384,384,1,1,605,spatial_sustained,0.6942,False
7684,384,384,1,9,643,spatial_sustained,0.9994,True
7685,384,384,1,1,773,spatial_sustained,0.505,False
7686,384,384,1,3,840,spatial_sustained,0.8202,True
7687,384,384,1,2,912,spatial_sustained,0.5833,True
7688,384,384,1,1,892,spatial_sustained,0.7464,False
7689,384,384,1,1,927,spatial_sustained,0.5451,False
7690,384,384,1,1,1006,spatial_sustained,0.7926,False
7691,384,384,1,1,1018,spatial_sustained,0.5257,False
7692,385,385,1,8,47,spatial_sustained,0.9821,True
7693,385,385,1,1,34,spatial_sustained,0.5025,False
7694,385,385,1,1,161,spatial_sustained,0.7916,False
7695,385,385,1,1,279,spatial_sustained,0.6067,False
7696,385,385,1,1,288,spatial_sustained,0.817,False
7697,385,385,1,9,370,spatial_sustained,0.9951,True
7698,385,385,1,9,421,spatial_sustained,1.0,True
7699,385,385,1,1,413,spatial_sustained,0.9463,False
7700,385,385,1,1,431,spatial_sustained,0.5269,False
7701,385,385,1,1,605,spatial_sustained,0.6706,False
7702,385,385,1,9,643,spatial_sustained,1.0,True
7703,385,385,1,1,620,spatial_sustained,0.9518,False
7704,385,385,1,1,735,spatial_sustained,0.805,False
7705,385,385,1,1,758,spatial_sustained,0.8954,False
7706,385,385,1,1,944,spatial_sustained,0.5469,False
7707,385,385,1,1,1013,spatial_sustained,0.747,False
7708,386,386,1,8,47,spatial_sustained,0.9849,True
7709,386,386,1,2,55,spatial_sustained,0.5979,True
7710,386,386,1,2,106,spatial_sustained,0.5806,True
7711,386,386,1,1,223,spatial_sustained,0.8167,False
7712,386,386,1,1,226,spatial_sustained,0.819,False
7713,386,386,1,1,279,spatial_sustained,0.6212,False
7714,386,386,1,2,287,spatial_sustained,0.5505,True
7715,386,386,1,9,370,spatial_sustained,0.9975,True
7716,386,386,1,9,421,spatial_sustained,1.0,True
7717,386,386,1,1,393,spatial_sustained,0.5023,False
7718,386,386,1,1,413,spatial_sustained,0.9835,False
7719,386,386,1,1,605,spatial_sustained,0.7427,False
7720,386,386,1,9,643,spatial_sustained,1.0,True
7721,386,386,1,1,620,spatial_sustained,1.0,False
7722,386,386,1,1,722,spatial_sustained,0.8063,False
7723,386,386,1,1,758,spatial_sustained,0.9816,False
7724,386,386,1,1,766,spatial_sustained,0.8134,False
7725,386,386,1,1,831,spatial_sustained,0.609,False
7726,386,386,1,1,992,spatial_sustained,0.8199,False
7727,386,386,1,1,1007,spatial_sustained,0.6336,False
7728,387,387,1,8,47,spatial_sustained,0.9914,True
7729,387,387,1,4,55,spatial_sustained,0.7135,True
7730,387,387,1,8,61,spatial_sustained,0.8887,True
7731,387,387,1,1,68,spatial_sustained,0.57,False
7732,387,387,1,1,70,spatial_sustained,0.7164,False
7733,387,387,1,1,148,spatial_sustained,0.5095,False
7734,387,387,1,1,150,spatial_sustained,0.8116,False
7735,387,387,1,1,155,spatial_sustained,0.6885,False
7736,387,387,1,1,189,spatial_sustained,0.5303,False
7737,387,387,1,1,191,spatial_sustained,0.5591,False
7738,387,387,1,2,364,spatial_sustained,0.6407,True
7739,387,387,1,1,351,spatial_sustained,0.5873,False
7740,387,387,1,1,352,spatial_sustained,0.5915,False
7741,387,387,1,1,390,spatial_sustained,0.5084,False
7742,387,387,1,1,413,spatial_sustained,0.9852,False
7743,387,387,1,1,416,spatial_sustained,0.564,False
7744,387,387,1,9,623,spatial_sustained,0.9054,True
7745,387,387,1,1,605,spatial_sustained,0.9098,False
7746,387,387,1,1,620,spatial_sustained,1.0,False
7747,387,387,1,1,639,spatial_sustained,0.5129,False
7748,387,387,1,1,758,spatial_sustained,1.0,False
7749,387,387,1,1,808,spatial_sustained,0.6296,False
7750,387,387,1,4,912,spatial_sustained,0.5751,True
7751,387,387,1,1,920,spatial_sustained,0.6081,False
7752,387,387,1,6,965,spatial_sustained,0.6729,True
7753,387,387,1,1,1008,spatial_sustained,0.5947,False
7754,387,387,1,1,1016,spatial_sustained,0.6228,False
7755,388,388,1,12,47,spatial_sustained,0.8841,True
7756,388,388,1,7,86,spatial_sustained,0.5977,True
7757,388,388,1,14,93,spatial_sustained,0.7889,True
7758,388,388,1,2,65,spatial_sustained,0.5245,True
7759,388,388,1,1,35,spatial_sustained,0.5537,False
7760,388,388,1,1,40,spatial_sustained,0.6036,False
7761,388,388,1,1,42,spatial_sustained,0.6535,False
7762,388,388,1,2,84,spatial_sustained,0.6524,True
7763,388,388,1,2,215,spatial_sustained,0.6744,True
7764,388,388,1,2,250,spatial_sustained,0.6013,True
7765,388,388,1,11,292,spatial_sustained,0.6227,True
7766,388,388,1,1,303,spatial_sustained,0.5796,False
7767,388,388,1,2,343,spatial_sustained,0.5316,True
7768,388,388,1,1,398,spatial_sustained,0.5133,False
7769,388,388,1,1,401,spatial_sustained,0.5223,False
7770,388,388,1,1,403,spatial_sustained,0.5048,False
7771,388,388,1,1,413,spatial_sustained,0.9927,False
7772,388,388,1,2,418,spatial_sustained,0.5717,True
7773,388,388,1,1,420,spatial_sustained,0.7179,False
7774,388,388,1,34,596,spatial_sustained,0.7552,True
7775,388,388,1,26,549,spatial_sustained,0.6758,True
7776,388,388,1,1,500,spatial_sustained,0.5667,False
7777,388,388,1,1,572,spatial_sustained,0.5411,False
7778,388,388,1,1,644,spatial_sustained,0.5492,False
7779,388,388,1,2,699,spatial_sustained,0.5866,True
7780,388,388,1,1,703,spatial_sustained,0.5837,False
7781,388,388,1,1,748,spatial_sustained,0.5308,False
7782,388,388,1,1,758,spatial_sustained,1.0,False
7783,388,388,1,1,767,spatial_sustained,0.827,False
7784,388,388,1,5,803,spatial_sustained,0.6632,True
7785,388,388,1,1,778,spatial_sustained,0.5345,False
7786,388,388,1,1,851,spatial_sustained,0.5969,False
7787,388,388,1,4,891,spatial_sustained,0.5598,True
7788,388,388,1,1,878,spatial_sustained,0.5823,False
7789,388,388,1,3,951,spatial_sustained,0.8258,True
7790,388,388,1,1,927,spatial_sustained,0.5826,False
7791,388,388,1,3,961,spatial_sustained,0.6019,True
7792,388,388,1,1,939,spatial_sustained,0.5134,False
7793,388,388,1,1,966,spatial_sustained,0.5748,False
7794,388,388,1,3,1000,spatial_sustained,0.5843,True
7795,388,388,1,1,1007,spatial_sustained,0.8355,False
7796,389,389,1,25,132,spatial_sustained,0.7473,True
7797,389,389,1,4,41,spatial_sustained,0.7606,True
7798,389,389,1,62,86,spatial_sustained,0.7691,True
7799,389,389,1,1,128,spatial_sustained,0.5871,False
7800,389,389,1,1,144,spatial_sustained,0.501,False
7801,389,389,1,1,151,spatial_sustained,0.627,False
7802,389,389,1,1,200,spatial_sustained,0.6075,False
7803,389,389,1,183,592,spatial_sustained,0.6915,True
7804,389,389,1,1,209,spatial_sustained,0.5586,False
7805,389,389,1,1,212,spatial_sustained,0.5025,False
7806,389,389,1,1,214,spatial_sustained,0.5153,False
7807,389,389,1,1,307,spatial_sustained,0.5588,False
7808,389,389,1,1,309,spatial_sustained,0.5025,False
7809,389,389,1,3,443,spatial_sustained,0.7778,True
7810,389,389,1,5,605,spatial_sustained,0.5878,True
7811,389,389,1,2,701,spatial_sustained,0.7543,True
7812,389,389,1,8,823,spatial_sustained,0.6659,True
7813,389,389,1,1,768,spatial_sustained,0.5635,False
7814,389,389,1,9,882,spatial_sustained,0.5913,True
7815,389,389,1,7,925,spatial_sustained,0.5988,True
7816,389,389,1,1,921,spatial_sustained,0.6136,False
7817,389,389,1,6,994,spatial_sustained,0.7942,True
7818,389,389,1,1,960,spatial_sustained,0.8142,False
7819,389,389,1,2,998,spatial_sustained,0.592,True
7820,389,389,1,2,1007,spatial_sustained,0.5402,True
7821,389,389,1,1,983,spatial_sustained,0.5421,False
7822,389,389,1,1,987,spatial_sustained,0.6184,False
7823,390,390,1,41,59,spatial_sustained,0.7742,True
7824,390,390,1,2,41,spatial_sustained,0.6396,True
7825,390,390,1,21,197,spatial_sustained,0.7134,True
7826,390,390,1,2,128,spatial_sustained,0.6587,True
7827,390,390,1,9,250,spatial_sustained,0.702,True
7828,390,390,1,4,287,spatial_sustained,0.7291,True
7829,390,390,1,4,362,spatial_sustained,0.5813,True
7830,390,390,1,168,715,spatial_sustained,0.7101,True
7831,390,390,1,1,375,spatial_sustained,0.5027,False
7832,390,390,1,2,447,spatial_sustained,0.6596,True
7833,390,390,1,2,449,spatial_sustained,0.5748,True
7834,390,390,1,1,514,spatial_sustained,0.5185,False
7835,390,390,1,1,578,spatial_sustained,0.5409,False
7836,390,390,1,3,731,spatial_sustained,0.6918,True
7837,390,390,1,10,951,spatial_sustained,0.6245,True
7838,390,390,1,5,966,spatial_sustained,0.6571,True
7839,390,390,1,3,980,spatial_sustained,0.6428,True
7840,390,390,1,1,1020,spatial_sustained,0.6103,False
7841,390,390,1,1,1022,spatial_sustained,0.5339,False
7842,391,391,1,1,12,spatial_sustained,0.8743,False
7843,391,391,1,4,55,spatial_sustained,0.6682,True
7844,391,391,1,7,61,spatial_sustained,0.97,True
7845,391,391,1,1,83,spatial_sustained,0.5891,False
7846,391,391,1,2,112,spatial_sustained,0.6461,True
7847,391,391,1,1,149,spatial_sustained,0.5175,False
7848,391,391,1,2,156,spatial_sustained,0.7187,True
7849,391,391,1,8,256,spatial_sustained,0.6513,True
7850,391,391,1,1,246,spatial_sustained,0.7946,False
7851,391,391,1,2,282,spatial_sustained,0.6464,True
7852,391,391,1,1,312,spatial_sustained,0.8093,False
7853,391,391,1,10,407,spatial_sustained,0.9043,True
7854,391,391,1,2,382,spatial_sustained,0.5487,True
7855,391,391,1,4,478,spatial_sustained,0.5455,True
7856,391,391,1,1,548,spatial_sustained,0.6088,False
7857,391,391,1,1,550,spatial_sustained,0.6254,False
7858,391,391,1,2,607,spatial_sustained,0.5437,True
7859,391,391,1,1,614,spatial_sustained,0.5188,False
7860,391,391,1,1,620,spatial_sustained,0.9867,False
7861,391,391,1,3,624,spatial_sustained,0.5928,True
7862,391,391,1,9,667,spatial_sustained,0.9059,True
7863,391,391,1,3,709,spatial_sustained,0.5288,True
7864,391,391,1,2,756,spatial_sustained,0.6053,True
7865,391,391,1,17,850,spatial_sustained,0.5947,True
7866,391,391,1,1,758,spatial_sustained,0.9902,False
7867,391,391,1,2,800,spatial_sustained,0.6316,True
7868,391,391,1,2,831,spatial_sustained,0.7279,True
7869,391,391,1,2,865,spatial_sustained,0.6678,True
7870,391,391,1,2,885,spatial_sustained,0.5348,True
7871,391,391,1,3,959,spatial_sustained,0.6718,True
7872,391,391,1,1,981,spatial_sustained,0.5512,False
7873,391,391,1,1,992,spatial_sustained,0.6381,False
7874,391,391,1,1,1000,spatial_sustained,0.6786,False
7875,392,392,1,1,12,spatial_sustained,0.8015,False
7876,392,392,1,2,26,spatial_sustained,0.5567,True
7877,392,392,1,2,63,spatial_sustained,0.5324,True
7878,392,392,1,1,96,spatial_sustained,0.5391,False
7879,392,392,1,2,112,spatial_sustained,0.7815,True
7880,392,392,1,1,118,spatial_sustained,0.6966,False
7881,392,392,1,3,163,spatial_sustained,0.6057,True
7882,392,392,1,3,256,spatial_sustained,0.5446,True
7883,392,392,1,1,246,spatial_sustained,0.5249,False
7884,392,392,1,1,316,spatial_sustained,0.8916,False
7885,392,392,1,2,382,spatial_sustained,0.752,True
7886,392,392,1,10,407,spatial_sustained,0.9696,True
7887,392,392,1,2,561,spatial_sustained,0.5373,True
7888,392,392,1,9,667,spatial_sustained,0.9892,True
7889,392,392,1,1,671,spatial_sustained,0.829,False
7890,392,392,1,1,758,spatial_sustained,0.9904,False
7891,392,392,1,3,765,spatial_sustained,0.7037,True
7892,392,392,1,1,768,spatial_sustained,0.5834,False
7893,392,392,1,1,822,spatial_sustained,0.7337,False
7894,392,392,1,1,828,spatial_sustained,0.7491,False
7895,392,392,1,4,914,spatial_sustained,0.62,True
7896,392,392,1,2,936,spatial_sustained,0.5376,True
7897,392,392,1,1,951,spatial_sustained,0.5056,False
7898,392,392,1,1,955,spatial_sustained,0.6959,False
7899,392,392,1,1,999,spatial_sustained,0.7336,False
7900,392,392,1,1,1006,spatial_sustained,0.6929,False
7901,392,392,1,1,1012,spatial_sustained,0.8278,False
7902,392,392,1,1,1014,spatial_sustained,0.7094,False
7903,393,393,1,2,14,spatial_sustained,0.5776,True
7904,393,393,1,1,91,spatial_sustained,0.5103,False
7905,393,393,1,2,112,spatial_sustained,0.7504,True
7906,393,393,1,1,131,spatial_sustained,0.6183,False
7907,393,393,1,2,150,spatial_sustained,0.6136,True
7908,393,393,1,3,196,spatial_sustained,0.7649,True
7909,393,393,1,1,246,spatial_sustained,0.7441,False
7910,393,393,1,1,316,spatial_sustained,0.9531,False
7911,393,393,1,1,321,spatial_sustained,0.8488,False
7912,393,393,1,1,412,spatial_sustained,0.8602,False
7913,393,393,1,1,415,spatial_sustained,0.5344,False
7914,393,393,1,1,469,spatial_sustained,0.9676,False
7915,393,393,1,2,561,spatial_sustained,0.5975,True
7916,393,393,1,12,698,spatial_sustained,0.9217,True
7917,393,393,1,1,768,spatial_sustained,0.6724,False
7918,393,393,1,1,828,spatial_sustained,0.8014,False
7919,393,393,1,1,862,spatial_sustained,0.6059,False
7920,393,393,1,1,871,spatial_sustained,0.5952,False
7921,393,393,1,6,962,spatial_sustained,0.7099,True
7922,393,393,1,2,1006,spatial_sustained,0.8321,True
7923,393,393,1,2,1009,spatial_sustained,0.6208,True
7924,394,394,1,1,10,spatial_sustained,0.6133,False
7925,394,394,1,2,17,spatial_sustained,0.8121,True
7926,394,394,1,1,86,spatial_sustained,0.7084,False
7927,394,394,1,1,91,spatial_sustained,0.5102,False
7928,394,394,1,3,129,spatial_sustained,0.5621,True
7929,394,394,1,2,112,spatial_sustained,0.7862,True
7930,394,394,1,2,165,spatial_sustained,0.5395,True
7931,394,394,1,2,227,spatial_sustained,0.8776,True
7932,394,394,1,1,289,spatial_sustained,0.5751,False
7933,394,394,1,1,316,spatial_sustained,0.9683,False
7934,394,394,1,1,350,spatial_sustained,0.5347,False
7935,394,394,1,1,352,spatial_sustained,0.7813,False
7936,394,394,1,1,412,spatial_sustained,0.93,False
7937,394,394,1,1,479,spatial_sustained,0.8276,False
7938,394,394,1,1,563,spatial_sustained,0.9201,False
7939,394,394,1,9,667,spatial_sustained,0.9946,True
7940,394,394,1,1,807,spatial_sustained,0.5879,False
7941,394,394,1,1,814,spatial_sustained,0.5043,False
7942,394,394,1,1,888,spatial_sustained,0.5674,False
7943,394,394,1,1,942,spatial_sustained,0.5693,False
7944,394,394,1,1,990,spatial_sustained,0.5641,False
7945,394,394,1,3,1006,spatial_sustained,0.5934,True
7946,395,395,1,4,55,spatial_sustained,0.6078,True
7947,395,395,1,1,28,spatial_sustained,0.5766,False
7948,395,395,1,1,30,spatial_sustained,0.5426,False
7949,395,395,1,1,64,spatial_sustained,0.8049,False
7950,395,395,1,1,98,spatial_sustained,0.6405,False
7951,395,395,1,2,102,spatial_sustained,0.8081,True
7952,395,395,1,1,112,spatial_sustained,0.8811,False
7953,395,395,1,5,256,spatial_sustained,0.7796,True
7954,395,395,1,3,196,spatial_sustained,0.7603,True
7955,395,395,1,1,316,spatial_sustained,0.9863,False
7956,395,395,1,1,383,spatial_sustained,0.5781,False
7957,395,395,1,1,412,spatial_sustained,0.9491,False
7958,395,395,1,1,449,spatial_sustained,0.5072,False
7959,395,395,1,1,479,spatial_sustained,0.6144,False
7960,395,395,1,1,563,spatial_sustained,0.9479,False
7961,395,395,1,9,667,spatial_sustained,0.9962,True
7962,395,395,1,9,720,spatial_sustained,0.9446,True
7963,395,395,1,1,768,spatial_sustained,0.52,False
7964,395,395,1,1,808,spatial_sustained,0.8475,False
7965,395,395,1,1,814,spatial_sustained,0.5489,False
7966,395,395,1,1,869,spatial_sustained,0.5783,False
7967,395,395,1,1,949,spatial_sustained,0.6096,False
7968,395,395,1,1,955,spatial_sustained,0.7328,False
7969,395,395,1,1,993,spatial_sustained,0.6439,False
7970,395,395,1,1,1004,spatial_sustained,0.6599,False
7971,395,395,1,1,1010,spatial_sustained,0.5351,False
7972,396,396,1,1,3,spatial_sustained,0.668,False
7973,396,396,1,1,25,spatial_sustained,0.8472,False
7974,396,396,1,3,60,spatial_sustained,0.608,True
7975,396,396,1,1,55,spatial_sustained,0.5385,False
7976,396,396,1,1,80,spatial_sustained,0.8049,False
7977,396,396,1,1,105,spatial_sustained,0.8732,False
7978,396,396,1,1,155,spatial_sustained,0.5161,False
7979,396,396,1,3,196,spatial_sustained,0.7734,True
7980,396,396,1,1,316,spatial_sustained,0.9885,False
7981,396,396,1,8,355,spatial_sustained,0.9136,True
7982,396,396,1,1,367,spatial_sustained,0.55,False
7983,396,396,1,1,412,spatial_sustained,0.9539,False
7984,396,396,1,1,465,spatial_sustained,0.521,False
7985,396,396,1,8,518,spatial_sustained,0.9295,True
7986,396,396,1,1,563,spatial_sustained,0.963,False
7987,396,396,1,9,667,spatial_sustained,0.9954,True
7988,396,396,1,12,751,spatial_sustained,0.8705,True
7989,396,396,1,1,775,spatial_sustained,0.5172,False
7990,396,396,1,4,865,spatial_sustained,0.5602,True
7991,396,396,1,1,955,spatial_sustained,0.5214,False
7992,396,396,1,1,960,spatial_sustained,0.8163,False
7993,396,396,1,1,995,spatial_sustained,0.6573,False
7994,397,397,1,1,15,spatial_sustained,0.7229,False
7995,397,397,1,1,38,spatial_sustained,0.5586,False
7996,397,397,1,1,84,spatial_sustained,0.5732,False
7997,397,397,1,1,86,spatial_sustained,0.5545,False
7998,397,397,1,11,164,spatial_sustained,0.853,True
7999,397,397,1,1,105,spatial_sustained,0.9765,False
8000,397,397,1,1,316,spatial_sustained,0.9878,False
8001,397,397,1,8,355,spatial_sustained,0.9535,True
8002,397,397,1,1,412,spatial_sustained,0.9675,False
8003,397,397,1,1,463,spatial_sustained,0.5289,False
8004,397,397,1,8,518,spatial_sustained,0.9871,True
8005,397,397,1,1,544,spatial_sustained,0.5028,False
8006,397,397,1,1,584,spatial_sustained,0.5675,False
8007,397,397,1,9,667,spatial_sustained,0.9935,True
8008,397,397,1,1,670,spatial_sustained,0.711,False
8009,397,397,1,9,720,spatial_sustained,0.9767,True
8010,397,397,1,1,736,spatial_sustained,0.6021,False
8011,397,397,1,1,766,spatial_sustained,0.5531,False
8012,397,397,1,1,826,spatial_sustained,0.5156,False
8013,397,397,1,2,955,spatial_sustained,0.5743,True
8014,397,397,1,1,944,spatial_sustained,0.534,False
8015,397,397,1,1,1023,spatial_sustained,0.6447,False
8016,398,398,1,3,55,spatial_sustained,0.6206,True
8017,398,398,1,1,45,spatial_sustained,0.5306,False
8018,398,398,1,2,112,spatial_sustained,0.8554,True
8019,398,398,1,9,164,spatial_sustained,0.9081,True
8020,398,398,1,1,105,spatial_sustained,0.9733,False
8021,398,398,1,4,224,spatial_sustained,0.6444,True
8022,398,398,1,8,355,spatial_sustained,0.9313,True
8023,398,398,1,1,382,spatial_sustained,0.5386,False
8024,398,398,1,1,394,spatial_sustained,0.515,False
8025,398,398,1,8,518,spatial_sustained,0.9949,True
8026,398,398,1,9,667,spatial_sustained,0.9923,True
8027,398,398,1,9,720,spatial_sustained,0.9775,True
8028,398,398,1,1,808,spatial_sustained,0.8468,False
8029,398,398,1,1,862,spatial_sustained,0.6362,False
8030,398,398,1,1,925,spatial_sustained,0.6285,False
8031,398,398,1,1,954,spatial_sustained,0.564,False
8032,399,399,1,2,56,spatial_sustained,0.6418,True
8033,399,399,1,1,38,spatial_sustained,0.7025,False
8034,399,399,1,2,112,spatial_sustained,0.7204,True
8035,399,399,1,10,165,spatial_sustained,0.9321,True
8036,399,399,1,1,105,spatial_sustained,0.9928,False
8037,399,399,1,1,225,spatial_sustained,0.8179,False
8038,399,399,1,8,355,spatial_sustained,0.9272,True
8039,399,399,1,9,370,spatial_sustained,0.9441,True
8040,399,399,1,2,449,spatial_sustained,0.5424,True
8041,399,399,1,8,518,spatial_sustained,0.9974,True
8042,399,399,1,1,495,spatial_sustained,0.5084,False
8043,399,399,1,1,497,spatial_sustained,0.505,False
8044,399,399,1,1,511,spatial_sustained,0.5415,False
8045,399,399,1,9,720,spatial_sustained,0.9752,True
8046,399,399,1,1,766,spatial_sustained,0.5896,False
8047,399,399,1,1,858,spatial_sustained,0.5767,False
8048,399,399,1,1,860,spatial_sustained,0.5144,False
8049,399,399,1,2,920,spatial_sustained,0.5137,True
8050,399,399,1,2,926,spatial_sustained,0.6735,True
8051,399,399,1,1,923,spatial_sustained,0.5339,False
8052,399,399,1,1,1003,spatial_sustained,0.6978,False
8053,400,400,1,1,20,spatial_sustained,0.568,False
8054,400,400,1,2,59,spatial_sustained,0.662,True
8055,400,400,1,1,64,spatial_sustained,0.8066,False
8056,400,400,1,6,164,spatial_sustained,0.9433,True
8057,400,400,1,1,105,spatial_sustained,0.9923,False
8058,400,400,1,1,157,spatial_sustained,0.9085,False
8059,400,400,1,9,251,spatial_sustained,0.8891,True
8060,400,400,1,1,226,spatial_sustained,0.8189,False
8061,400,400,1,8,355,spatial_sustained,0.9282,True
8062,400,400,1,9,370,spatial_sustained,0.9882,True
8063,400,400,1,8,518,spatial_sustained,0.996,True
8064,400,400,1,1,545,spatial_sustained,0.5167,False
8065,400,400,1,1,560,spatial_sustained,0.5659,False
8066,400,400,1,1,637,spatial_sustained,0.5033,False
8067,400,400,1,9,720,spatial_sustained,0.9755,True
8068,400,400,1,1,1007,spatial_sustained,0.6076,False
8069,400,400,1,1,1022,spatial_sustained,0.6468,False
8070,401,401,1,1,0,spatial_sustained,0.5794,False
8071,401,401,1,2,16,spatial_sustained,0.6775,True
8072,401,401,1,3,25,spatial_sustained,0.6133,True
8073,401,401,1,6,164,spatial_sustained,0.9926,True
8074,401,401,1,1,105,spatial_sustained,0.9925,False
8075,401,401,1,1,112,spatial_sustained,0.9,False
8076,401,401,1,1,157,spatial_sustained,0.9888,False
8077,401,401,1,9,251,spatial_sustained,0.9648,True
8078,401,401,1,1,227,spatial_sustained,0.5219,False
8079,401,401,1,1,318,spatial_sustained,0.6229,False
8080,401,401,1,1,369,spatial_sustained,0.6406,False
8081,401,401,1,1,442,spatial_sustained,0.8132,False
8082,401,401,1,1,462,spatial_sustained,0.635,False
8083,401,401,1,2,528,spatial_sustained,0.6045,True
8084,401,401,1,1,611,spatial_sustained,0.5087,False
8085,401,401,1,11,720,spatial_sustained,0.8978,True
8086,401,401,1,1,734,spatial_sustained,0.573,False
8087,401,401,1,10,988,spatial_sustained,0.7441,True
8088,401,401,1,1,998,spatial_sustained,0.5279,False
8089,402,402,1,1,24,spatial_sustained,0.5057,False
8090,402,402,1,6,164,spatial_sustained,0.9503,True
8091,402,402,1,1,105,spatial_sustained,0.9915,False
8092,402,402,1,1,157,spatial_sustained,0.9997,False
8093,402,402,1,1,192,spatial_sustained,0.5976,False
8094,402,402,1,9,251,spatial_sustained,0.9801,True
8095,402,402,1,1,255,spatial_sustained,0.6635,False
8096,402,402,1,2,352,spatial_sustained,0.7091,True
8097,402,402,1,2,462,spatial_sustained,0.5675,True
8098,402,402,1,1,442,spatial_sustained,0.8205,False
8099,402,402,1,11,530,spatial_sustained,0.6453,True
8100,402,402,1,2,689,spatial_sustained,0.5087,True
8101,402,402,1,1,671,spatial_sustained,0.5434,False
8102,402,402,1,1,751,spatial_sustained,0.575,False
8103,402,402,1,1,766,spatial_sustained,0.5474,False
8104,402,402,1,2,901,spatial_sustained,0.5916,True
8105,402,402,1,1,919,spatial_sustained,0.5182,False
8106,402,402,1,10,989,spatial_sustained,0.7978,True
8107,402,402,1,1,974,spatial_sustained,0.5389,False
8108,403,403,1,1,24,spatial_sustained,0.642,False
8109,403,403,1,6,164,spatial_sustained,0.9678,True
8110,403,403,1,1,157,spatial_sustained,1.0,False
8111,403,403,1,1,192,spatial_sustained,0.7539,False
8112,403,403,1,9,251,spatial_sustained,0.9707,True
8113,403,403,1,1,321,spatial_sustained,0.5127,False
8114,403,403,1,1,544,spatial_sustained,0.5815,False
8115,403,403,1,1,561,spatial_sustained,0.5422,False
8116,403,403,1,4,897,spatial_sustained,0.6008,True
8117,403,403,1,1,870,spatial_sustained,0.5527,False
8118,403,403,1,1,942,spatial_sustained,0.5176,False
8119,403,403,1,8,989,spatial_sustained,0.8245,True
8120,403,403,1,1,1012,spatial_sustained,0.6714,False
8121,404,404,1,1,16,spatial_sustained,0.636,False
8122,404,404,1,1,84,spatial_sustained,0.5441,False
8123,404,404,1,1,100,spatial_sustained,0.5166,False
8124,404,404,1,1,157,spatial_sustained,1.0,False
8125,404,404,1,1,192,spatial_sustained,0.8365,False
8126,404,404,1,9,247,spatial_sustained,0.8937,True
8127,404,404,1,9,251,spatial_sustained,0.9451,True
8128,404,404,1,2,287,spatial_sustained,0.5705,True
8129,404,404,1,1,739,spatial_sustained,0.8814,False
8130,404,404,1,9,902,spatial_sustained,0.8477,True
8131,404,404,1,1,890,spatial_sustained,0.5489,False
8132,404,404,1,1,895,spatial_sustained,0.8164,False
8133,404,404,1,1,944,spatial_sustained,0.6941,False
8134,404,404,1,8,989,spatial_sustained,0.774,True
8135,405,405,1,1,157,spatial_sustained,1.0,False
8136,405,405,1,9,247,spatial_sustained,0.9781,True
8137,405,405,1,9,251,spatial_sustained,0.8102,True
8138,405,405,1,1,455,spatial_sustained,0.8858,False
8139,405,405,1,2,552,spatial_sustained,0.6598,True
8140,405,405,1,1,739,spatial_sustained,0.9616,False
8141,405,405,1,8,902,spatial_sustained,0.973,True
8142,405,405,1,2,927,spatial_sustained,0.5608,True
8143,405,405,1,1,924,spatial_sustained,0.5307,False
8144,405,405,1,1,999,spatial_sustained,0.5857,False
8145,406,406,1,1,16,spatial_sustained,0.6479,False
8146,406,406,1,2,55,spatial_sustained,0.6085,True
8147,406,406,1,1,26,spatial_sustained,0.6124,False
8148,406,406,1,1,150,spatial_sustained,0.8117,False
8149,406,406,1,1,157,spatial_sustained,1.0,False
8150,406,406,1,9,247,spatial_sustained,0.9924,True
8151,406,406,1,1,455,spatial_sustained,0.9505,False
8152,406,406,1,1,497,spatial_sustained,0.5425,False
8153,406,406,1,1,549,spatial_sustained,0.5214,False
8154,406,406,1,2,643,spatial_sustained,0.5336,True
8155,406,406,1,1,671,spatial_sustained,0.5366,False
8156,406,406,1,1,733,spatial_sustained,0.6955,False
8157,406,406,1,1,739,spatial_sustained,0.9858,False
8158,406,406,1,9,790,spatial_sustained,0.8821,True
8159,406,406,1,1,781,spatial_sustained,0.9034,False
8160,406,406,1,8,902,spatial_sustained,0.9942,True
8161,406,406,1,1,1017,spatial_sustained,0.7076,False
8162,407,407,1,1,0,spatial_sustained,0.5648,False
8163,407,407,1,1,84,spatial_sustained,0.7359,False
8164,407,407,1,1,157,spatial_sustained,1.0,False
8165,407,407,1,1,196,spatial_sustained,0.6607,False
8166,407,407,1,9,247,spatial_sustained,0.9969,True
8167,407,407,1,1,383,spatial_sustained,0.5921,False
8168,407,407,1,1,455,spatial_sustained,0.9737,False
8169,407,407,1,1,495,spatial_sustained,0.7996,False
8170,407,407,1,1,683,spatial_sustained,0.8644,False
8171,407,407,1,1,734,spatial_sustained,0.8046,False
8172,407,407,1,9,790,spatial_sustained,0.9535,True
8173,407,407,1,1,781,spatial_sustained,1.0,False
8174,407,407,1,1,808,spatial_sustained,0.7067,False
8175,407,407,1,8,902,spatial_sustained,0.9972,True
8176,407,407,1,1,920,spatial_sustained,0.5402,False
8177,407,407,1,1,994,spatial_sustained,0.6254,False
8178,408,408,1,1,24,spatial_sustained,0.5762,False
8179,408,408,1,9,247,spatial_sustained,0.9981,True
8180,408,408,1,1,442,spatial_sustained,0.8004,False
8181,408,408,1,1,448,spatial_sustained,0.5284,False
8182,408,408,1,1,683,spatial_sustained,0.6393,False
8183,408,408,1,1,710,spatial_sustained,0.6132,False
8184,408,408,1,9,790,spatial_sustained,0.7173,True
8185,408,408,1,1,781,spatial_sustained,1.0,False
8186,408,408,1,1,808,spatial_sustained,0.8459,False
8187,408,408,1,3,864,spatial_sustained,0.6445,True
8188,408,408,1,1,895,spatial_sustained,0.5806,False
8189,408,408,1,1,924,spatial_sustained,0.5385,False
8190,408,408,1,1,1006,spatial_sustained,0.726,False
8191,409,409,1,9,247,spatial_sustained,1.0,True
8192,409,409,1,8,380,spatial_sustained,0.5641,True
8193,409,409,1,1,383,spatial_sustained,0.5001,False
8194,409,409,1,1,683,spatial_sustained,0.6238,False
8195,409,409,1,1,710,spatial_sustained,0.6294,False
8196,409,409,1,9,790,spatial_sustained,0.6925,True
8197,409,409,1,1,781,spatial_sustained,1.0,False
8198,410,410,1,9,247,spatial_sustained,1.0,True
8199,410,410,1,8,380,spatial_sustained,0.6521,True
8200,410,410,1,1,352,spatial_sustained,0.837,False
8201,410,410,1,1,644,spatial_sustained,0.5073,False
8202,410,410,1,1,683,spatial_sustained,0.8151,False
8203,410,410,1,1,710,spatial_sustained,0.7883,False
8204,410,410,1,1,781,spatial_sustained,1.0,False
8205,410,410,1,1,819,spatial_sustained,0.8705,False
8206,410,410,1,2,892,spatial_sustained,0.5464,True
8207,410,410,1,3,919,spatial_sustained,0.5935,True
8208,410,410,1,1,990,spatial_sustained,0.8112,False
8209,410,410,1,1,1005,spatial_sustained,0.5748,False
8210,411,411,1,1,8,spatial_sustained,0.5708,False
8211,411,411,1,2,100,spatial_sustained,0.5721,True
8212,411,411,1,18,249,spatial_sustained,0.9673,True
8213,411,411,1,1,254,spatial_sustained,0.8887,False
8214,411,411,1,2,289,spatial_sustained,0.5196,True
8215,411,411,1,8,380,spatial_sustained,0.7536,True
8216,411,411,1,6,390,spatial_sustained,0.592,True
8217,411,411,1,1,384,spatial_sustained,0.5099,False
8218,411,411,1,4,554,spatial_sustained,0.5296,True
8219,411,411,1,1,653,spatial_sustained,0.8866,False
8220,411,411,1,1,659,spatial_sustained,0.5369,False
8221,411,411,1,2,695,spatial_sustained,0.5236,True
8222,411,411,1,6,701,spatial_sustained,0.5465,True
8223,411,411,1,11,745,spatial_sustained,0.6298,True
8224,411,411,1,2,737,spatial_sustained,0.5398,True
8225,411,411,1,1,722,spatial_sustained,0.8082,False
8226,411,411,1,5,804,spatial_sustained,0.6199,True
8227,411,411,1,1,781,spatial_sustained,1.0,False
8228,411,411,1,1,784,spatial_sustained,0.5025,False
8229,411,411,1,1,799,spatial_sustained,0.5777,False
8230,411,411,1,1,819,spatial_sustained,0.9788,False
8231,411,411,1,2,864,spatial_sustained,0.6841,True
8232,411,411,1,3,901,spatial_sustained,0.6114,True
8233,411,411,1,2,980,spatial_sustained,0.5717,True
8234,411,411,1,1,1001,spatial_sustained,0.5059,False
8235,411,411,1,1,1004,spatial_sustained,0.626,False
8236,412,412,1,2,57,spatial_sustained,0.537,True
8237,412,412,1,2,93,spatial_sustained,0.5295,True
8238,412,412,1,1,66,spatial_sustained,0.5081,False
8239,412,412,1,1,73,spatial_sustained,0.5436,False
8240,412,412,1,1,84,spatial_sustained,0.6901,False
8241,412,412,1,1,164,spatial_sustained,0.6043,False
8242,412,412,1,1,180,spatial_sustained,0.8849,False
8243,412,412,1,13,248,spatial_sustained,0.8463,True
8244,412,412,1,1,254,spatial_sustained,0.9677,False
8245,412,412,1,1,257,spatial_sustained,0.5109,False
8246,412,412,1,3,292,spatial_sustained,0.582,True
8247,412,412,1,9,380,spatial_sustained,0.7328,True
8248,412,412,1,1,452,spatial_sustained,0.7126,False
8249,412,412,1,1,455,spatial_sustained,0.5503,False
8250,412,412,1,1,481,spatial_sustained,0.5702,False
8251,412,412,1,18,623,spatial_sustained,0.7372,True
8252,412,412,1,2,520,spatial_sustained,0.6608,True
8253,412,412,1,5,643,spatial_sustained,0.5445,True
8254,412,412,1,1,653,spatial_sustained,0.9825,False
8255,412,412,1,1,683,spatial_sustained,0.8677,False
8256,412,412,1,1,703,spatial_sustained,0.5306,False
8257,412,412,1,1,710,spatial_sustained,0.8648,False
8258,412,412,1,2,781,spatial_sustained,0.8438,True
8259,412,412,1,3,806,spatial_sustained,0.5457,True
8260,412,412,1,2,790,spatial_sustained,0.5429,True
8261,412,412,1,1,819,spatial_sustained,0.9706,False
8262,412,412,1,1,878,spatial_sustained,0.578,False
8263,412,412,1,1,901,spatial_sustained,0.5632,False
8264,412,412,1,1,918,spatial_sustained,0.551,False
8265,412,412,1,1,927,spatial_sustained,0.805,False
8266,412,412,1,2,962,spatial_sustained,0.5797,True
8267,412,412,1,2,1000,spatial_sustained,0.7453,True
8268,413,413,1,2,36,spatial_sustained,0.5491,True
8269,413,413,1,1,24,spatial_sustained,0.829,False
8270,413,413,1,1,160,spatial_sustained,0.614,False
8271,413,413,1,1,180,spatial_sustained,0.9438,False
8272,413,413,1,9,233,spatial_sustained,0.8878,True
8273,413,413,1,20,347,spatial_sustained,0.8663,True
8274,413,413,1,1,254,spatial_sustained,0.9592,False
8275,413,413,1,1,289,spatial_sustained,0.5209,False
8276,413,413,1,3,324,spatial_sustained,0.5851,True
8277,413,413,1,1,425,spatial_sustained,0.5796,False
8278,413,413,1,34,593,spatial_sustained,0.83,True
8279,413,413,1,1,683,spatial_sustained,0.882,False
8280,413,413,1,2,711,spatial_sustained,0.7,True
8281,413,413,1,1,713,spatial_sustained,0.5081,False
8282,413,413,1,1,718,spatial_sustained,0.5387,False
8283,413,413,1,1,752,spatial_sustained,0.8159,False
8284,413,413,1,1,781,spatial_sustained,1.0,False
8285,413,413,1,1,819,spatial_sustained,0.9404,False
8286,413,413,1,1,865,spatial_sustained,0.5737,False
8287,413,413,1,6,957,spatial_sustained,0.6422,True
8288,413,413,1,1,1004,spatial_sustained,0.5703,False
8289,413,413,1,1,1016,spatial_sustained,0.8307,False
8290,414,414,1,2,55,spatial_sustained,0.7794,True
8291,414,414,1,1,180,spatial_sustained,0.9617,False
8292,414,414,1,1,192,spatial_sustained,0.8335,False
8293,414,414,1,9,233,spatial_sustained,0.9406,True
8294,414,414,1,19,315,spatial_sustained,0.9009,True
8295,414,414,1,1,226,spatial_sustained,0.8217,False
8296,414,414,1,1,254,spatial_sustained,0.9789,False
8297,414,414,1,1,502,spatial_sustained,0.7055,False
8298,414,414,1,1,551,spatial_sustained,0.7283,False
8299,414,414,1,1,690,spatial_sustained,0.9735,False
8300,414,414,1,1,701,spatial_sustained,0.5068,False
8301,414,414,1,1,710,spatial_sustained,0.9014,False
8302,414,414,1,1,797,spatial_sustained,0.6102,False
8303,414,414,1,1,819,spatial_sustained,0.9643,False
8304,414,414,1,1,892,spatial_sustained,0.711,False
8305,414,414,1,6,932,spatial_sustained,0.5938,True
8306,414,414,1,1,912,spatial_sustained,0.9,False
8307,414,414,1,1,927,spatial_sustained,0.7809,False
8308,414,414,1,1,955,spatial_sustained,0.5105,False
8309,414,414,1,1,992,spatial_sustained,0.5425,False
8310,414,414,1,1,994,spatial_sustained,0.8156,False
8311,414,414,1,1,1021,spatial_sustained,0.6075,False
8312,415,415,1,1,14,spatial_sustained,0.5385,False
8313,415,415,1,1,27,spatial_sustained,0.8049,False
8314,415,415,1,2,86,spatial_sustained,0.6218,True
8315,415,415,1,3,195,spatial_sustained,0.6372,True
8316,415,415,1,9,233,spatial_sustained,0.9518,True
8317,415,415,1,22,348,spatial_sustained,0.8645,True
8318,415,415,1,1,254,spatial_sustained,0.9959,False
8319,415,415,1,3,451,spatial_sustained,0.6629,True
8320,415,415,1,9,461,spatial_sustained,0.9129,True
8321,415,415,1,1,502,spatial_sustained,0.8417,False
8322,415,415,1,2,561,spatial_sustained,0.5393,True
8323,415,415,1,1,690,spatial_sustained,0.959,False
8324,415,415,1,1,737,spatial_sustained,0.5157,False
8325,415,415,1,1,800,spatial_sustained,0.5448,False
8326,415,415,1,1,927,spatial_sustained,0.5299,False
8327,415,415,1,1,928,spatial_sustained,0.5327,False
8328,415,415,1,1,940,spatial_sustained,0.5566,False
8329,415,415,1,1,963,spatial_sustained,0.581,False
8330,415,415,1,1,1023,spatial_sustained,0.5048,False
8331,416,416,1,2,227,spatial_sustained,0.7623,True
8332,416,416,1,9,233,spatial_sustained,0.9559,True
8333,416,416,1,1,254,spatial_sustained,1.0,False
8334,416,416,1,1,315,spatial_sustained,0.9147,False
8335,416,416,1,1,351,spatial_sustained,0.6303,False
8336,416,416,1,14,493,spatial_sustained,0.8712,True
8337,416,416,1,1,442,spatial_sustained,0.8215,False
8338,416,416,1,1,502,spatial_sustained,0.846,False
8339,416,416,1,9,579,spatial_sustained,0.9106,True
8340,416,416,1,1,624,spatial_sustained,0.5933,False
8341,416,416,1,1,690,spatial_sustained,0.9839,False
8342,416,416,1,4,796,spatial_sustained,0.7329,True
8343,416,416,1,1,893,spatial_sustained,0.5122,False
8344,416,416,1,1,919,spatial_sustained,0.5195,False
8345,416,416,1,1,927,spatial_sustained,0.8212,False
8346,416,416,1,1,994,spatial_sustained,0.542,False
8347,416,416,1,1,999,spatial_sustained,0.7339,False
8348,417,417,1,1,15,spatial_sustained,0.8129,False
8349,417,417,1,5,112,spatial_sustained,0.6292,True
8350,417,417,1,1,86,spatial_sustained,0.5494,False
8351,417,417,1,10,226,spatial_sustained,0.707,True
8352,417,417,1,1,160,spatial_sustained,0.6249,False
8353,417,417,1,1,254,spatial_sustained,1.0,False
8354,417,417,1,1,315,spatial_sustained,0.914,False
8355,417,417,1,9,425,spatial_sustained,0.8871,True
8356,417,417,1,9,461,spatial_sustained,0.9619,True
8357,417,417,1,1,449,spatial_sustained,0.6358,False
8358,417,417,1,1,466,spatial_sustained,0.9021,False
8359,417,417,1,1,502,spatial_sustained,0.8707,False
8360,417,417,1,3,560,spatial_sustained,0.6151,True
8361,417,417,1,9,579,spatial_sustained,0.9618,True
8362,417,417,1,1,624,spatial_sustained,0.5488,False
8363,417,417,1,1,765,spatial_sustained,0.7764,False
8364,417,417,1,1,826,spatial_sustained,0.582,False
8365,417,417,1,1,828,spatial_sustained,0.8555,False
8366,417,417,1,1,871,spatial_sustained,0.8996,False
8367,417,417,1,10,923,spatial_sustained,0.7924,True
8368,417,417,1,4,962,spatial_sustained,0.5925,True
8369,417,417,1,1,1012,spatial_sustained,0.5809,False
8370,418,418,1,1,5,spatial_sustained,0.501,False
8371,418,418,1,1,112,spatial_sustained,0.7703,False
8372,418,418,1,5,196,spatial_sustained,0.7997,True
8373,418,418,1,1,176,spatial_sustained,0.5389,False
8374,418,418,1,9,274,spatial_sustained,0.8932,True
8375,418,418,1,1,315,spatial_sustained,0.9131,False
8376,418,418,1,1,321,spatial_sustained,0.5057,False
8377,418,418,1,1,383,spatial_sustained,0.5155,False
8378,418,418,1,9,425,spatial_sustained,0.962,True
8379,418,418,1,1,447,spatial_sustained,0.5338,False
8380,418,418,1,2,497,spatial_sustained,0.9289,True
8381,418,418,1,1,502,spatial_sustained,0.8953,False
8382,418,418,1,1,639,spatial_sustained,0.5485,False
8383,418,418,1,1,808,spatial_sustained,0.5461,False
8384,418,418,1,1,863,spatial_sustained,0.5693,False
8385,418,418,1,1,871,spatial_sustained,0.9687,False
8386,418,418,1,9,922,spatial_sustained,0.8854,True
8387,418,418,1,1,1016,spatial_sustained,0.6667,False
8388,419,419,1,1,15,spatial_sustained,0.6738,False
8389,419,419,1,1,93,spatial_sustained,0.5218,False
8390,419,419,1,8,196,spatial_sustained,0.7826,True
8391,419,419,1,1,192,spatial_sustained,0.8324,False
8392,419,419,1,9,274,spatial_sustained,0.981,True
8393,419,419,1,1,315,spatial_sustained,0.9223,False
8394,419,419,1,4,414,spatial_sustained,0.5518,True
8395,419,419,1,9,425,spatial_sustained,0.978,True
8396,419,419,1,1,466,spatial_sustained,0.9912,False
8397,419,419,1,1,484,spatial_sustained,0.9074,False
8398,419,419,1,2,550,spatial_sustained,0.5581,True
8399,419,419,1,1,808,spatial_sustained,0.8369,False
8400,419,419,1,1,871,spatial_sustained,0.9829,False
8401,419,419,1,9,922,spatial_sustained,0.8943,True
8402,419,419,1,2,928,spatial_sustained,0.7401,True
8403,419,419,1,2,933,spatial_sustained,0.5379,True
8404,419,419,1,1,1011,spatial_sustained,0.5228,False
8405,420,420,1,1,23,spatial_sustained,0.5404,False
8406,420,420,1,1,96,spatial_sustained,0.5621,False
8407,420,420,1,1,112,spatial_sustained,0.6801,False
8408,420,420,1,4,196,spatial_sustained,0.813,True
8409,420,420,1,4,257,spatial_sustained,0.7023,True
8410,420,420,1,18,306,spatial_sustained,0.8123,True
8411,420,420,1,2,281,spatial_sustained,0.5313,True
8412,420,420,1,1,315,spatial_sustained,0.9145,False
8413,420,420,1,16,457,spatial_sustained,0.8088,True
8414,420,420,1,1,484,spatial_sustained,0.9497,False
8415,420,420,1,1,544,spatial_sustained,0.5119,False
8416,420,420,1,13,784,spatial_sustained,0.5534,True
8417,420,420,1,5,697,spatial_sustained,0.5116,True
8418,420,420,1,1,813,spatial_sustained,0.5103,False
8419,420,420,1,1,835,spatial_sustained,0.569,False
8420,420,420,1,2,871,spatial_sustained,0.7529,True
8421,420,420,1,1,886,spatial_sustained,0.6054,False
8422,420,420,1,9,922,spatial_sustained,0.9241,True
8423,420,420,1,4,930,spatial_sustained,0.6714,True
8424,420,420,1,5,974,spatial_sustained,0.5589,True
8425,420,420,1,3,979,spatial_sustained,0.522,True
8426,421,421,1,1,1,spatial_sustained,0.5174,False
8427,421,421,1,1,12,spatial_sustained,0.551,False
8428,421,421,1,1,17,spatial_sustained,0.7499,False
8429,421,421,1,1,30,spatial_sustained,0.5411,False
8430,421,421,1,1,86,spatial_sustained,0.5977,False
8431,421,421,1,2,120,spatial_sustained,0.5574,True
8432,421,421,1,1,112,spatial_sustained,0.7965,False
8433,421,421,1,6,216,spatial_sustained,0.5464,True
8434,421,421,1,1,130,spatial_sustained,0.521,False
8435,421,421,1,1,180,spatial_sustained,0.5439,False
8436,421,421,1,4,226,spatial_sustained,0.8738,True
8437,421,421,1,12,275,spatial_sustained,0.9771,True
8438,421,421,1,1,281,spatial_sustained,0.5007,False
8439,421,421,1,1,371,spatial_sustained,0.5529,False
8440,421,421,1,1,382,spatial_sustained,0.5806,False
8441,421,421,1,2,484,spatial_sustained,0.7344,True
8442,421,421,1,3,512,spatial_sustained,0.5582,True
8443,421,421,1,2,550,spatial_sustained,0.5623,True
8444,421,421,1,2,574,spatial_sustained,0.52,True
8445,421,421,1,10,695,spatial_sustained,0.8571,True
8446,421,421,1,1,653,spatial_sustained,0.5944,False
8447,421,421,1,8,777,spatial_sustained,0.5731,True
8448,421,421,1,5,897,spatial_sustained,0.69,True
8449,421,421,1,2,926,spatial_sustained,0.6955,True
8450,421,421,1,1,917,spatial_sustained,0.5204,False
8451,421,421,1,2,953,spatial_sustained,0.6296,True
8452,421,421,1,1,934,spatial_sustained,0.5002,False
8453,421,421,1,1,942,spatial_sustained,0.5396,False
8454,421,421,1,1,1016,spatial_sustained,0.6094,False
8455,422,422,1,1,26,spatial_sustained,0.7823,False
8456,422,422,1,1,102,spatial_sustained,0.5305,False
8457,422,422,1,1,112,spatial_sustained,0.9,False
8458,422,422,1,3,196,spatial_sustained,0.7912,True
8459,422,422,1,9,275,spatial_sustained,0.996,True
8460,422,422,1,1,288,spatial_sustained,0.549,False
8461,422,422,1,9,440,spatial_sustained,0.901,True
8462,422,422,1,9,513,spatial_sustained,0.9021,True
8463,422,422,1,1,484,spatial_sustained,0.9527,False
8464,422,422,1,1,559,spatial_sustained,0.7737,False
8465,422,422,1,9,695,spatial_sustained,0.9747,True
8466,422,422,1,1,737,spatial_sustained,0.5924,False
8467,422,422,1,1,754,spatial_sustained,0.7237,False
8468,422,422,1,1,860,spatial_sustained,0.5142,False
8469,422,422,1,1,928,spatial_sustained,0.9477,False
8470,422,422,1,1,945,spatial_sustained,0.5196,False
8471,422,422,1,1,1006,spatial_sustained,0.5066,False
8472,422,422,1,1,1008,spatial_sustained,0.5401,False
8473,422,422,1,1,1016,spatial_sustained,0.5374,False
8474,423,423,1,1,0,spatial_sustained,0.5127,False
8475,423,423,1,1,28,spatial_sustained,0.8172,False
8476,423,423,1,1,112,spatial_sustained,0.554,False
8477,423,423,1,1,161,spatial_sustained,0.8045,False
8478,423,423,1,9,222,spatial_sustained,0.8392,True
8479,423,423,1,3,196,spatial_sustained,0.7991,True
8480,423,423,1,9,275,spatial_sustained,0.996,True
8481,423,423,1,1,332,spatial_sustained,0.527,False
8482,423,423,1,2,381,spatial_sustained,0.5626,True
8483,423,423,1,10,441,spatial_sustained,0.9736,True
8484,423,423,1,9,513,spatial_sustained,0.947,True
8485,423,423,1,1,484,spatial_sustained,0.9538,False
8486,423,423,1,2,767,spatial_sustained,0.611,True
8487,423,423,1,1,826,spatial_sustained,0.5951,False
8488,423,423,1,1,870,spatial_sustained,0.5448,False
8489,423,423,1,2,925,spatial_sustained,0.7952,True
8490,423,423,1,1,928,spatial_sustained,0.9695,False
8491,423,423,1,1,946,spatial_sustained,0.5077,False
8492,423,423,1,1,985,spatial_sustained,0.6746,False
8493,423,423,1,1,1008,spatial_sustained,0.5214,False
8494,424,424,1,1,64,spatial_sustained,0.806,False
8495,424,424,1,1,82,spatial_sustained,0.8574,False
8496,424,424,1,8,138,spatial_sustained,0.8874,True
8497,424,424,1,1,155,spatial_sustained,0.5579,False
8498,424,424,1,1,163,spatial_sustained,0.5152,False
8499,424,424,1,9,211,spatial_sustained,0.9393,True
8500,424,424,1,9,222,spatial_sustained,0.9351,True
8501,424,424,1,1,227,spatial_sustained,0.681,False
8502,424,424,1,1,332,spatial_sustained,0.535,False
8503,424,424,1,10,441,spatial_sustained,0.99,True
8504,424,424,1,1,419,spatial_sustained,0.8983,False
8505,424,424,1,11,486,spatial_sustained,0.8963,True
8506,424,424,1,9,513,spatial_sustained,0.9404,True
8507,424,424,1,1,484,spatial_sustained,0.9551,False
8508,424,424,1,1,527,spatial_sustained,0.5081,False
8509,424,424,1,10,739,spatial_sustained,0.8627,True
8510,424,424,1,1,870,spatial_sustained,0.6246,False
8511,424,424,1,1,920,spatial_sustained,0.5734,False
8512,424,424,1,1,925,spatial_sustained,0.5705,False
8513,424,424,1,1,928,spatial_sustained,0.9747,False
8514,424,424,1,1,937,spatial_sustained,0.5551,False
8515,424,424,1,1,1005,spatial_sustained,0.5625,False
8516,424,424,1,1,1016,spatial_sustained,0.6012,False
8517,424,424,1,1,1020,spatial_sustained,0.8739,False
8518,424,424,1,1,1023,spatial_sustained,0.5172,False
8519,425,425,1,1,82,spatial_sustained,0.8434,False
8520,425,425,1,17,179,spatial_sustained,0.865,True
8521,425,425,1,8,138,spatial_sustained,0.9485,True
8522,425,425,1,1,112,spatial_sustained,0.9,False
8523,425,425,1,2,166,spatial_sustained,0.5818,True
8524,425,425,1,9,222,spatial_sustained,0.9214,True
8525,425,425,1,3,226,spatial_sustained,0.8019,True
8526,425,425,1,10,441,spatial_sustained,0.9906,True
8527,425,425,1,1,413,spatial_sustained,0.5062,False
8528,425,425,1,1,419,spatial_sustained,0.9521,False
8529,425,425,1,9,487,spatial_sustained,0.9789,True
8530,425,425,1,1,458,spatial_sustained,1.0,False
8531,425,425,1,9,513,spatial_sustained,0.939,True
8532,425,425,1,1,484,spatial_sustained,0.9387,False
8533,425,425,1,1,631,spatial_sustained,0.8468,False
8534,425,425,1,1,668,spatial_sustained,0.5947,False
8535,425,425,1,9,739,spatial_sustained,0.9644,True
8536,425,425,1,1,722,spatial_sustained,0.5269,False
8537,425,425,1,3,800,spatial_sustained,0.5676,True
8538,425,425,1,1,808,spatial_sustained,0.5519,False
8539,425,425,1,1,958,spatial_sustained,0.5256,False
8540,425,425,1,1,1020,spatial_sustained,0.9264,False
8541,426,426,1,1,29,spatial_sustained,0.5285,False
8542,426,426,1,2,59,spatial_sustained,0.5136,True
8543,426,426,1,2,112,spatial_sustained,0.7036,True
8544,426,426,1,1,82,spatial_sustained,0.8735,False
8545,426,426,1,17,178,spatial_sustained,0.8533,True
8546,426,426,1,8,138,spatial_sustained,0.9598,True
8547,426,426,1,9,222,spatial_sustained,0.9508,True
8548,426,426,1,1,333,spatial_sustained,0.5819,False
8549,426,426,1,10,441,spatial_sustained,0.9899,True
8550,426,426,1,1,419,spatial_sustained,0.973,False
8551,426,426,1,9,487,spatial_sustained,0.9847,True
8552,426,426,1,1,458,spatial_sustained,0.9918,False
8553,426,426,1,1,484,spatial_sustained,0.9263,False
8554,426,426,1,1,631,spatial_sustained,0.8739,False
8555,426,426,1,9,739,spatial_sustained,0.9838,True
8556,426,426,1,1,714,spatial_sustained,0.5212,False
8557,426,426,1,2,757,spatial_sustained,0.5547,True
8558,426,426,1,1,809,spatial_sustained,0.5419,False
8559,426,426,1,1,1016,spatial_sustained,0.5763,False
8560,426,426,1,1,1020,spatial_sustained,0.9325,False
8561,427,427,1,1,24,spatial_sustained,0.7088,False
8562,427,427,1,1,82,spatial_sustained,0.8758,False
8563,427,427,1,8,117,spatial_sustained,0.7114,True
8564,427,427,1,9,137,spatial_sustained,0.961,True
8565,427,427,1,1,166,spatial_sustained,0.5571,False
8566,427,427,1,11,222,spatial_sustained,0.8817,True
8567,427,427,1,1,192,spatial_sustained,0.7461,False
8568,427,427,1,2,279,spatial_sustained,0.5334,True
8569,427,427,1,1,337,spatial_sustained,0.5084,False
8570,427,427,1,1,339,spatial_sustained,0.5195,False
8571,427,427,1,1,348,spatial_sustained,0.869,False
8572,427,427,1,11,441,spatial_sustained,0.9737,True
8573,427,427,1,1,417,spatial_sustained,0.5937,False
8574,427,427,1,1,419,spatial_sustained,0.9942,False
8575,427,427,1,11,486,spatial_sustained,0.9077,True
8576,427,427,1,1,447,spatial_sustained,0.5005,False
8577,427,427,1,1,458,spatial_sustained,0.9783,False
8578,427,427,1,1,631,spatial_sustained,0.8747,False
8579,427,427,1,9,717,spatial_sustained,0.8656,True
8580,427,427,1,9,739,spatial_sustained,0.9758,True
8581,427,427,1,1,713,spatial_sustained,0.5366,False
8582,427,427,1,2,756,spatial_sustained,0.5778,True
8583,427,427,1,1,808,spatial_sustained,0.8154,False
8584,427,427,1,1,834,spatial_sustained,0.7857,False
8585,427,427,1,2,868,spatial_sustained,0.5181,True
8586,427,427,1,1,898,spatial_sustained,0.5043,False
8587,427,427,1,1,925,spatial_sustained,0.5337,False
8588,427,427,1,1,934,spatial_sustained,0.5062,False
8589,427,427,1,2,996,spatial_sustained,0.5712,True
8590,427,427,1,1,1014,spatial_sustained,0.5459,False
8591,427,427,1,1,1017,spatial_sustained,0.5327,False
8592,427,427,1,1,1020,spatial_sustained,0.9424,False
8593,428,428,1,1,24,spatial_sustained,0.5573,False
8594,428,428,1,1,70,spatial_sustained,0.5127,False
8595,428,428,1,1,82,spatial_sustained,0.8607,False
8596,428,428,1,11,118,spatial_sustained,0.733,True
8597,428,428,1,9,137,spatial_sustained,0.9457,True
8598,428,428,1,1,173,spatial_sustained,0.887,False
8599,428,428,1,1,192,spatial_sustained,0.8321,False
8600,428,428,1,2,237,spatial_sustained,0.5332,True
8601,428,428,1,14,283,spatial_sustained,0.7963,True
8602,428,428,1,1,273,spatial_sustained,0.5266,False
8603,428,428,1,2,333,spatial_sustained,0.5457,True
8604,428,428,1,1,339,spatial_sustained,0.5485,False
8605,428,428,1,1,367,spatial_sustained,0.5065,False
8606,428,428,1,9,440,spatial_sustained,0.9783,True
8607,428,428,1,1,413,spatial_sustained,0.5551,False
8608,428,428,1,1,419,spatial_sustained,0.9812,False
8609,428,428,1,1,433,spatial_sustained,0.5358,False
8610,428,428,1,9,487,spatial_sustained,0.991,True
8611,428,428,1,1,458,spatial_sustained,0.9637,False
8612,428,428,1,2,509,spatial_sustained,0.5751,True
8613,428,428,1,1,534,spatial_sustained,0.9616,False
8614,428,428,1,1,621,spatial_sustained,0.5869,False
8615,428,428,1,1,631,spatial_sustained,0.8774,False
8616,428,428,1,9,717,spatial_sustained,0.9057,True
8617,428,428,1,1,870,spatial_sustained,0.6169,False
8618,428,428,1,1,893,spatial_sustained,0.8255,False
8619,428,428,1,1,919,spatial_sustained,0.589,False
8620,428,428,1,9,964,spatial_sustained,0.8779,True
8621,428,428,1,1,1020,spatial_sustained,0.9569,False
8622,429,429,1,1,20,spatial_sustained,0.5251,False
8623,429,429,1,1,55,spatial_sustained,0.5401,False
8624,429,429,1,1,82,spatial_sustained,0.7241,False
8625,429,429,1,1,173,spatial_sustained,0.9855,False
8626,429,429,1,1,212,spatial_sustained,1.0,False
8627,429,429,1,1,225,spatial_sustained,0.8157,False
8628,429,429,1,10,283,spatial_sustained,0.8433,True
8629,429,429,1,1,260,spatial_sustained,0.6701,False
8630,429,429,1,1,318,spatial_sustained,0.6087,False
8631,429,429,1,9,440,spatial_sustained,0.8867,True
8632,429,429,1,1,419,spatial_sustained,0.8265,False
8633,429,429,1,9,487,spatial_sustained,0.9921,True
8634,429,429,1,1,458,spatial_sustained,0.9166,False
8635,429,429,1,1,534,spatial_sustained,0.9879,False
8636,429,429,1,1,631,spatial_sustained,0.8665,False
8637,429,429,1,9,717,spatial_sustained,0.8856,True
8638,429,429,1,9,964,spatial_sustained,0.929,True
8639,429,429,1,1,937,spatial_sustained,0.8179,False
8640,430,430,1,1,16,spatial_sustained,0.6406,False
8641,430,430,1,1,82,spatial_sustained,0.8688,False
8642,430,430,1,1,173,spatial_sustained,1.0,False
8643,430,430,1,1,212,spatial_sustained,0.9861,False
8644,430,430,1,10,283,spatial_sustained,0.9181,True
8645,430,430,1,1,260,spatial_sustained,0.8496,False
8646,430,430,1,1,338,spatial_sustained,0.5355,False
8647,430,430,1,1,409,spatial_sustained,0.5036,False
8648,430,430,1,1,419,spatial_sustained,0.9431,False
8649,430,430,1,1,449,spatial_sustained,0.5003,False
8650,430,430,1,9,487,spatial_sustained,0.9937,True
8651,430,430,1,1,458,spatial_sustained,0.9605,False
8652,430,430,1,1,631,spatial_sustained,0.8758,False
8653,430,430,1,9,717,spatial_sustained,0.8892,True
8654,430,430,1,2,841,spatial_sustained,0.6889,True
8655,430,430,1,12,963,spatial_sustained,0.8386,True
8656,430,430,1,1,919,spatial_sustained,0.5036,False
8657,430,430,1,1,944,spatial_sustained,0.5911,False
8658,430,430,1,2,1017,spatial_sustained,0.6689,True
8659,431,431,1,1,29,spatial_sustained,0.6322,False
8660,431,431,1,1,82,spatial_sustained,0.8237,False
8661,431,431,1,9,204,spatial_sustained,0.8407,True
8662,431,431,1,1,178,spatial_sustained,0.5259,False
8663,431,431,1,1,212,spatial_sustained,0.9457,False
8664,431,431,1,11,282,spatial_sustained,0.8909,True
8665,431,431,1,1,260,spatial_sustained,0.7203,False
8666,431,431,1,1,419,spatial_sustained,0.9766,False
8667,431,431,1,10,487,spatial_sustained,0.9469,True
8668,431,431,1,1,458,spatial_sustained,0.9514,False
8669,431,431,1,1,631,spatial_sustained,0.8676,False
8670,431,431,1,1,670,spatial_sustained,0.5185,False
8671,431,431,1,9,717,spatial_sustained,0.8898,True
8672,431,431,1,1,722,spatial_sustained,0.8058,False
8673,431,431,1,1,808,spatial_sustained,0.8137,False
8674,431,431,1,2,865,spatial_sustained,0.6133,True
8675,431,431,1,9,964,spatial_sustained,0.9391,True
8676,431,431,1,1,1003,spatial_sustained,0.5471,False
8677,432,432,1,9,204,spatial_sustained,0.6338,True
8678,432,432,1,10,283,spatial_sustained,0.7889,True
8679,432,432,1,1,417,spatial_sustained,0.5988,False
8680,432,432,1,9,717,spatial_sustained,0.6334,True
8681,432,432,1,6,964,spatial_sustained,0.6275,True
8682,432,432,1,1,960,spatial_sustained,0.7166,False
8683,433,433,1,3,61,spatial_sustained,0.5342,True
8684,433,433,1,9,118,spatial_sustained,0.8722,True
8685,433,433,1,9,204,spatial_sustained,0.5916,True
8686,433,433,1,2,221,spatial_sustained,0.5257,True
8687,433,433,1,1,283,spatial_sustained,0.5209,False
8688,433,433,1,1,318,spatial_sustained,0.5109,False
8689,433,433,1,1,348,spatial_sustained,1.0,False
8690,433,433,1,9,717,spatial_sustained,0.6209,True
8691,433,433,1,1,722,spatial_sustained,0.8054,False
8692,433,433,1,1,734,spatial_sustained,0.5901,False
8693,433,433,1,6,964,spatial_sustained,0.5891,True
8694,433,433,1,1,999,spatial_sustained,0.8095,False
8695,434,434,1,2,93,spatial_sustained,0.623,True
8696,434,434,1,9,118,spatial_sustained,0.9302,True
8697,434,434,1,2,153,spatial_sustained,0.516,True
8698,434,434,1,9,167,spatial_sustained,0.9021,True
8699,434,434,1,4,210,spatial_sustained,0.5464,True
8700,434,434,1,9,204,spatial_sustained,0.832,True
8701,434,434,1,50,314,spatial_sustained,0.5894,True
8702,434,434,1,1,271,spatial_sustained,0.5931,False
8703,434,434,1,4,338,spatial_sustained,0.5647,True
8704,434,434,1,1,415,spatial_sustained,0.5111,False
8705,434,434,1,3,455,spatial_sustained,0.5739,True
8706,434,434,1,1,457,spatial_sustained,0.5225,False
8707,434,434,1,2,485,spatial_sustained,0.6195,True
8708,434,434,1,2,530,spatial_sustained,0.5663,True
8709,434,434,1,1,500,spatial_sustained,0.5002,False
8710,434,434,1,31,670,spatial_sustained,0.5701,True
8711,434,434,1,1,575,spatial_sustained,0.5046,False
8712,434,434,1,13,676,spatial_sustained,0.553,True
8713,434,434,1,1,610,spatial_sustained,0.5973,False
8714,434,434,1,1,618,spatial_sustained,0.5018,False
8715,434,434,1,3,624,spatial_sustained,0.5347,True
8716,434,434,1,1,660,spatial_sustained,0.6269,False
8717,434,434,1,1,684,spatial_sustained,0.5342,False
8718,434,434,1,2,750,spatial_sustained,0.5544,True
8719,434,434,1,2,757,spatial_sustained,0.6629,True
8720,434,434,1,3,795,spatial_sustained,0.5255,True
8721,434,434,1,1,808,spatial_sustained,0.6467,False
8722,434,434,1,1,819,spatial_sustained,0.5134,False
8723,434,434,1,11,944,spatial_sustained,0.7647,True
8724,434,434,1,1,884,spatial_sustained,0.5085,False
8725,434,434,1,1,918,spatial_sustained,0.551,False
8726,434,434,1,1,921,spatial_sustained,0.5161,False
8727,434,434,1,12,963,spatial_sustained,0.7106,True
8728,434,434,1,1,980,spatial_sustained,0.5511,False
8729,434,434,1,1,991,spatial_sustained,0.5764,False
8730,435,435,1,1,20,spatial_sustained,0.8121,False
8731,435,435,1,1,24,spatial_sustained,0.7321,False
8732,435,435,1,10,119,spatial_sustained,0.9085,True
8733,435,435,1,22,251,spatial_sustained,0.5777,True
8734,435,435,1,9,167,spatial_sustained,0.9534,True
8735,435,435,1,1,154,spatial_sustained,0.5067,False
8736,435,435,1,1,242,spatial_sustained,0.535,False
8737,435,435,1,1,247,spatial_sustained,0.5555,False
8738,435,435,1,2,357,spatial_sustained,0.5417,True
8739,435,435,1,11,409,spatial_sustained,0.5636,True
8740,435,435,1,4,478,spatial_sustained,0.5434,True
8741,435,435,1,1,419,spatial_sustained,0.5179,False
8742,435,435,1,1,430,spatial_sustained,0.6366,False
8743,435,435,1,1,448,spatial_sustained,0.5264,False
8744,435,435,1,1,506,spatial_sustained,0.5044,False
8745,435,435,1,1,512,spatial_sustained,0.6152,False
8746,435,435,1,4,551,spatial_sustained,0.6729,True
8747,435,435,1,1,527,spatial_sustained,0.5395,False
8748,435,435,1,3,532,spatial_sustained,0.5507,True
8749,435,435,1,1,575,spatial_sustained,0.5059,False
8750,435,435,1,1,588,spatial_sustained,0.5188,False
8751,435,435,1,2,623,spatial_sustained,0.5313,True
8752,435,435,1,20,698,spatial_sustained,0.5652,True
8753,435,435,1,1,707,spatial_sustained,0.5644,False
8754,435,435,1,1,753,spatial_sustained,0.5371,False
8755,435,435,1,1,766,spatial_sustained,0.6374,False
8756,435,435,1,2,840,spatial_sustained,0.8118,True
8757,435,435,1,5,852,spatial_sustained,0.5383,True
8758,435,435,1,1,830,spatial_sustained,0.577,False
8759,435,435,1,1,878,spatial_sustained,0.5416,False
8760,435,435,1,12,974,spatial_sustained,0.7316,True
8761,435,435,1,7,934,spatial_sustained,0.6376,True
8762,435,435,1,4,981,spatial_sustained,0.5437,True
8763,435,435,1,1,1001,spatial_sustained,0.5723,False
8764,436,436,1,3,44,spatial_sustained,0.534,True
8765,436,436,1,1,24,spatial_sustained,0.6401,False
8766,436,436,1,6,122,spatial_sustained,0.5777,True
8767,436,436,1,45,248,spatial_sustained,0.718,True
8768,436,436,1,3,142,spatial_sustained,0.5749,True
8769,436,436,1,9,167,spatial_sustained,0.963,True
8770,436,436,1,1,207,spatial_sustained,0.5582,False
8771,436,436,1,9,306,spatial_sustained,0.543,True
8772,436,436,1,1,335,spatial_sustained,0.5059,False
8773,436,436,1,1,374,spatial_sustained,0.5123,False
8774,436,436,1,2,385,spatial_sustained,0.5151,True
8775,436,436,1,2,450,spatial_sustained,0.617,True
8776,436,436,1,2,455,spatial_sustained,0.5939,True
8777,436,436,1,15,500,spatial_sustained,0.5609,True
8778,436,436,1,4,476,spatial_sustained,0.5554,True
8779,436,436,1,1,446,spatial_sustained,0.5551,False
8780,436,436,1,2,522,spatial_sustained,0.5424,True
8781,436,436,1,1,493,spatial_sustained,0.5465,False
8782,436,436,1,1,496,spatial_sustained,0.5346,False
8783,436,436,1,1,557,spatial_sustained,0.5042,False
8784,436,436,1,6,624,spatial_sustained,0.7591,True
8785,436,436,1,4,636,spatial_sustained,0.5678,True
8786,436,436,1,12,694,spatial_sustained,0.587,True
8787,436,436,1,1,700,spatial_sustained,0.5758,False
8788,436,436,1,1,707,spatial_sustained,0.5321,False
8789,436,436,1,2,751,spatial_sustained,0.5785,True
8790,436,436,1,19,912,spatial_sustained,0.6752,True
8791,436,436,1,1,871,spatial_sustained,0.5101,False
8792,436,436,1,1,908,spatial_sustained,0.564,False
8793,436,436,1,2,980,spatial_sustained,0.5949,True
8794,436,436,1,1,1016,spatial_sustained,0.6559,False
8795,437,437,1,1,1,spatial_sustained,0.5149,False
8796,437,437,1,1,12,spatial_sustained,0.6418,False
8797,437,437,1,256,377,spatial_sustained,0.6512,True
8798,437,437,1,1,41,spatial_sustained,0.5691,False
8799,437,437,1,1,48,spatial_sustained,0.5247,False
8800,437,437,1,1,66,spatial_sustained,0.556,False
8801,437,437,1,1,112,spatial_sustained,0.9,False
8802,437,437,1,2,132,spatial_sustained,0.5152,True
8803,437,437,1,14,198,spatial_sustained,0.8229,True
8804,437,437,1,1,261,spatial_sustained,0.5387,False
8805,437,437,1,1,321,spatial_sustained,0.6522,False
8806,437,437,1,2,396,spatial_sustained,0.5229,True
8807,437,437,1,2,394,spatial_sustained,0.6587,True
8808,437,437,1,13,487,spatial_sustained,0.8248,True
8809,437,437,1,3,458,spatial_sustained,0.5474,True
8810,437,437,1,3,481,spatial_sustained,0.5817,True
8811,437,437,1,1,544,spatial_sustained,0.5173,False
8812,437,437,1,9,680,spatial_sustained,0.8881,True
8813,437,437,1,1,677,spatial_sustained,0.5071,False
8814,437,437,1,1,705,spatial_sustained,0.5399,False
8815,437,437,1,1,753,spatial_sustained,0.7096,False
8816,437,437,1,1,799,spatial_sustained,0.5216,False
8817,437,437,1,1,800,spatial_sustained,0.526,False
8818,437,437,1,1,810,spatial_sustained,0.5456,False
8819,437,437,1,11,877,spatial_sustained,0.5985,True
8820,437,437,1,1,903,spatial_sustained,0.5001,False
8821,437,437,1,1,931,spatial_sustained,0.5033,False
8822,437,437,1,3,975,spatial_sustained,0.5647,True
8823,437,437,1,1,965,spatial_sustained,0.6202,False
8824,437,437,1,1,967,spatial_sustained,0.5384,False
8825,437,437,1,1,969,spatial_sustained,0.6043,False
8826,437,437,1,1,971,spatial_sustained,0.6323,False
8827,438,438,1,425,456,spatial_sustained,0.6663,True
8828,438,438,1,1,33,spatial_sustained,0.6192,False
8829,438,438,1,1,40,spatial_sustained,0.5725,False
8830,438,438,1,2,100,spatial_sustained,0.5552,True
8831,438,438,1,1,288,spatial_sustained,0.8177,False
8832,438,438,1,1,303,spatial_sustained,0.5114,False
8833,438,438,1,1,386,spatial_sustained,0.5703,False
8834,438,438,1,1,738,spatial_sustained,0.5782,False
8835,438,438,1,1,777,spatial_sustained,0.5225,False
8836,438,438,1,1,805,spatial_sustained,0.5601,False
8837,438,438,1,1,870,spatial_sustained,0.5192,False
8838,438,438,1,7,948,spatial_sustained,0.5551,True
8839,438,438,1,1,893,spatial_sustained,0.599,False
8840,438,438,1,1,900,spatial_sustained,0.5757,False
8841,438,438,1,1,964,spatial_sustained,0.5075,False
8842,438,438,1,3,975,spatial_sustained,0.5527,True
8843,438,438,1,2,1021,spatial_sustained,0.5966,True
8844,439,439,1,377,322,spatial_sustained,0.6511,True
8845,439,439,1,1,352,spatial_sustained,0.5345,False
8846,439,439,1,24,527,spatial_sustained,0.5953,True
8847,439,439,1,3,511,spatial_sustained,0.5901,True
8848,439,439,1,1,520,spatial_sustained,0.5146,False
8849,439,439,1,1,546,spatial_sustained,0.5128,False
8850,439,439,1,1,548,spatial_sustained,0.5188,False
8851,439,439,1,1,640,spatial_sustained,0.8687,False
8852,439,439,1,9,680,spatial_sustained,0.9246,True
8853,439,439,1,5,771,spatial_sustained,0.5646,True
8854,439,439,1,32,971,spatial_sustained,0.5728,True
8855,439,439,1,1,867,spatial_sustained,0.5968,False
8856,439,439,1,1,877,spatial_sustained,0.5238,False
8857,439,439,1,1,928,spatial_sustained,0.5968,False
8858,439,439,1,9,965,spatial_sustained,0.6047,True
8859,440,440,1,13,66,spatial_sustained,0.5675,True
8860,440,440,1,301,312,spatial_sustained,0.6286,True
8861,440,440,1,2,64,spatial_sustained,0.8069,True
8862,440,440,1,1,115,spatial_sustained,0.5203,False
8863,440,440,1,2,193,spatial_sustained,0.6913,True
8864,440,440,1,2,327,spatial_sustained,0.5462,True
8865,440,440,1,3,356,spatial_sustained,0.5593,True
8866,440,440,1,1,396,spatial_sustained,0.5128,False
8867,440,440,1,2,452,spatial_sustained,0.5316,True
8868,440,440,1,1,426,spatial_sustained,0.5726,False
8869,440,440,1,2,455,spatial_sustained,0.538,True
8870,440,440,1,1,500,spatial_sustained,0.5095,False
8871,440,440,1,1,520,spatial_sustained,0.5272,False
8872,440,440,1,5,557,spatial_sustained,0.5426,True
8873,440,440,1,1,546,spatial_sustained,0.5243,False
8874,440,440,1,1,560,spatial_sustained,0.5042,False
8875,440,440,1,1,640,spatial_sustained,0.9342,False
8876,440,440,1,1,767,spatial_sustained,0.5066,False
8877,440,440,1,1,828,spatial_sustained,0.5036,False
8878,440,440,1,1,875,spatial_sustained,0.5186,False
8879,440,440,1,3,922,spatial_sustained,0.5305,True
8880,440,440,1,4,978,spatial_sustained,0.5707,True
8881,440,440,1,1,928,spatial_sustained,0.5621,False
8882,440,440,1,4,975,spatial_sustained,0.5671,True
8883,440,440,1,1,1023,spatial_sustained,0.5317,False
8884,441,441,1,1,2,spatial_sustained,0.5743,False
8885,441,441,1,1,4,spatial_sustained,0.5246,False
8886,441,441,1,1,6,spatial_sustained,0.5037,False
8887,441,441,1,7,71,spatial_sustained,0.5773,True
8888,441,441,1,199,282,spatial_sustained,0.6159,True
8889,441,441,1,1,32,spatial_sustained,0.6382,False
8890,441,441,1,4,76,spatial_sustained,0.5428,True
8891,441,441,1,1,93,spatial_sustained,0.5423,False
8892,441,441,1,1,112,spatial_sustained,0.7508,False
8893,441,441,1,1,128,spatial_sustained,0.7258,False
8894,441,441,1,1,426,spatial_sustained,0.633,False
8895,441,441,1,1,428,spatial_sustained,0.5182,False
8896,441,441,1,1,452,spatial_sustained,0.5114,False
8897,441,441,1,6,519,spatial_sustained,0.5754,True
8898,441,441,1,64,780,spatial_sustained,0.5967,True
8899,441,441,1,1,586,spatial_sustained,0.5155,False
8900,441,441,1,1,591,spatial_sustained,0.5198,False
8901,441,441,1,1,614,spatial_sustained,0.5042,False
8902,441,441,1,35,758,spatial_sustained,0.655,True
8903,441,441,1,1,638,spatial_sustained,0.5712,False
8904,441,441,1,1,640,spatial_sustained,0.9585,False
8905,441,441,1,5,874,spatial_sustained,0.5373,True
8906,441,441,1,1,940,spatial_sustained,0.5037,False
8907,441,441,1,3,1001,spatial_sustained,0.5566,True
8908,442,442,1,31,65,spatial_sustained,0.5955,True
8909,442,442,1,412,436,spatial_sustained,0.6313,True
8910,442,442,1,1,22,spatial_sustained,0.5002,False
8911,442,442,1,1,48,spatial_sustained,0.9416,False
8912,442,442,1,1,112,spatial_sustained,0.9,False
8913,442,442,1,1,129,spatial_sustained,0.5528,False
8914,442,442,1,1,192,spatial_sustained,0.7485,False
8915,442,442,1,1,452,spatial_sustained,0.5031,False
8916,442,442,1,1,576,spatial_sustained,0.5668,False
8917,442,442,1,1,640,spatial_sustained,0.9849,False
8918,442,442,1,1,690,spatial_sustained,0.5032,False
8919,442,442,1,1,799,spatial_sustained,0.5053,False
8920,442,442,1,2,884,spatial_sustained,0.5332,True
8921,442,442,1,4,986,spatial_sustained,0.539,True
8922,442,442,1,1,969,spatial_sustained,0.5205,False
8923,442,442,1,1,1021,spatial_sustained,0.5372,False
8924,443,443,1,19,36,spatial_sustained,0.6429,True
8925,443,443,1,6,76,spatial_sustained,0.5523,True
8926,443,443,1,2,51,spatial_sustained,0.6833,True
8927,443,443,1,413,466,spatial_sustained,0.6161,True
8928,443,443,1,1,48,spatial_sustained,0.9429,False
8929,443,443,1,1,60,spatial_sustained,0.5144,False
8930,443,443,1,1,112,spatial_sustained,0.8896,False
8931,443,443,1,1,192,spatial_sustained,0.5196,False
8932,443,443,1,1,578,spatial_sustained,0.5171,False
8933,443,443,1,1,612,spatial_sustained,0.9647,False
8934,443,443,1,6,771,spatial_sustained,0.5624,True
8935,443,443,1,1,942,spatial_sustained,0.5487,False
8936,443,443,1,1,992,spatial_sustained,0.5508,False
8937,443,443,1,1,1009,spatial_sustained,0.5132,False
8938,444,444,1,334,441,spatial_sustained,0.6117,True
8939,444,444,1,1,19,spatial_sustained,0.8609,False
8940,444,444,1,8,132,spatial_sustained,0.7116,True
8941,444,444,1,1,48,spatial_sustained,0.5081,False
8942,444,444,1,1,93,spatial_sustained,0.8614,False
8943,444,444,1,1,112,spatial_sustained,0.9,False
8944,444,444,1,2,193,spatial_sustained,0.8235,True
8945,444,444,1,3,322,spatial_sustained,0.5351,True
8946,444,444,1,2,327,spatial_sustained,0.5145,True
8947,444,444,1,2,424,spatial_sustained,0.5711,True
8948,444,444,1,1,450,spatial_sustained,0.5254,False
8949,444,444,1,5,518,spatial_sustained,0.5416,True
8950,444,444,1,1,512,spatial_sustained,0.5147,False
8951,444,444,1,1,530,spatial_sustained,0.5093,False
8952,444,444,1,4,642,spatial_sustained,0.5226,True
8953,444,444,1,1,612,spatial_sustained,0.9812,False
8954,444,444,1,18,898,spatial_sustained,0.5727,True
8955,444,444,1,2,799,spatial_sustained,0.5682,True
8956,444,444,1,4,922,spatial_sustained,0.548,True
8957,444,444,1,1,927,spatial_sustained,0.5549,False
8958,444,444,1,3,942,spatial_sustained,0.5742,True
8959,444,444,1,2,969,spatial_sustained,0.5337,True
8960,444,444,1,1,981,spatial_sustained,0.5188,False
8961,445,445,1,14,68,spatial_sustained,0.79,True
8962,445,445,1,1,8,spatial_sustained,0.5074,False
8963,445,445,1,1,19,spatial_sustained,0.8712,False
8964,445,445,1,1,72,spatial_sustained,0.9586,False
8965,445,445,1,3,108,spatial_sustained,0.5557,True
8966,445,445,1,2,112,spatial_sustained,0.6556,True
8967,445,445,1,1,93,spatial_sustained,0.946,False
8968,445,445,1,2,137,spatial_sustained,0.5304,True
8969,445,445,1,305,477,spatial_sustained,0.601,True
8970,445,445,1,13,233,spatial_sustained,0.5512,True
8971,445,445,1,1,392,spatial_sustained,0.522,False
8972,445,445,1,1,612,spatial_sustained,0.9824,False
8973,445,445,1,2,639,spatial_sustained,0.5544,True
8974,445,445,1,2,902,spatial_sustained,0.5467,True
8975,445,445,1,1,919,spatial_sustained,0.503,False
8976,445,445,1,1,942,spatial_sustained,0.508,False
8977,445,445,1,3,995,spatial_sustained,0.5349,True
8978,445,445,1,1,968,spatial_sustained,0.5115,False
8979,445,445,1,1,981,spatial_sustained,0.5112,False
8980,445,445,1,1,1019,spatial_sustained,0.5618,False
8981,446,446,1,8,99,spatial_sustained,0.93,True
8982,446,446,1,1,72,spatial_sustained,0.9693,False
8983,446,446,1,1,93,spatial_sustained,0.9746,False
8984,446,446,1,1,112,spatial_sustained,0.9,False
8985,446,446,1,19,216,spatial_sustained,0.562,True
8986,446,446,1,1,138,spatial_sustained,0.5177,False
8987,446,446,1,15,274,spatial_sustained,0.5543,True
8988,446,446,1,19,285,spatial_sustained,0.5829,True
8989,446,446,1,1,192,spatial_sustained,0.8521,False
8990,446,446,1,4,260,spatial_sustained,0.6796,True
8991,446,446,1,6,201,spatial_sustained,0.5539,True
8992,446,446,1,1,299,spatial_sustained,0.5028,False
8993,446,446,1,12,439,spatial_sustained,0.8758,True
8994,446,446,1,3,354,spatial_sustained,0.5204,True
8995,446,446,1,3,401,spatial_sustained,0.5207,True
8996,446,446,1,14,486,spatial_sustained,0.5433,True
8997,446,446,1,1,427,spatial_sustained,0.8871,False
8998,446,446,1,3,468,spatial_sustained,0.6774,True
8999,446,446,1,5,494,spatial_sustained,0.5223,True
9000,446,446,1,1,612,spatial_sustained,0.9789,False
9001,446,446,1,1,616,spatial_sustained,0.5396,False
9002,446,446,1,21,685,spatial_sustained,0.5541,True
9003,446,446,1,1,626,spatial_sustained,0.5016,False
9004,446,446,1,4,666,spatial_sustained,0.5308,True
9005,446,446,1,1,638,spatial_sustained,0.5851,False
9006,446,446,1,9,762,spatial_sustained,0.9496,True
9007,446,446,1,2,778,spatial_sustained,0.5054,True
9008,446,446,1,1,781,spatial_sustained,0.5048,False
9009,446,446,1,1,819,spatial_sustained,0.5279,False
9010,446,446,1,5,901,spatial_sustained,0.6277,True
9011,446,446,1,3,942,spatial_sustained,0.6319,True
9012,446,446,1,1,946,spatial_sustained,0.5151,False
9013,446,446,1,1,997,spatial_sustained,0.5402,False
9014,446,446,1,1,1015,spatial_sustained,0.5222,False
9015,446,446,1,1,1020,spatial_sustained,0.5346,False
9016,447,447,1,7,99,spatial_sustained,0.9355,True
9017,447,447,1,1,72,spatial_sustained,0.9742,False
9018,447,447,1,1,93,spatial_sustained,0.9914,False
9019,447,447,1,1,112,spatial_sustained,0.9,False
9020,447,447,1,1,122,spatial_sustained,0.568,False
9021,447,447,1,1,128,spatial_sustained,0.8595,False
9022,447,447,1,23,307,spatial_sustained,0.704,True
9023,447,447,1,5,217,spatial_sustained,0.557,True
9024,447,447,1,5,200,spatial_sustained,0.5447,True
9025,447,447,1,1,204,spatial_sustained,0.5024,False
9026,447,447,1,5,278,spatial_sustained,0.5351,True
9027,447,447,1,31,407,spatial_sustained,0.7356,True
9028,447,447,1,1,224,spatial_sustained,0.5079,False
9029,447,447,1,1,227,spatial_sustained,0.7684,False
9030,447,447,1,1,264,spatial_sustained,0.5046,False
9031,447,447,1,2,351,spatial_sustained,0.5445,True
9032,447,447,1,2,354,spatial_sustained,0.535,True
9033,447,447,1,1,357,spatial_sustained,0.5325,False
9034,447,447,1,1,416,spatial_sustained,0.542,False
9035,447,447,1,2,427,spatial_sustained,0.7197,True
9036,447,447,1,7,488,spatial_sustained,0.5549,True
9037,447,447,1,1,591,spatial_sustained,0.503,False
9038,447,447,1,1,612,spatial_sustained,0.9791,False
9039,447,447,1,1,614,spatial_sustained,0.5067,False
9040,447,447,1,1,626,spatial_sustained,0.5185,False
9041,447,447,1,1,638,spatial_sustained,0.5641,False
9042,447,447,1,8,718,spatial_sustained,0.5364,True
9043,447,447,1,11,761,spatial_sustained,0.8721,True
9044,447,447,1,1,677,spatial_sustained,0.5359,False
9045,447,447,1,2,690,spatial_sustained,0.5503,True
9046,447,447,1,1,707,spatial_sustained,0.5295,False
9047,447,447,1,13,777,spatial_sustained,0.5429,True
9048,447,447,1,1,756,spatial_sustained,0.5087,False
9049,447,447,1,18,866,spatial_sustained,0.7131,True
9050,447,447,1,1,860,spatial_sustained,0.5307,False
9051,447,447,1,1,907,spatial_sustained,0.5454,False
9052,447,447,1,1,999,spatial_sustained,0.8152,False
9053,448,448,1,15,69,spatial_sustained,0.7437,True
9054,448,448,1,1,12,spatial_sustained,0.6181,False
9055,448,448,1,1,21,spatial_sustained,0.5337,False
9056,448,448,1,1,30,spatial_sustained,0.7019,False
9057,448,448,1,1,42,spatial_sustained,0.5761,False
9058,448,448,1,1,72,spatial_sustained,0.5837,False
9059,448,448,1,144,308,spatial_sustained,0.6129,True
9060,448,448,1,1,112,spatial_sustained,0.77,False
9061,448,448,1,3,204,spatial_sustained,0.5298,True
9062,448,448,1,3,228,spatial_sustained,0.5444,True
9063,448,448,1,7,322,spatial_sustained,0.5634,True
9064,448,448,1,2,427,spatial_sustained,0.7268,True
9065,448,448,1,8,514,spatial_sustained,0.5437,True
9066,448,448,1,4,493,spatial_sustained,0.5542,True
9067,448,448,1,3,467,spatial_sustained,0.5431,True
9068,448,448,1,4,519,spatial_sustained,0.5664,True
9069,448,448,1,1,529,spatial_sustained,0.5113,False
9070,448,448,1,1,586,spatial_sustained,0.5596,False
9071,448,448,1,1,588,spatial_sustained,0.5103,False
9072,448,448,1,1,623,spatial_sustained,0.6128,False
9073,448,448,1,13,726,spatial_sustained,0.5502,True
9074,448,448,1,29,769,spatial_sustained,0.6772,True
9075,448,448,1,9,683,spatial_sustained,0.5782,True
9076,448,448,1,4,689,spatial_sustained,0.5522,True
9077,448,448,1,10,762,spatial_sustained,0.9075,True
9078,448,448,1,2,785,spatial_sustained,0.5422,True
9079,448,448,1,5,808,spatial_sustained,0.5577,True
9080,448,448,1,1,844,spatial_sustained,0.5091,False
9081,448,448,1,13,934,spatial_sustained,0.6316,True
9082,448,448,1,9,940,spatial_sustained,0.5758,True
9083,448,448,1,8,950,spatial_sustained,0.5404,True
9084,448,448,1,4,977,spatial_sustained,0.5797,True
9085,448,448,1,10,988,spatial_sustained,0.5677,True
9086,448,448,1,1,925,spatial_sustained,0.5511,False
9087,449,449,1,1,29,spatial_sustained,0.5437,False
9088,449,449,1,1,34,spatial_sustained,0.52,False
9089,449,449,1,1,77,spatial_sustained,0.5657,False
9090,449,449,1,5,148,spatial_sustained,0.5908,True
9091,449,449,1,1,93,spatial_sustained,0.9945,False
9092,449,449,1,1,96,spatial_sustained,0.5196,False
9093,449,449,1,1,112,spatial_sustained,0.8944,False
9094,449,449,1,1,131,spatial_sustained,0.5968,False
9095,449,449,1,1,134,spatial_sustained,0.657,False
9096,449,449,1,8,217,spatial_sustained,0.5452,True
9097,449,449,1,1,198,spatial_sustained,0.5216,False
9098,449,449,1,6,276,spatial_sustained,0.5399,True
9099,449,449,1,3,279,spatial_sustained,0.5228,True
9100,449,449,1,8,317,spatial_sustained,0.5539,True
9101,449,449,1,1,329,spatial_sustained,0.9005,False
9102,449,449,1,8,410,spatial_sustained,0.8871,True
9103,449,449,1,1,427,spatial_sustained,0.9251,False
9104,449,449,1,1,480,spatial_sustained,0.5395,False
9105,449,449,1,9,762,spatial_sustained,0.9334,True
9106,449,449,1,8,833,spatial_sustained,0.9567,True
9107,449,449,1,1,822,spatial_sustained,0.537,False
9108,449,449,1,1,829,spatial_sustained,0.5837,False
9109,449,449,1,1,868,spatial_sustained,0.9869,False
9110,449,449,1,1,933,spatial_sustained,0.5181,False
9111,449,449,1,2,987,spatial_sustained,0.5074,True
9112,449,449,1,2,995,spatial_sustained,0.5158,True
9113,449,449,1,2,1007,spatial_sustained,0.5654,True
9114,450,450,1,1,0,spatial_sustained,0.5806,False
9115,450,450,1,6,148,spatial_sustained,0.613,True
9116,450,450,1,1,93,spatial_sustained,1.0,False
9117,450,450,1,3,121,spatial_sustained,0.5429,True
9118,450,450,1,1,192,spatial_sustained,0.8455,False
9119,450,450,1,5,217,spatial_sustained,0.5508,True
9120,450,450,1,5,306,spatial_sustained,0.5159,True
9121,450,450,1,3,279,spatial_sustained,0.535,True
9122,450,450,1,1,329,spatial_sustained,0.8974,False
9123,450,450,1,11,409,spatial_sustained,0.7774,True
9124,450,450,1,1,351,spatial_sustained,0.5253,False
9125,450,450,1,1,396,spatial_sustained,0.5121,False
9126,450,450,1,1,544,spatial_sustained,0.51,False
9127,450,450,1,12,802,spatial_sustained,0.8007,True
9128,450,450,1,10,762,spatial_sustained,0.8881,True
9129,450,450,1,1,735,spatial_sustained,0.5884,False
9130,450,450,1,1,757,spatial_sustained,0.6363,False
9131,450,450,1,1,772,spatial_sustained,0.5454,False
9132,450,450,1,1,791,spatial_sustained,0.5178,False
9133,450,450,1,1,816,spatial_sustained,0.5996,False
9134,450,450,1,2,831,spatial_sustained,0.668,True
9135,450,450,1,1,868,spatial_sustained,0.9797,False
9136,450,450,1,1,870,spatial_sustained,0.6792,False
9137,450,450,1,1,887,spatial_sustained,0.5813,False
9138,450,450,1,5,912,spatial_sustained,0.6143,True
9139,451,451,1,2,22,spatial_sustained,0.5575,True
9140,451,451,1,1,72,spatial_sustained,0.5204,False
9141,451,451,1,39,217,spatial_sustained,0.5662,True
9142,451,451,1,1,143,spatial_sustained,0.5025,False
9143,451,451,1,1,173,spatial_sustained,0.5257,False
9144,451,451,1,1,200,spatial_sustained,0.5342,False
9145,451,451,1,3,234,spatial_sustained,0.5264,True
9146,451,451,1,1,226,spatial_sustained,0.505,False
9147,451,451,1,2,292,spatial_sustained,0.529,True
9148,451,451,1,1,283,spatial_sustained,0.5088,False
9149,451,451,1,1,329,spatial_sustained,0.894,False
9150,451,451,1,10,409,spatial_sustained,0.8105,True
9151,451,451,1,1,445,spatial_sustained,0.5236,False
9152,451,451,1,1,451,spatial_sustained,0.5596,False
9153,451,451,1,4,487,spatial_sustained,0.5574,True
9154,451,451,1,2,546,spatial_sustained,0.5074,True
9155,451,451,1,1,548,spatial_sustained,0.528,False
9156,451,451,1,2,559,spatial_sustained,0.7098,True
9157,451,451,1,2,637,spatial_sustained,0.527,True
9158,451,451,1,14,802,spatial_sustained,0.7772,True
9159,451,451,1,2,653,spatial_sustained,0.5675,True
9160,451,451,1,15,791,spatial_sustained,0.5605,True
9161,451,451,1,2,714,spatial_sustained,0.6054,True
9162,451,451,1,12,763,spatial_sustained,0.8293,True
9163,451,451,1,2,818,spatial_sustained,0.6155,True
9164,451,451,1,2,901,spatial_sustained,0.5149,True
9165,451,451,1,4,914,spatial_sustained,0.5615,True
9166,451,451,1,1,892,spatial_sustained,0.5578,False
9167,451,451,1,2,905,spatial_sustained,0.54,True
9168,451,451,1,1,942,spatial_sustained,0.6348,False
9169,451,451,1,2,1018,spatial_sustained,0.5436,True
9170,451,451,1,1,1003,spatial_sustained,0.5486,False
9171,451,451,1,1,1008,spatial_sustained,0.6287,False
9172,451,451,1,2,1011,spatial_sustained,0.5136,True
9173,452,452,1,3,4,spatial_sustained,0.5146,True
9174,452,452,1,1,14,spatial_sustained,0.5563,False
9175,452,452,1,1,22,spatial_sustained,0.5198,False
9176,452,452,1,3,132,spatial_sustained,0.5355,True
9177,452,452,1,39,215,spatial_sustained,0.5439,True
9178,452,452,1,2,144,spatial_sustained,0.5343,True
9179,452,452,1,9,301,spatial_sustained,0.8535,True
9180,452,452,1,1,329,spatial_sustained,0.8887,False
9181,452,452,1,9,409,spatial_sustained,0.8363,True
9182,452,452,1,1,383,spatial_sustained,0.5071,False
9183,452,452,1,1,393,spatial_sustained,0.5031,False
9184,452,452,1,1,416,spatial_sustained,0.5205,False
9185,452,452,1,1,436,spatial_sustained,0.5153,False
9186,452,452,1,3,487,spatial_sustained,0.5184,True
9187,452,452,1,1,458,spatial_sustained,0.5083,False
9188,452,452,1,1,479,spatial_sustained,0.5062,False
9189,452,452,1,1,500,spatial_sustained,0.5126,False
9190,452,452,1,2,516,spatial_sustained,0.5078,True
9191,452,452,1,1,522,spatial_sustained,0.5001,False
9192,452,452,1,3,576,spatial_sustained,0.546,True
9193,452,452,1,1,558,spatial_sustained,0.9849,False
9194,452,452,1,2,586,spatial_sustained,0.5158,True
9195,452,452,1,1,640,spatial_sustained,0.5069,False
9196,452,452,1,5,723,spatial_sustained,0.5276,True
9197,452,452,1,1,662,spatial_sustained,0.5069,False
9198,452,452,1,3,716,spatial_sustained,0.5209,True
9199,452,452,1,6,732,spatial_sustained,0.5339,True
9200,452,452,1,1,727,spatial_sustained,0.5084,False
9201,452,452,1,1,751,spatial_sustained,0.5586,False
9202,452,452,1,8,833,spatial_sustained,0.9317,True
9203,452,452,1,4,820,spatial_sustained,0.6294,True
9204,452,452,1,1,877,spatial_sustained,0.5191,False
9205,452,452,1,6,941,spatial_sustained,0.5969,True
9206,452,452,1,4,917,spatial_sustained,0.5898,True
9207,452,452,1,1,890,spatial_sustained,0.5606,False
9208,452,452,1,1,927,spatial_sustained,0.5341,False
9209,452,452,1,1,953,spatial_sustained,0.5433,False
9210,452,452,1,1,980,spatial_sustained,0.5078,False
9211,452,452,1,1,1017,spatial_sustained,0.535,False
9212,453,453,1,3,36,spatial_sustained,0.5733,True
9213,453,453,1,43,242,spatial_sustained,0.5491,True
9214,453,453,1,1,21,spatial_sustained,0.5986,False
9215,453,453,1,9,62,spatial_sustained,0.7516,True
9216,453,453,1,1,48,spatial_sustained,0.5107,False
9217,453,453,1,2,89,spatial_sustained,0.5135,True
9218,453,453,1,1,97,spatial_sustained,0.5058,False
9219,453,453,1,6,254,spatial_sustained,0.5783,True
9220,453,453,1,2,227,spatial_sustained,0.5414,True
9221,453,453,1,1,257,spatial_sustained,0.5049,False
9222,453,453,1,10,302,spatial_sustained,0.8849,True
9223,453,453,1,1,322,spatial_sustained,0.5308,False
9224,453,453,1,1,329,spatial_sustained,0.8853,False
9225,453,453,1,3,379,spatial_sustained,0.5486,True
9226,453,453,1,12,535,spatial_sustained,0.79,True
9227,453,453,1,6,488,spatial_sustained,0.5428,True
9228,453,453,1,3,475,spatial_sustained,0.523,True
9229,453,453,1,10,512,spatial_sustained,0.5353,True
9230,453,453,1,10,593,spatial_sustained,0.5559,True
9231,453,453,1,5,571,spatial_sustained,0.5298,True
9232,453,453,1,1,558,spatial_sustained,0.9983,False
9233,453,453,1,1,575,spatial_sustained,0.5392,False
9234,453,453,1,4,609,spatial_sustained,0.5225,True
9235,453,453,1,4,670,spatial_sustained,0.5485,True
9236,453,453,1,1,653,spatial_sustained,0.5058,False
9237,453,453,1,39,851,spatial_sustained,0.5712,True
9238,453,453,1,5,744,spatial_sustained,0.5427,True
9239,453,453,1,2,748,spatial_sustained,0.6331,True
9240,453,453,1,2,764,spatial_sustained,0.5114,True
9241,453,453,1,1,753,spatial_sustained,0.5327,False
9242,453,453,1,1,761,spatial_sustained,0.5168,False
9243,453,453,1,26,898,spatial_sustained,0.6965,True
9244,453,453,1,1,808,spatial_sustained,0.5836,False
9245,453,453,1,2,922,spatial_sustained,0.5369,True
9246,453,453,1,1,914,spatial_sustained,0.5094,False
9247,453,453,1,4,1001,spatial_sustained,0.542,True
9248,453,453,1,1,990,spatial_sustained,0.8085,False
9249,453,453,1,1,1011,spatial_sustained,0.5452,False
9250,453,453,1,1,1015,spatial_sustained,0.5709,False
9251,453,453,1,1,1020,spatial_sustained,0.5625,False
9252,454,454,1,4,36,spatial_sustained,0.5449,True
9253,454,454,1,3,9,spatial_sustained,0.5198,True
9254,454,454,1,1,14,spatial_sustained,0.5247,False
9255,454,454,1,4,50,spatial_sustained,0.5428,True
9256,454,454,1,1,22,spatial_sustained,0.5078,False
9257,454,454,1,9,62,spatial_sustained,0.7796,True
9258,454,454,1,1,48,spatial_sustained,0.532,False
9259,454,454,1,5,117,spatial_sustained,0.5284,True
9260,454,454,1,11,215,spatial_sustained,0.5428,True
9261,454,454,1,1,96,spatial_sustained,0.5008,False
9262,454,454,1,1,99,spatial_sustained,0.5348,False
9263,454,454,1,4,210,spatial_sustained,0.5218,True
9264,454,454,1,3,187,spatial_sustained,0.5265,True
9265,454,454,1,1,202,spatial_sustained,0.5032,False
9266,454,454,1,8,323,spatial_sustained,0.5378,True
9267,454,454,1,8,318,spatial_sustained,0.543,True
9268,454,454,1,1,256,spatial_sustained,0.5118,False
9269,454,454,1,9,301,spatial_sustained,0.8961,True
9270,454,454,1,4,306,spatial_sustained,0.5203,True
9271,454,454,1,1,374,spatial_sustained,0.873,False
9272,454,454,1,1,426,spatial_sustained,0.5136,False
9273,454,454,1,3,447,spatial_sustained,0.5552,True
9274,454,454,1,4,520,spatial_sustained,0.6388,True
9275,454,454,1,9,536,spatial_sustained,0.9397,True
9276,454,454,1,1,528,spatial_sustained,0.8756,False
9277,454,454,1,4,581,spatial_sustained,0.5439,True
9278,454,454,1,1,558,spatial_sustained,0.9997,False
9279,454,454,1,1,576,spatial_sustained,0.5643,False
9280,454,454,1,1,616,spatial_sustained,0.5196,False
9281,454,454,1,1,640,spatial_sustained,0.5339,False
9282,454,454,1,67,793,spatial_sustained,0.5685,True
9283,454,454,1,1,664,spatial_sustained,0.5111,False
9284,454,454,1,7,713,spatial_sustained,0.5716,True
9285,454,454,1,10,800,spatial_sustained,0.5306,True
9286,454,454,1,6,829,spatial_sustained,0.5402,True
9287,454,454,1,2,813,spatial_sustained,0.558,True
9288,454,454,1,11,901,spatial_sustained,0.601,True
9289,454,454,1,1,962,spatial_sustained,0.6932,False
9290,454,454,1,2,1020,spatial_sustained,0.5821,True
9291,454,454,1,1,1023,spatial_sustained,0.5416,False
9292,455,455,1,1,14,spatial_sustained,0.5146,False
9293,455,455,1,8,62,spatial_sustained,0.7614,True
9294,455,455,1,3,117,spatial_sustained,0.6177,True
9295,455,455,1,1,119,spatial_sustained,0.5263,False
9296,455,455,1,1,166,spatial_sustained,0.5037,False
9297,455,455,1,1,179,spatial_sustained,0.5072,False
9298,455,455,1,1,191,spatial_sustained,0.5284,False
9299,455,455,1,1,215,spatial_sustained,0.5042,False
9300,455,455,1,2,249,spatial_sustained,0.5058,True
9301,455,455,1,2,243,spatial_sustained,0.5101,True
9302,455,455,1,3,257,spatial_sustained,0.5431,True
9303,455,455,1,9,301,spatial_sustained,0.8769,True
9304,455,455,1,4,350,spatial_sustained,0.5718,True
9305,455,455,1,2,354,spatial_sustained,0.6828,True
9306,455,455,1,1,374,spatial_sustained,0.8784,False
9307,455,455,1,1,455,spatial_sustained,0.5314,False
9308,455,455,1,9,536,spatial_sustained,0.9668,True
9309,455,455,1,1,520,spatial_sustained,1.0,False
9310,455,455,1,2,560,spatial_sustained,0.8056,True
9311,455,455,1,1,545,spatial_sustained,0.5077,False
9312,455,455,1,1,558,spatial_sustained,1.0,False
9313,455,455,1,2,612,spatial_sustained,0.5366,True
9314,455,455,1,15,718,spatial_sustained,0.5394,True
9315,455,455,1,14,759,spatial_sustained,0.5445,True
9316,455,455,1,1,670,spatial_sustained,0.5591,False
9317,455,455,1,5,744,spatial_sustained,0.5561,True
9318,455,455,1,1,730,spatial_sustained,0.5193,False
9319,455,455,1,6,797,spatial_sustained,0.5394,True
9320,455,455,1,1,794,spatial_sustained,0.5372,False
9321,455,455,1,9,909,spatial_sustained,0.5635,True
9322,455,455,1,1,920,spatial_sustained,0.5495,False
9323,455,455,1,1,945,spatial_sustained,0.5582,False
9324,455,455,1,1,962,spatial_sustained,0.5655,False
9325,455,455,1,1,1005,spatial_sustained,0.5944,False
9326,455,455,1,1,1009,spatial_sustained,0.5101,False
9327,456,456,1,8,92,spatial_sustained,0.6003,True
9328,456,456,1,9,301,spatial_sustained,0.6387,True
9329,456,456,1,2,353,spatial_sustained,0.7426,True
9330,456,456,1,1,374,spatial_sustained,0.7281,False
9331,456,456,1,9,536,spatial_sustained,0.9801,True
9332,456,456,1,2,552,spatial_sustained,0.8046,True
9333,456,456,1,1,528,spatial_sustained,0.6067,False
9334,456,456,1,1,558,spatial_sustained,1.0,False
9335,456,456,1,1,808,spatial_sustained,0.6903,False
9336,457,457,1,7,62,spatial_sustained,0.5953,True
9337,457,457,1,1,32,spatial_sustained,0.8076,False
9338,457,457,1,1,54,spatial_sustained,0.8568,False
9339,457,457,1,9,301,spatial_sustained,0.6222,True
9340,457,457,1,1,353,spatial_sustained,0.912,False
9341,457,457,1,1,374,spatial_sustained,0.7155,False
9342,457,457,1,9,536,spatial_sustained,0.9914,True
9343,457,457,1,1,520,spatial_sustained,1.0,False
9344,457,457,1,1,528,spatial_sustained,0.6073,False
9345,457,457,1,1,592,spatial_sustained,0.5743,False
9346,458,458,1,1,0,spatial_sustained,0.8086,False
9347,458,458,1,10,62,spatial_sustained,0.6925,True
9348,458,458,1,1,54,spatial_sustained,0.9492,False
9349,458,458,1,1,134,spatial_sustained,0.5097,False
9350,458,458,1,9,217,spatial_sustained,0.5761,True
9351,458,458,1,1,178,spatial_sustained,0.54,False
9352,458,458,1,1,241,spatial_sustained,0.5889,False
9353,458,458,1,2,275,spatial_sustained,0.5112,True
9354,458,458,1,9,301,spatial_sustained,0.8056,True
9355,458,458,1,1,286,spatial_sustained,0.5372,False
9356,458,458,1,1,338,spatial_sustained,0.516,False
9357,458,458,1,2,380,spatial_sustained,0.5935,True
9358,458,458,1,1,351,spatial_sustained,0.5079,False
9359,458,458,1,3,393,spatial_sustained,0.5356,True
9360,458,458,1,5,408,spatial_sustained,0.6028,True
9361,458,458,1,4,520,spatial_sustained,0.7228,True
9362,458,458,1,4,515,spatial_sustained,0.5755,True
9363,458,458,1,12,537,spatial_sustained,0.8815,True
9364,458,458,1,6,577,spatial_sustained,0.5958,True
9365,458,458,1,1,528,spatial_sustained,0.7119,False
9366,458,458,1,1,573,spatial_sustained,0.5003,False
9367,458,458,1,1,579,spatial_sustained,0.5309,False
9368,458,458,1,1,592,spatial_sustained,0.8332,False
9369,458,458,1,1,594,spatial_sustained,0.5196,False
9370,458,458,1,1,660,spatial_sustained,0.5408,False
9371,458,458,1,14,729,spatial_sustained,0.5721,True
9372,458,458,1,2,701,spatial_sustained,0.5201,True
9373,458,458,1,1,706,spatial_sustained,0.5287,False
9374,458,458,1,3,744,spatial_sustained,0.5279,True
9375,458,458,1,1,722,spatial_sustained,0.8064,False
9376,458,458,1,3,796,spatial_sustained,0.5321,True
9377,458,458,1,2,804,spatial_sustained,0.5308,True
9378,458,458,1,1,858,spatial_sustained,0.5393,False
9379,458,458,1,2,942,spatial_sustained,0.6363,True
9380,458,458,1,1,950,spatial_sustained,0.5277,False
9381,459,459,1,7,62,spatial_sustained,0.7208,True
9382,459,459,1,1,54,spatial_sustained,0.937,False
9383,459,459,1,1,122,spatial_sustained,0.5093,False
9384,459,459,1,1,160,spatial_sustained,0.6087,False
9385,459,459,1,1,166,spatial_sustained,0.5052,False
9386,459,459,1,4,210,spatial_sustained,0.526,True
9387,459,459,1,1,232,spatial_sustained,0.5444,False
9388,459,459,1,2,276,spatial_sustained,0.5722,True
9389,459,459,1,9,301,spatial_sustained,0.7887,True
9390,459,459,1,1,286,spatial_sustained,0.5052,False
9391,459,459,1,1,294,spatial_sustained,0.5055,False
9392,459,459,1,1,323,spatial_sustained,0.5163,False
9393,459,459,1,1,345,spatial_sustained,0.5166,False
9394,459,459,1,1,372,spatial_sustained,0.5106,False
9395,459,459,1,1,416,spatial_sustained,0.6393,False
9396,459,459,1,3,456,spatial_sustained,0.5498,True
9397,459,459,1,1,441,spatial_sustained,0.5192,False
9398,459,459,1,2,499,spatial_sustained,0.524,True
9399,459,459,1,9,536,spatial_sustained,0.5836,True
9400,459,459,1,1,493,spatial_sustained,0.5137,False
9401,459,459,1,9,591,spatial_sustained,0.8952,True
9402,459,459,1,1,658,spatial_sustained,0.5299,False
9403,459,459,1,12,775,spatial_sustained,0.8006,True
9404,459,459,1,1,722,spatial_sustained,0.8053,False
9405,459,459,1,2,762,spatial_sustained,0.5798,True
9406,459,459,1,2,765,spatial_sustained,0.5459,True
9407,459,459,1,6,741,spatial_sustained,0.5519,True
9408,459,459,1,1,752,spatial_sustained,0.5126,False
9409,459,459,1,2,912,spatial_sustained,0.5446,True
9410,459,459,1,1,960,spatial_sustained,0.6836,False
9411,459,459,1,1,975,spatial_sustained,0.5428,False
9412,459,459,1,1,1010,spatial_sustained,0.5311,False
9413,460,460,1,1,19,spatial_sustained,0.5099,False
9414,460,460,1,7,62,spatial_sustained,0.6883,True
9415,460,460,1,1,46,spatial_sustained,0.8626,False
9416,460,460,1,1,54,spatial_sustained,0.9051,False
9417,460,460,1,1,70,spatial_sustained,0.5594,False
9418,460,460,1,2,106,spatial_sustained,0.5153,True
9419,460,460,1,1,115,spatial_sustained,0.669,False
9420,460,460,1,2,129,spatial_sustained,0.5521,True
9421,460,460,1,3,180,spatial_sustained,0.5266,True
9422,460,460,1,2,274,spatial_sustained,0.6049,True
9423,460,460,1,2,348,spatial_sustained,0.512,True
9424,460,460,1,1,352,spatial_sustained,0.5369,False
9425,460,460,1,1,369,spatial_sustained,0.5893,False
9426,460,460,1,2,410,spatial_sustained,0.7352,True
9427,460,460,1,1,552,spatial_sustained,0.5788,False
9428,460,460,1,10,591,spatial_sustained,0.9411,True
9429,460,460,1,1,580,spatial_sustained,0.6024,False
9430,460,460,1,1,702,spatial_sustained,0.5176,False
9431,460,460,1,1,717,spatial_sustained,0.5891,False
9432,460,460,1,2,730,spatial_sustained,0.5255,True
9433,460,460,1,3,764,spatial_sustained,0.634,True
9434,460,460,1,9,776,spatial_sustained,0.9295,True
9435,460,460,1,1,768,spatial_sustained,0.5935,False
9436,460,460,1,1,822,spatial_sustained,0.6801,False
9437,460,460,1,1,864,spatial_sustained,0.5801,False
9438,460,460,1,1,980,spatial_sustained,0.5318,False
9439,460,460,1,1,991,spatial_sustained,0.5327,False
9440,461,461,1,2,46,spatial_sustained,0.7544,True
9441,461,461,1,1,28,spatial_sustained,0.5548,False
9442,461,461,1,1,52,spatial_sustained,0.5242,False
9443,461,461,1,1,66,spatial_sustained,0.8237,False
9444,461,461,1,1,68,spatial_sustained,0.5678,False
9445,461,461,1,1,150,spatial_sustained,0.6791,False
9446,461,461,1,1,166,spatial_sustained,0.6035,False
9447,461,461,1,1,257,spatial_sustained,0.7214,False
9448,461,461,1,2,350,spatial_sustained,0.5942,True
9449,461,461,1,2,353,spatial_sustained,0.6903,True
9450,461,461,1,1,409,spatial_sustained,1.0,False
9451,461,461,1,13,590,spatial_sustained,0.8944,True
9452,461,461,1,1,551,spatial_sustained,0.8071,False
9453,461,461,1,1,641,spatial_sustained,0.5337,False
9454,461,461,1,4,702,spatial_sustained,0.7012,True
9455,461,461,1,8,776,spatial_sustained,0.8657,True
9456,461,461,1,2,749,spatial_sustained,0.579,True
9457,461,461,1,2,797,spatial_sustained,0.8329,True
9458,461,461,1,8,917,spatial_sustained,0.8215,True
9459,461,461,1,4,969,spatial_sustained,0.6051,True
9460,461,461,1,1,1006,spatial_sustained,0.8282,False
9461,462,462,1,1,0,spatial_sustained,0.6666,False
9462,462,462,1,5,41,spatial_sustained,0.635,True
9463,462,462,1,1,45,spatial_sustained,0.5205,False
9464,462,462,1,3,79,spatial_sustained,0.5844,True
9465,462,462,1,1,66,spatial_sustained,0.9086,False
9466,462,462,1,1,69,spatial_sustained,0.566,False
9467,462,462,1,10,127,spatial_sustained,0.8702,True
9468,462,462,1,2,195,spatial_sustained,0.6895,True
9469,462,462,1,1,258,spatial_sustained,0.6825,False
9470,462,462,1,2,292,spatial_sustained,0.6134,True
9471,462,462,1,1,286,spatial_sustained,0.6008,False
9472,462,462,1,1,384,spatial_sustained,0.5515,False
9473,462,462,1,1,409,spatial_sustained,1.0,False
9474,462,462,1,9,591,spatial_sustained,0.9988,True
9475,462,462,1,1,638,spatial_sustained,0.5467,False
9476,462,462,1,9,698,spatial_sustained,0.8771,True
9477,462,462,1,2,708,spatial_sustained,0.5861,True
9478,462,462,1,8,776,spatial_sustained,0.8448,True
9479,462,462,1,1,765,spatial_sustained,0.9631,False
9480,462,462,1,2,803,spatial_sustained,0.6789,True
9481,462,462,1,1,831,spatial_sustained,0.6484,False
9482,462,462,1,1,832,spatial_sustained,0.5488,False
9483,462,462,1,9,917,spatial_sustained,0.8354,True
9484,462,462,1,2,920,spatial_sustained,0.5396,True
9485,462,462,1,7,934,spatial_sustained,0.6818,True
9486,462,462,1,5,987,spatial_sustained,0.6099,True
9487,462,462,1,1,1004,spatial_sustained,0.8124,False
9488,463,463,1,1,9,spatial_sustained,0.8532,False
9489,463,463,1,1,16,spatial_sustained,0.5082,False
9490,463,463,1,1,66,spatial_sustained,0.9379,False
9491,463,463,1,9,126,spatial_sustained,0.8964,True
9492,463,463,1,1,104,spatial_sustained,0.5176,False
9493,463,463,1,1,150,spatial_sustained,0.7131,False
9494,463,463,1,1,271,spatial_sustained,0.8615,False
9495,463,463,1,2,352,spatial_sustained,0.7164,True
9496,463,463,1,1,351,spatial_sustained,0.5322,False
9497,463,463,1,2,410,spatial_sustained,0.7613,True
9498,463,463,1,1,446,spatial_sustained,0.549,False
9499,463,463,1,3,560,spatial_sustained,0.6933,True
9500,463,463,1,9,698,spatial_sustained,0.9549,True
9501,463,463,1,8,776,spatial_sustained,0.893,True
9502,463,463,1,1,765,spatial_sustained,1.0,False
9503,463,463,1,7,896,spatial_sustained,0.6837,True
9504,463,463,1,9,917,spatial_sustained,0.8748,True
9505,463,463,1,1,888,spatial_sustained,0.6685,False
9506,463,463,1,6,935,spatial_sustained,0.6802,True
9507,463,463,1,1,939,spatial_sustained,0.5079,False
9508,463,463,1,2,1023,spatial_sustained,0.5516,True
9509,463,463,1,1,994,spatial_sustained,0.8053,False
9510,464,464,1,1,9,spatial_sustained,0.8496,False
9511,464,464,1,1,16,spatial_sustained,0.8093,False
9512,464,464,1,1,32,spatial_sustained,0.8105,False
9513,464,464,1,1,66,spatial_sustained,0.9432,False
9514,464,464,1,1,86,spatial_sustained,0.5295,False
9515,464,464,1,1,92,spatial_sustained,0.5334,False
9516,464,464,1,1,112,spatial_sustained,0.6702,False
9517,464,464,1,1,150,spatial_sustained,0.7827,False
9518,464,464,1,10,337,spatial_sustained,0.9018,True
9519,464,464,1,2,351,spatial_sustained,0.5063,True
9520,464,464,1,1,321,spatial_sustained,0.504,False
9521,464,464,1,2,415,spatial_sustained,0.5852,True
9522,464,464,1,1,419,spatial_sustained,0.6181,False
9523,464,464,1,1,672,spatial_sustained,0.5015,False
9524,464,464,1,1,844,spatial_sustained,0.5502,False
9525,464,464,1,3,897,spatial_sustained,0.6677,True
9526,464,464,1,9,917,spatial_sustained,0.9017,True
9527,464,464,1,1,952,spatial_sustained,0.5225,False
9528,464,464,1,1,968,spatial_sustained,1.0,False
9529,464,464,1,1,1014,spatial_sustained,0.7859,False
9530,465,465,1,1,9,spatial_sustained,0.8767,False
9531,465,465,1,1,26,spatial_sustained,0.5512,False
9532,465,465,1,1,66,spatial_sustained,0.9432,False
9533,465,465,1,1,192,spatial_sustained,0.5957,False
9534,465,465,1,10,337,spatial_sustained,0.9423,True
9535,465,465,1,10,428,spatial_sustained,0.8898,True
9536,465,465,1,1,419,spatial_sustained,0.5129,False
9537,465,465,1,7,479,spatial_sustained,0.5684,True
9538,465,465,1,1,480,spatial_sustained,0.5369,False
9539,465,465,1,1,544,spatial_sustained,0.5024,False
9540,465,465,1,1,672,spatial_sustained,0.6223,False
9541,465,465,1,2,767,spatial_sustained,0.7583,True
9542,465,465,1,1,831,spatial_sustained,0.8314,False
9543,465,465,1,1,832,spatial_sustained,0.7481,False
9544,465,465,1,1,840,spatial_sustained,0.5169,False
9545,465,465,1,9,917,spatial_sustained,0.8976,True
9546,465,465,1,1,930,spatial_sustained,0.9035,False
9547,465,465,1,1,968,spatial_sustained,1.0,False
9548,465,465,1,1,1016,spatial_sustained,0.5434,False
9549,466,466,1,1,9,spatial_sustained,0.9241,False
9550,466,466,1,1,26,spatial_sustained,0.8116,False
9551,466,466,1,1,37,spatial_sustained,0.5155,False
9552,466,466,1,1,66,spatial_sustained,0.9379,False
9553,466,466,1,1,166,spatial_sustained,0.6984,False
9554,466,466,1,1,271,spatial_sustained,0.9714,False
9555,466,466,1,10,428,spatial_sustained,0.9791,True
9556,466,466,1,1,412,spatial_sustained,0.5955,False
9557,466,466,1,1,559,spatial_sustained,0.5046,False
9558,466,466,1,9,631,spatial_sustained,0.8813,True
9559,466,466,1,1,611,spatial_sustained,0.542,False
9560,466,466,1,3,828,spatial_sustained,0.7156,True
9561,466,466,1,1,834,spatial_sustained,0.5142,False
9562,466,466,1,9,917,spatial_sustained,0.9133,True
9563,466,466,1,1,927,spatial_sustained,0.5466,False
9564,466,466,1,1,930,spatial_sustained,0.923,False
9565,466,466,1,2,968,spatial_sustained,0.8828,True
9566,466,466,1,1,952,spatial_sustained,0.7586,False
9567,466,466,1,1,974,spatial_sustained,0.5348,False
9568,466,466,1,1,1008,spatial_sustained,0.5203,False
9569,467,467,1,1,12,spatial_sustained,0.6334,False
9570,467,467,1,1,66,spatial_sustained,0.9404,False
9571,467,467,1,1,77,spatial_sustained,0.545,False
9572,467,467,1,5,195,spatial_sustained,0.6806,True
9573,467,467,1,2,257,spatial_sustained,0.5813,True
9574,467,467,1,1,271,spatial_sustained,0.9678,False
9575,467,467,1,1,321,spatial_sustained,0.5007,False
9576,467,467,1,11,427,spatial_sustained,0.951,True
9577,467,467,1,9,631,spatial_sustained,0.9559,True
9578,467,467,1,1,716,spatial_sustained,0.8795,False
9579,467,467,1,1,753,spatial_sustained,0.5013,False
9580,467,467,1,2,765,spatial_sustained,0.507,True
9581,467,467,1,1,861,spatial_sustained,0.9915,False
9582,467,467,1,10,918,spatial_sustained,0.914,True
9583,467,467,1,1,889,spatial_sustained,0.5436,False
9584,467,467,1,1,928,spatial_sustained,0.5639,False
9585,467,467,1,1,930,spatial_sustained,0.9259,False
9586,467,467,1,1,994,spatial_sustained,0.6413,False
9587,467,467,1,2,1007,spatial_sustained,0.7855,True
9588,467,467,1,1,1023,spatial_sustained,0.541,False
9589,468,468,1,1,32,spatial_sustained,0.532,False
9590,468,468,1,1,66,spatial_sustained,0.94,False
9591,468,468,1,1,106,spatial_sustained,0.5049,False
9592,468,468,1,4,163,spatial_sustained,0.6349,True
9593,468,468,1,9,219,spatial_sustained,0.8714,True
9594,468,468,1,1,226,spatial_sustained,0.7888,False
9595,468,468,1,1,382,spatial_sustained,0.7275,False
9596,468,468,1,10,428,spatial_sustained,0.9838,True
9597,468,468,1,1,412,spatial_sustained,0.5708,False
9598,468,468,1,2,449,spatial_sustained,0.532,True
9599,468,468,1,1,505,spatial_sustained,0.504,False
9600,468,468,1,9,631,spatial_sustained,0.9755,True
9601,468,468,1,1,608,spatial_sustained,0.5828,False
9602,468,468,1,1,716,spatial_sustained,0.9828,False
9603,468,468,1,1,734,spatial_sustained,0.5918,False
9604,468,468,1,1,756,spatial_sustained,0.5327,False
9605,468,468,1,1,761,spatial_sustained,0.5533,False
9606,468,468,1,1,861,spatial_sustained,0.9875,False
9607,468,468,1,10,918,spatial_sustained,0.9177,True
9608,468,468,1,1,925,spatial_sustained,0.5092,False
9609,468,468,1,1,930,spatial_sustained,0.8507,False
9610,468,468,1,1,933,spatial_sustained,0.5162,False
9611,468,468,1,1,1007,spatial_sustained,0.5569,False
9612,469,469,1,3,32,spatial_sustained,0.6336,True
9613,469,469,1,3,131,spatial_sustained,0.7089,True
9614,469,469,1,2,166,spatial_sustained,0.5832,True
9615,469,469,1,9,219,spatial_sustained,0.9704,True
9616,469,469,1,3,257,spatial_sustained,0.5366,True
9617,469,469,1,1,337,spatial_sustained,0.5085,False
9618,469,469,1,1,352,spatial_sustained,0.5033,False
9619,469,469,1,10,428,spatial_sustained,0.9839,True
9620,469,469,1,1,419,spatial_sustained,0.5062,False
9621,469,469,1,1,511,spatial_sustained,0.7592,False
9622,469,469,1,2,545,spatial_sustained,0.6146,True
9623,469,469,1,9,631,spatial_sustained,0.9752,True
9624,469,469,1,1,609,spatial_sustained,0.5558,False
9625,469,469,1,1,716,spatial_sustained,0.9839,False
9626,469,469,1,2,754,spatial_sustained,0.5544,True
9627,469,469,1,1,800,spatial_sustained,0.5711,False
9628,469,469,1,1,802,spatial_sustained,0.5491,False
9629,469,469,1,1,840,spatial_sustained,0.5433,False
9630,469,469,1,1,861,spatial_sustained,0.9885,False
9631,469,469,1,1,930,spatial_sustained,0.8092,False
9632,469,469,1,1,932,spatial_sustained,0.5229,False
9633,469,469,1,1,944,spatial_sustained,0.5521,False
9634,469,469,1,1,980,spatial_sustained,0.9854,False
9635,470,470,1,7,160,spatial_sustained,0.7702,True
9636,470,470,1,9,219,spatial_sustained,0.9853,True
9637,470,470,1,1,236,spatial_sustained,0.5188,False
9638,470,470,1,10,428,spatial_sustained,0.9829,True
9639,470,470,1,9,631,spatial_sustained,0.9744,True
9640,470,470,1,1,716,spatial_sustained,0.9825,False
9641,470,470,1,1,766,spatial_sustained,0.587,False
9642,470,470,1,1,861,spatial_sustained,0.9914,False
9643,470,470,1,1,872,spatial_sustained,0.8873,False
9644,470,470,1,1,895,spatial_sustained,0.6307,False
9645,470,470,1,1,956,spatial_sustained,0.8523,False
9646,470,470,1,1,958,spatial_sustained,0.514,False
9647,470,470,1,1,980,spatial_sustained,0.9837,False
9648,470,470,1,1,994,spatial_sustained,0.5251,False
9649,471,471,1,1,12,spatial_sustained,0.8659,False
9650,471,471,1,1,17,spatial_sustained,0.5618,False
9651,471,471,1,1,21,spatial_sustained,0.864,False
9652,471,471,1,1,112,spatial_sustained,0.6217,False
9653,471,471,1,7,131,spatial_sustained,0.8745,True
9654,471,471,1,1,176,spatial_sustained,0.5276,False
9655,471,471,1,9,219,spatial_sustained,0.9859,True
9656,471,471,1,10,428,spatial_sustained,0.982,True
9657,471,471,1,1,419,spatial_sustained,0.545,False
9658,471,471,1,1,505,spatial_sustained,0.6042,False
9659,471,471,1,9,764,spatial_sustained,0.8951,True
9660,471,471,1,1,861,spatial_sustained,0.9915,False
9661,471,471,1,1,872,spatial_sustained,0.9883,False
9662,471,471,1,1,895,spatial_sustained,0.6311,False
9663,471,471,1,1,907,spatial_sustained,0.5144,False
9664,471,471,1,1,956,spatial_sustained,0.9099,False
9665,471,471,1,1,980,spatial_sustained,1.0,False
9666,471,471,1,1,1007,spatial_sustained,0.6792,False
9667,472,472,1,1,0,spatial_sustained,0.8161,False
9668,472,472,1,1,12,spatial_sustained,0.9143,False
9669,472,472,1,1,21,spatial_sustained,0.9372,False
9670,472,472,1,1,65,spatial_sustained,0.5378,False
9671,472,472,1,1,112,spatial_sustained,0.5363,False
9672,472,472,1,6,131,spatial_sustained,0.9214,True
9673,472,472,1,10,219,spatial_sustained,0.956,True
9674,472,472,1,10,428,spatial_sustained,0.9832,True
9675,472,472,1,1,412,spatial_sustained,0.5373,False
9676,472,472,1,1,416,spatial_sustained,0.5106,False
9677,472,472,1,1,707,spatial_sustained,0.5666,False
9678,472,472,1,9,764,spatial_sustained,0.9394,True
9679,472,472,1,1,817,spatial_sustained,0.593,False
9680,472,472,1,1,872,spatial_sustained,1.0,False
9681,472,472,1,1,927,spatial_sustained,0.5523,False
9682,472,472,1,1,939,spatial_sustained,0.5449,False
9683,472,472,1,1,942,spatial_sustained,0.5034,False
9684,472,472,1,1,944,spatial_sustained,0.6486,False
9685,472,472,1,1,956,spatial_sustained,0.9378,False
9686,472,472,1,1,980,spatial_sustained,1.0,False
9687,472,472,1,1,985,spatial_sustained,0.5478,False
9688,472,472,1,1,1002,spatial_sustained,0.512,False
9689,472,472,1,1,1004,spatial_sustained,0.5614,False
9690,473,473,1,1,12,spatial_sustained,0.9121,False
9691,473,473,1,2,21,spatial_sustained,0.7686,True
9692,473,473,1,1,28,spatial_sustained,0.5502,False
9693,473,473,1,1,58,spatial_sustained,0.6178,False
9694,473,473,1,5,130,spatial_sustained,0.9237,True
9695,473,473,1,9,219,spatial_sustained,0.9998,True
9696,473,473,1,1,232,spatial_sustained,0.6624,False
9697,473,473,1,1,321,spatial_sustained,0.513,False
9698,473,473,1,1,460,spatial_sustained,0.5268,False
9699,473,473,1,1,552,spatial_sustained,0.8144,False
9700,473,473,1,8,765,spatial_sustained,0.9894,True
9701,473,473,1,1,773,spatial_sustained,0.5974,False
9702,473,473,1,1,808,spatial_sustained,0.8199,False
9703,473,473,1,1,956,spatial_sustained,0.9574,False
9704,473,473,1,1,980,spatial_sustained,1.0,False
9705,473,473,1,1,1004,spatial_sustained,0.5572,False
9706,474,474,1,1,12,spatial_sustained,0.9114,False
9707,474,474,1,1,21,spatial_sustained,0.9838,False
9708,474,474,1,1,176,spatial_sustained,0.7323,False
9709,474,474,1,9,219,spatial_sustained,0.9983,True
9710,474,474,1,2,264,spatial_sustained,0.5566,True
9711,474,474,1,1,236,spatial_sustained,0.5334,False
9712,474,474,1,1,552,spatial_sustained,0.6353,False
9713,474,474,1,1,567,spatial_sustained,0.5495,False
9714,474,474,1,1,722,spatial_sustained,0.5534,False
9715,474,474,1,1,808,spatial_sustained,0.823,False
9716,474,474,1,1,831,spatial_sustained,0.5419,False
9717,474,474,1,2,926,spatial_sustained,0.6927,True
9718,474,474,1,1,933,spatial_sustained,0.5754,False
9719,474,474,1,1,956,spatial_sustained,0.9741,False
9720,474,474,1,1,980,spatial_sustained,1.0,False
9721,475,475,1,1,15,spatial_sustained,0.5352,False
9722,475,475,1,1,21,spatial_sustained,0.9827,False
9723,475,475,1,1,64,spatial_sustained,0.5464,False
9724,475,475,1,8,100,spatial_sustained,0.8732,True
9725,475,475,1,1,86,spatial_sustained,0.5415,False
9726,475,475,1,9,172,spatial_sustained,0.887,True
9727,475,475,1,9,219,spatial_sustained,0.9954,True
9728,475,475,1,1,192,spatial_sustained,0.8512,False
9729,475,475,1,1,389,spatial_sustained,0.8983,False
9730,475,475,1,2,509,spatial_sustained,0.8748,True
9731,475,475,1,9,794,spatial_sustained,0.9108,True
9732,475,475,1,1,834,spatial_sustained,0.6017,False
9733,475,475,1,1,894,spatial_sustained,0.5163,False
9734,475,475,1,1,956,spatial_sustained,0.9832,False
9735,476,476,1,1,21,spatial_sustained,0.9836,False
9736,476,476,1,1,26,spatial_sustained,0.8148,False
9737,476,476,1,8,100,spatial_sustained,0.9447,True
9738,476,476,1,9,172,spatial_sustained,0.9901,True
9739,476,476,1,1,288,spatial_sustained,0.5478,False
9740,476,476,1,1,389,spatial_sustained,0.9333,False
9741,476,476,1,1,451,spatial_sustained,0.5058,False
9742,476,476,1,10,542,spatial_sustained,0.8786,True
9743,476,476,1,1,756,spatial_sustained,0.5906,False
9744,476,476,1,9,794,spatial_sustained,0.9524,True
9745,476,476,1,1,834,spatial_sustained,0.507,False
9746,476,476,1,1,927,spatial_sustained,0.8207,False
9747,476,476,1,1,956,spatial_sustained,0.9841,False
9748,477,477,1,1,0,spatial_sustained,0.8222,False
9749,477,477,1,1,15,spatial_sustained,0.811,False
9750,477,477,1,1,23,spatial_sustained,0.5794,False
9751,477,477,1,7,99,spatial_sustained,0.9901,True
9752,477,477,1,2,166,spatial_sustained,0.5697,True
9753,477,477,1,1,160,spatial_sustained,0.5456,False
9754,477,477,1,1,389,spatial_sustained,0.9353,False
9755,477,477,1,10,542,spatial_sustained,0.9453,True
9756,477,477,1,1,657,spatial_sustained,0.5447,False
9757,477,477,1,9,794,spatial_sustained,0.9501,True
9758,477,477,1,1,944,spatial_sustained,0.561,False
9759,477,477,1,1,956,spatial_sustained,0.9861,False
9760,477,477,1,1,1013,spatial_sustained,0.5979,False
9761,477,477,1,1,1017,spatial_sustained,0.5932,False
9762,477,477,1,1,1019,spatial_sustained,0.6385,False
9763,478,478,1,8,100,spatial_sustained,0.9367,True
9764,478,478,1,1,224,spatial_sustained,0.5352,False
9765,478,478,1,1,389,spatial_sustained,0.9398,False
9766,478,478,1,1,509,spatial_sustained,0.9949,False
9767,478,478,1,9,794,spatial_sustained,0.9484,True
9768,478,478,1,3,861,spatial_sustained,0.7056,True
9769,478,478,1,1,920,spatial_sustained,0.5774,False
9770,478,478,1,1,990,spatial_sustained,0.6345,False
9771,479,479,1,1,32,spatial_sustained,0.7338,False
9772,479,479,1,8,100,spatial_sustained,0.9138,True
9773,479,479,1,9,329,spatial_sustained,0.882,True
9774,479,479,1,1,344,spatial_sustained,0.8894,False
9775,479,479,1,1,352,spatial_sustained,0.6512,False
9776,479,479,1,1,417,spatial_sustained,0.7329,False
9777,479,479,1,1,509,spatial_sustained,0.9801,False
9778,479,479,1,1,551,spatial_sustained,0.5986,False
9779,479,479,1,1,756,spatial_sustained,0.7623,False
9780,479,479,1,9,794,spatial_sustained,0.9471,True
9781,479,479,1,2,861,spatial_sustained,0.7922,True
9782,480,480,1,1,67,spatial_sustained,0.9951,False
9783,480,480,1,1,161,spatial_sustained,0.8066,False
9784,480,480,1,9,329,spatial_sustained,0.6947,True
9785,480,480,1,1,344,spatial_sustained,0.8402,False
9786,480,480,1,1,442,spatial_sustained,0.5677,False
9787,480,480,1,1,509,spatial_sustained,0.9813,False
9788,480,480,1,2,517,spatial_sustained,0.5615,True
9789,480,480,1,1,551,spatial_sustained,0.8077,False
9790,480,480,1,1,560,spatial_sustained,0.7067,False
9791,480,480,1,9,663,spatial_sustained,0.9272,True
9792,480,480,1,11,795,spatial_sustained,0.6957,True
9793,480,480,1,1,924,spatial_sustained,0.5927,False
9794,480,480,1,1,927,spatial_sustained,0.5841,False
9795,480,480,1,1,985,spatial_sustained,0.5128,False
9796,480,480,1,1,988,spatial_sustained,0.5266,False
9797,481,481,1,1,102,spatial_sustained,0.8049,False
9798,481,481,1,9,185,spatial_sustained,0.6415,True
9799,481,481,1,18,296,spatial_sustained,0.6211,True
9800,481,481,1,1,344,spatial_sustained,0.8269,False
9801,481,481,1,1,551,spatial_sustained,0.6736,False
9802,481,481,1,9,663,spatial_sustained,0.987,True
9803,481,481,1,9,794,spatial_sustained,0.7043,True
9804,482,482,1,1,129,spatial_sustained,0.6147,False
9805,482,482,1,9,185,spatial_sustained,0.8493,True
9806,482,482,1,3,195,spatial_sustained,0.5998,True
9807,482,482,1,9,231,spatial_sustained,0.8395,True
9808,482,482,1,1,344,spatial_sustained,0.8957,False
9809,482,482,1,1,352,spatial_sustained,0.8211,False
9810,482,482,1,1,449,spatial_sustained,0.5733,False
9811,482,482,1,2,517,spatial_sustained,0.8537,True
9812,482,482,1,1,522,spatial_sustained,0.5772,False
9813,482,482,1,9,663,spatial_sustained,0.9952,True
9814,482,482,1,1,700,spatial_sustained,0.5062,False
9815,482,482,1,1,801,spatial_sustained,0.5837,False
9816,482,482,1,1,808,spatial_sustained,0.6609,False
9817,482,482,1,1,880,spatial_sustained,0.5582,False
9818,482,482,1,1,895,spatial_sustained,0.8168,False
9819,482,482,1,3,935,spatial_sustained,0.5871,True
9820,482,482,1,1,999,spatial_sustained,0.6923,False
9821,482,482,1,1,1004,spatial_sustained,0.734,False
9822,483,483,1,1,15,spatial_sustained,0.8179,False
9823,483,483,1,1,62,spatial_sustained,0.571,False
9824,483,483,1,1,142,spatial_sustained,0.5474,False
9825,483,483,1,1,150,spatial_sustained,0.8394,False
9826,483,483,1,9,231,spatial_sustained,0.7853,True
9827,483,483,1,1,279,spatial_sustained,0.5109,False
9828,483,483,1,1,344,spatial_sustained,0.8765,False
9829,483,483,1,2,446,spatial_sustained,0.5514,True
9830,483,483,1,3,517,spatial_sustained,0.7536,True
9831,483,483,1,9,588,spatial_sustained,0.9,True
9832,483,483,1,11,664,spatial_sustained,0.9144,True
9833,483,483,1,1,673,spatial_sustained,0.5086,False
9834,483,483,1,1,748,spatial_sustained,0.8521,False
9835,483,483,1,1,773,spatial_sustained,0.5349,False
9836,483,483,1,2,832,spatial_sustained,0.7039,True
9837,483,483,1,1,862,spatial_sustained,0.5166,False
9838,483,483,1,2,945,spatial_sustained,0.5273,True
9839,483,483,1,1,949,spatial_sustained,0.6205,False
9840,483,483,1,1,975,spatial_sustained,0.5216,False
9841,483,483,1,1,1022,spatial_sustained,0.5231,False
9842,484,484,1,1,21,spatial_sustained,0.5261,False
9843,484,484,1,2,69,spatial_sustained,0.5475,True
9844,484,484,1,2,111,spatial_sustained,0.803,True
9845,484,484,1,3,118,spatial_sustained,0.6958,True
9846,484,484,1,1,127,spatial_sustained,0.5228,False
9847,484,484,1,9,231,spatial_sustained,0.8312,True
9848,484,484,1,1,319,spatial_sustained,0.5327,False
9849,484,484,1,2,355,spatial_sustained,0.5325,True
9850,484,484,1,2,416,spatial_sustained,0.5955,True
9851,484,484,1,2,426,spatial_sustained,0.5089,True
9852,484,484,1,2,517,spatial_sustained,0.8654,True
9853,484,484,1,1,528,spatial_sustained,0.6268,False
9854,484,484,1,9,588,spatial_sustained,0.9631,True
9855,484,484,1,3,577,spatial_sustained,0.5747,True
9856,484,484,1,9,663,spatial_sustained,1.0,True
9857,484,484,1,1,713,spatial_sustained,0.5479,False
9858,484,484,1,1,748,spatial_sustained,0.8593,False
9859,484,484,1,1,771,spatial_sustained,0.6309,False
9860,484,484,1,1,855,spatial_sustained,0.5523,False
9861,484,484,1,1,861,spatial_sustained,0.5207,False
9862,484,484,1,9,957,spatial_sustained,0.8762,True
9863,484,484,1,1,974,spatial_sustained,0.5947,False
9864,484,484,1,1,978,spatial_sustained,0.5039,False
9865,484,484,1,1,1000,spatial_sustained,0.7003,False
9866,485,485,1,5,46,spatial_sustained,0.5672,True
9867,485,485,1,1,26,spatial_sustained,0.8204,False
9868,485,485,1,10,106,spatial_sustained,0.8727,True
9869,485,485,1,5,86,spatial_sustained,0.5341,True
9870,485,485,1,1,64,spatial_sustained,0.8075,False
9871,485,485,1,2,69,spatial_sustained,0.5272,True
9872,485,485,1,1,161,spatial_sustained,0.8083,False
9873,485,485,1,1,166,spatial_sustained,0.6035,False
9874,485,485,1,4,239,spatial_sustained,0.6423,True
9875,485,485,1,2,269,spatial_sustained,0.5761,True
9876,485,485,1,1,252,spatial_sustained,0.506,False
9877,485,485,1,1,255,spatial_sustained,0.8183,False
9878,485,485,1,1,261,spatial_sustained,0.8597,False
9879,485,485,1,1,352,spatial_sustained,0.5701,False
9880,485,485,1,17,445,spatial_sustained,0.8548,True
9881,485,485,1,4,462,spatial_sustained,0.6681,True
9882,485,485,1,1,466,spatial_sustained,0.5282,False
9883,485,485,1,5,529,spatial_sustained,0.7402,True
9884,485,485,1,2,517,spatial_sustained,0.868,True
9885,485,485,1,10,589,spatial_sustained,0.8858,True
9886,485,485,1,5,656,spatial_sustained,0.7353,True
9887,485,485,1,9,663,spatial_sustained,1.0,True
9888,485,485,1,1,752,spatial_sustained,0.5494,False
9889,485,485,1,4,796,spatial_sustained,0.6973,True
9890,485,485,1,2,890,spatial_sustained,0.5027,True
9891,485,485,1,4,902,spatial_sustained,0.6406,True
9892,485,485,1,1,897,spatial_sustained,0.6418,False
9893,485,485,1,11,958,spatial_sustained,0.8627,True
9894,485,485,1,1,946,spatial_sustained,0.5584,False
9895,486,486,1,1,15,spatial_sustained,0.8148,False
9896,486,486,1,1,37,spatial_sustained,0.5135,False
9897,486,486,1,1,66,spatial_sustained,0.6322,False
9898,486,486,1,18,167,spatial_sustained,0.9323,True
9899,486,486,1,1,93,spatial_sustained,0.5425,False
9900,486,486,1,10,143,spatial_sustained,0.8641,True
9901,486,486,1,1,129,spatial_sustained,0.7181,False
9902,486,486,1,1,165,spatial_sustained,0.8986,False
9903,486,486,1,1,186,spatial_sustained,0.9399,False
9904,486,486,1,3,224,spatial_sustained,0.7485,True
9905,486,486,1,1,261,spatial_sustained,0.8833,False
9906,486,486,1,1,317,spatial_sustained,0.5323,False
9907,486,486,1,1,351,spatial_sustained,0.671,False
9908,486,486,1,17,445,spatial_sustained,0.9313,True
9909,486,486,1,2,517,spatial_sustained,0.7249,True
9910,486,486,1,1,545,spatial_sustained,0.5245,False
9911,486,486,1,9,588,spatial_sustained,0.9104,True
9912,486,486,1,1,610,spatial_sustained,0.5721,False
9913,486,486,1,9,663,spatial_sustained,0.9989,True
9914,486,486,1,1,672,spatial_sustained,0.6586,False
9915,486,486,1,1,707,spatial_sustained,0.6795,False
9916,486,486,1,8,836,spatial_sustained,0.6273,True
9917,486,486,1,1,800,spatial_sustained,0.5971,False
9918,486,486,1,4,842,spatial_sustained,0.7473,True
9919,486,486,1,1,840,spatial_sustained,0.8376,False
9920,486,486,1,1,907,spatial_sustained,0.5926,False
9921,486,486,1,2,918,spatial_sustained,0.6519,True
9922,486,486,1,2,953,spatial_sustained,0.5487,True
9923,486,486,1,8,957,spatial_sustained,0.9302,True
9924,486,486,1,1,934,spatial_sustained,0.5773,False
9925,486,486,1,1,980,spatial_sustained,0.5777,False
9926,486,486,1,1,983,spatial_sustained,0.5614,False
9927,486,486,1,1,994,spatial_sustained,0.5631,False
9928,486,486,1,3,1002,spatial_sustained,0.7888,True
9929,486,486,1,1,1007,spatial_sustained,0.5104,False
9930,486,486,1,1,1018,spatial_sustained,0.5462,False
9931,487,487,1,1,37,spatial_sustained,0.517,False
9932,487,487,1,29,197,spatial_sustained,0.9255,True
9933,487,487,1,9,142,spatial_sustained,0.9871,True
9934,487,487,1,1,149,spatial_sustained,0.8791,False
9935,487,487,1,1,186,spatial_sustained,0.9884,False
9936,487,487,1,1,241,spatial_sustained,0.8709,False
9937,487,487,1,19,444,spatial_sustained,0.9205,True
9938,487,487,1,9,588,spatial_sustained,0.9401,True
9939,487,487,1,11,664,spatial_sustained,0.9125,True
9940,487,487,1,2,673,spatial_sustained,0.6728,True
9941,487,487,1,6,765,spatial_sustained,0.6832,True
9942,487,487,1,1,810,spatial_sustained,0.542,False
9943,487,487,1,1,825,spatial_sustained,0.5099,False
9944,487,487,1,1,864,spatial_sustained,0.5077,False
9945,487,487,1,3,894,spatial_sustained,0.6942,True
9946,487,487,1,1,1014,spatial_sustained,0.5945,False
9947,488,488,1,1,3,spatial_sustained,0.5417,False
9948,488,488,1,1,21,spatial_sustained,0.5105,False
9949,488,488,1,10,143,spatial_sustained,0.943,True
9950,488,488,1,1,125,spatial_sustained,0.8671,False
9951,488,488,1,1,149,spatial_sustained,0.9702,False
9952,488,488,1,21,226,spatial_sustained,0.9155,True
9953,488,488,1,1,186,spatial_sustained,1.0,False
9954,488,488,1,1,241,spatial_sustained,0.8593,False
9955,488,488,1,1,318,spatial_sustained,0.5969,False
9956,488,488,1,1,352,spatial_sustained,0.8337,False
9957,488,488,1,1,355,spatial_sustained,0.5834,False
9958,488,488,1,1,367,spatial_sustained,0.5754,False
9959,488,488,1,17,445,spatial_sustained,0.9575,True
9960,488,488,1,1,664,spatial_sustained,0.9896,False
9961,488,488,1,4,793,spatial_sustained,0.5859,True
9962,488,488,1,1,810,spatial_sustained,0.5894,False
9963,488,488,1,1,897,spatial_sustained,0.7904,False
9964,488,488,1,1,1003,spatial_sustained,0.819,False
9965,488,488,1,1,1006,spatial_sustained,0.5948,False
9966,489,489,1,1,12,spatial_sustained,0.5062,False
9967,489,489,1,1,21,spatial_sustained,0.5167,False
9968,489,489,1,9,142,spatial_sustained,0.9864,True
9969,489,489,1,1,125,spatial_sustained,0.9331,False
9970,489,489,1,1,186,spatial_sustained,1.0,False
9971,489,489,1,1,241,spatial_sustained,0.8371,False
9972,489,489,1,1,255,spatial_sustained,0.8217,False
9973,489,489,1,1,261,spatial_sustained,1.0,False
9974,489,489,1,1,318,spatial_sustained,0.5487,False
9975,489,489,1,18,446,spatial_sustained,0.9289,True
9976,489,489,1,1,448,spatial_sustained,0.7696,False
9977,489,489,1,10,629,spatial_sustained,0.9256,True
9978,489,489,1,1,664,spatial_sustained,1.0,False
9979,489,489,1,1,707,spatial_sustained,0.5279,False
9980,489,489,1,1,761,spatial_sustained,0.5545,False
9981,489,489,1,1,826,spatial_sustained,0.5965,False
9982,489,489,1,1,840,spatial_sustained,0.5094,False
9983,489,489,1,1,990,spatial_sustained,0.813,False
9984,490,490,1,2,4,spatial_sustained,0.5119,True
9985,490,490,1,10,143,spatial_sustained,0.9541,True
9986,490,490,1,1,125,spatial_sustained,0.9604,False
9987,490,490,1,1,133,spatial_sustained,0.5634,False
9988,490,490,1,1,186,spatial_sustained,1.0,False
9989,490,490,1,1,261,spatial_sustained,1.0,False
9990,490,490,1,1,286,spatial_sustained,0.5634,False
9991,490,490,1,17,445,spatial_sustained,0.9536,True
9992,490,490,1,1,449,spatial_sustained,0.8002,False
9993,490,490,1,10,629,spatial_sustained,0.9656,True
9994,490,490,1,1,664,spatial_sustained,1.0,False
9995,490,490,1,3,670,spatial_sustained,0.6922,True
9996,490,490,1,1,735,spatial_sustained,0.5779,False
9997,490,490,1,1,802,spatial_sustained,0.5737,False
9998,490,490,1,2,842,spatial_sustained,0.5354,True
9999,490,490,1,1,820,spatial_sustained,0.6031,False
10000,490,490,1,2,930,spatial_sustained,0.5492,True
10001,490,490,1,1,913,spatial_sustained,0.5205,False
10002,490,490,1,1,939,spatial_sustained,0.6431,False
10003,490,490,1,1,991,spatial_sustained,0.7115,False
10004,490,490,1,2,1009,spatial_sustained,0.7618,True
10005,491,491,1,9,142,spatial_sustained,0.9873,True
10006,491,491,1,1,125,spatial_sustained,0.9806,False
10007,491,491,1,2,131,spatial_sustained,0.8211,True
10008,491,491,1,1,160,spatial_sustained,0.8953,False
10009,491,491,1,9,478,spatial_sustained,0.9768,True
10010,491,491,1,10,629,spatial_sustained,0.9712,True
10011,491,491,1,9,665,spatial_sustained,0.9804,True
10012,491,491,1,1,703,spatial_sustained,0.5134,False
10013,491,491,1,1,762,spatial_sustained,0.9678,False
10014,491,491,1,1,796,spatial_sustained,0.5438,False
10015,491,491,1,1,826,spatial_sustained,0.697,False
10016,491,491,1,1,831,spatial_sustained,0.8156,False
10017,491,491,1,1,866,spatial_sustained,0.5582,False
10018,491,491,1,3,992,spatial_sustained,0.6232,True
10019,491,491,1,1,1004,spatial_sustained,0.8007,False
10020,492,492,1,1,17,spatial_sustained,0.5418,False
10021,492,492,1,1,65,spatial_sustained,0.5909,False
10022,492,492,1,9,142,spatial_sustained,0.9882,True
10023,492,492,1,2,131,spatial_sustained,0.6044,True
10024,492,492,1,1,321,spatial_sustained,0.5683,False
10025,492,492,1,1,495,spatial_sustained,0.5133,False
10026,492,492,1,10,629,spatial_sustained,0.9775,True
10027,492,492,1,9,665,spatial_sustained,0.9902,True
10028,492,492,1,1,700,spatial_sustained,0.5022,False
10029,492,492,1,1,707,spatial_sustained,0.502,False
10030,492,492,1,3,794,spatial_sustained,0.6886,True
10031,492,492,1,3,928,spatial_sustained,0.6261,True
10032,493,493,1,1,17,spatial_sustained,0.5422,False
10033,493,493,1,1,21,spatial_sustained,0.5092,False
10034,493,493,1,4,227,spatial_sustained,0.8203,True
10035,493,493,1,1,176,spatial_sustained,0.5423,False
10036,493,493,1,1,465,spatial_sustained,0.8979,False
10037,493,493,1,10,581,spatial_sustained,0.9239,True
10038,493,493,1,10,629,spatial_sustained,0.9813,True
10039,493,493,1,1,699,spatial_sustained,0.9346,False
10040,493,493,1,1,762,spatial_sustained,0.9799,False
10041,493,493,1,2,840,spatial_sustained,0.7337,True
10042,493,493,1,1,810,spatial_sustained,0.589,False
10043,493,493,1,1,932,spatial_sustained,0.6541,False
10044,494,494,1,1,16,spatial_sustained,0.8261,False
10045,494,494,1,3,163,spatial_sustained,0.5817,True
10046,494,494,1,1,176,spatial_sustained,0.7338,False
10047,494,494,1,1,181,spatial_sustained,0.8961,False
10048,494,494,1,9,220,spatial_sustained,0.9212,True
10049,494,494,1,1,223,spatial_sustained,0.6741,False
10050,494,494,1,1,383,spatial_sustained,0.5605,False
10051,494,494,1,1,465,spatial_sustained,0.9822,False
10052,494,494,1,9,581,spatial_sustained,0.9638,True
10053,494,494,1,10,629,spatial_sustained,0.981,True
10054,494,494,1,1,699,spatial_sustained,1.0,False
10055,494,494,1,1,754,spatial_sustained,0.7411,False
10056,494,494,1,1,762,spatial_sustained,0.9787,False
10057,494,494,1,1,766,spatial_sustained,0.5899,False
10058,494,494,1,1,802,spatial_sustained,0.5062,False
10059,494,494,1,1,808,spatial_sustained,0.8301,False
10060,494,494,1,1,810,spatial_sustained,0.5591,False
10061,494,494,1,1,831,spatial_sustained,0.5316,False
10062,494,494,1,1,860,spatial_sustained,0.8585,False
10063,494,494,1,1,917,spatial_sustained,0.9115,False
10064,494,494,1,1,937,spatial_sustained,0.5187,False
10065,494,494,1,1,974,spatial_sustained,0.899,False
10066,494,494,1,2,1017,spatial_sustained,0.5949,True
10067,495,495,1,1,176,spatial_sustained,0.5358,False
10068,495,495,1,1,181,spatial_sustained,0.9895,False
10069,495,495,1,9,220,spatial_sustained,0.9744,True
10070,495,495,1,1,465,spatial_sustained,0.9828,False
10071,495,495,1,9,581,spatial_sustained,0.9689,True
10072,495,495,1,1,552,spatial_sustained,0.7478,False
10073,495,495,1,1,630,spatial_sustained,1.0,False
10074,495,495,1,1,699,spatial_sustained,1.0,False
10075,495,495,1,1,762,spatial_sustained,0.9756,False
10076,495,495,1,1,765,spatial_sustained,0.6172,False
10077,495,495,1,1,773,spatial_sustained,0.578,False
10078,495,495,1,1,808,spatial_sustained,0.6032,False
10079,495,495,1,1,860,spatial_sustained,0.9117,False
10080,495,495,1,2,898,spatial_sustained,0.5574,True
10081,495,495,1,2,949,spatial_sustained,0.7538,True
10082,495,495,1,1,974,spatial_sustained,0.9809,False
10083,496,496,1,2,112,spatial_sustained,0.6993,True
10084,496,496,1,1,166,spatial_sustained,0.605,False
10085,496,496,1,1,172,spatial_sustained,0.5631,False
10086,496,496,1,1,176,spatial_sustained,0.8147,False
10087,496,496,1,1,181,spatial_sustained,0.9868,False
10088,496,496,1,9,220,spatial_sustained,0.9801,True
10089,496,496,1,1,227,spatial_sustained,0.5086,False
10090,496,496,1,2,448,spatial_sustained,0.5748,True
10091,496,496,1,1,465,spatial_sustained,0.9842,False
10092,496,496,1,9,581,spatial_sustained,0.9667,True
10093,496,496,1,1,552,spatial_sustained,0.6912,False
10094,496,496,1,1,560,spatial_sustained,0.5266,False
10095,496,496,1,1,808,spatial_sustained,0.8294,False
10096,496,496,1,1,810,spatial_sustained,0.6248,False
10097,496,496,1,1,831,spatial_sustained,0.6171,False
10098,496,496,1,2,861,spatial_sustained,0.6117,True
10099,496,496,1,1,886,spatial_sustained,0.5095,False
10100,496,496,1,1,928,spatial_sustained,0.5334,False
10101,496,496,1,3,943,spatial_sustained,0.6792,True
10102,496,496,1,1,950,spatial_sustained,0.5351,False
10103,496,496,1,1,956,spatial_sustained,0.5004,False
10104,497,497,1,1,32,spatial_sustained,0.7128,False
10105,497,497,1,1,72,spatial_sustained,0.5256,False
10106,497,497,1,3,131,spatial_sustained,0.6441,True
10107,497,497,1,2,176,spatial_sustained,0.6775,True
10108,497,497,1,1,181,spatial_sustained,0.9874,False
10109,497,497,1,9,220,spatial_sustained,0.9823,True
10110,497,497,1,1,192,spatial_sustained,0.8128,False
10111,497,497,1,1,226,spatial_sustained,0.6445,False
10112,497,497,1,1,442,spatial_sustained,0.6122,False
10113,497,497,1,1,465,spatial_sustained,0.9885,False
10114,497,497,1,9,581,spatial_sustained,0.9516,True
10115,497,497,1,1,808,spatial_sustained,0.8077,False
10116,497,497,1,1,860,spatial_sustained,0.6178,False
10117,497,497,1,1,974,spatial_sustained,0.9839,False
10118,498,498,1,1,27,spatial_sustained,0.8049,False
10119,498,498,1,1,168,spatial_sustained,0.5273,False
10120,498,498,1,1,181,spatial_sustained,0.9915,False
10121,498,498,1,9,220,spatial_sustained,0.9843,True
10122,498,498,1,1,226,spatial_sustained,0.5543,False
10123,498,498,1,2,264,spatial_sustained,0.564,True
10124,498,498,1,1,236,spatial_sustained,0.5123,False
10125,498,498,1,1,416,spatial_sustained,0.5877,False
10126,498,498,1,1,431,spatial_sustained,0.5977,False
10127,498,498,1,2,465,spatial_sustained,0.7564,True
10128,498,498,1,1,460,spatial_sustained,0.5139,False
10129,498,498,1,1,505,spatial_sustained,0.5029,False
10130,498,498,1,9,581,spatial_sustained,0.9548,True
10131,498,498,1,1,622,spatial_sustained,0.5344,False
10132,498,498,1,9,727,spatial_sustained,0.9159,True
10133,498,498,1,1,884,spatial_sustained,0.6154,False
10134,498,498,1,1,948,spatial_sustained,0.8533,False
10135,498,498,1,1,974,spatial_sustained,0.9871,False
10136,499,499,1,1,28,spatial_sustained,0.6949,False
10137,499,499,1,1,181,spatial_sustained,0.9906,False
10138,499,499,1,9,220,spatial_sustained,0.9859,True
10139,499,499,1,2,223,spatial_sustained,0.5121,True
10140,499,499,1,3,226,spatial_sustained,0.5342,True
10141,499,499,1,1,465,spatial_sustained,0.9896,False
10142,499,499,1,9,727,spatial_sustained,0.9582,True
10143,499,499,1,1,767,spatial_sustained,0.597,False
10144,499,499,1,1,917,spatial_sustained,0.7607,False
10145,499,499,1,1,958,spatial_sustained,0.8691,False
10146,499,499,1,1,974,spatial_sustained,0.9906,False
10147,500,500,1,1,64,spatial_sustained,0.8089,False
10148,500,500,1,2,192,spatial_sustained,0.7,True
10149,500,500,1,1,181,spatial_sustained,0.9906,False
10150,500,500,1,9,220,spatial_sustained,0.986,True
10151,500,500,1,1,194,spatial_sustained,0.8049,False
10152,500,500,1,1,465,spatial_sustained,0.9884,False
10153,500,500,1,9,907,spatial_sustained,0.8706,True
10154,500,500,1,3,958,spatial_sustained,0.7459,True
10155,500,500,1,1,985,spatial_sustained,0.5409,False
10156,501,501,1,1,15,spatial_sustained,0.5302,False
10157,501,501,1,1,32,spatial_sustained,0.6002,False
10158,501,501,1,2,95,spatial_sustained,0.8201,True
10159,501,501,1,1,155,spatial_sustained,0.5625,False
10160,501,501,1,2,226,spatial_sustained,0.6743,True
10161,501,501,1,1,220,spatial_sustained,0.5423,False
10162,501,501,1,1,465,spatial_sustained,0.5169,False
10163,501,501,1,9,579,spatial_sustained,0.9155,True
10164,501,501,1,1,766,spatial_sustained,0.8253,False
10165,501,501,1,10,907,spatial_sustained,0.8762,True
10166,501,501,1,1,958,spatial_sustained,0.9252,False
10167,501,501,1,1,986,spatial_sustained,0.8771,False
10168,501,501,1,1,999,spatial_sustained,0.814,False
10169,502,502,1,1,25,spatial_sustained,0.5601,False
10170,502,502,1,1,80,spatial_sustained,0.7232,False
10171,502,502,1,2,95,spatial_sustained,0.5823,True
10172,502,502,1,1,176,spatial_sustained,0.5668,False
10173,502,502,1,1,226,spatial_sustained,0.8297,False
10174,502,502,1,1,255,spatial_sustained,0.5443,False
10175,502,502,1,9,579,spatial_sustained,0.942,True
10176,502,502,1,9,605,spatial_sustained,0.8904,True
10177,502,502,1,1,734,spatial_sustained,0.8229,False
10178,502,502,1,10,907,spatial_sustained,0.8716,True
10179,502,502,1,1,904,spatial_sustained,0.5198,False
10180,502,502,1,1,958,spatial_sustained,0.9397,False
10181,502,502,1,1,986,spatial_sustained,0.9171,False
10182,502,502,1,1,1004,spatial_sustained,0.8332,False
10183,503,503,1,1,20,spatial_sustained,0.504,False
10184,503,503,1,1,55,spatial_sustained,0.641,False
10185,503,503,1,1,64,spatial_sustained,0.8078,False
10186,503,503,1,1,102,spatial_sustained,0.8061,False
10187,503,503,1,18,572,spatial_sustained,0.9494,True
10188,503,503,1,9,579,spatial_sustained,0.9406,True
10189,503,503,1,1,696,spatial_sustained,0.9727,False
10190,503,503,1,3,766,spatial_sustained,0.8188,True
10191,503,503,1,1,861,spatial_sustained,0.5775,False
10192,503,503,1,2,958,spatial_sustained,0.7625,True
10193,503,503,1,1,939,spatial_sustained,0.6001,False
10194,503,503,1,1,986,spatial_sustained,0.922,False
10195,504,504,1,1,15,spatial_sustained,0.6333,False
10196,504,504,1,1,27,spatial_sustained,0.8089,False
10197,504,504,1,1,86,spatial_sustained,0.5447,False
10198,504,504,1,1,194,spatial_sustained,0.8051,False
10199,504,504,1,2,452,spatial_sustained,0.633,True
10200,504,504,1,18,572,spatial_sustained,0.9783,True
10201,504,504,1,8,597,spatial_sustained,0.6895,True
10202,504,504,1,1,696,spatial_sustained,0.7766,False
10203,504,504,1,1,721,spatial_sustained,0.6107,False
10204,504,504,1,1,766,spatial_sustained,0.6398,False
10205,504,504,1,1,831,spatial_sustained,0.8371,False
10206,504,504,1,1,841,spatial_sustained,0.8044,False
10207,504,504,1,1,864,spatial_sustained,0.6116,False
10208,504,504,1,1,870,spatial_sustained,0.5751,False
10209,504,504,1,1,958,spatial_sustained,0.9547,False
10210,504,504,1,1,986,spatial_sustained,0.629,False
10211,505,505,1,1,27,spatial_sustained,0.71,False
10212,505,505,1,1,38,spatial_sustained,0.5438,False
10213,505,505,1,18,572,spatial_sustained,0.9858,True
10214,505,505,1,8,597,spatial_sustained,0.7146,True
10215,505,505,1,1,696,spatial_sustained,0.7528,False
10216,505,505,1,1,721,spatial_sustained,0.6268,False
10217,505,505,1,1,958,spatial_sustained,0.9639,False
10218,505,505,1,1,1000,spatial_sustained,0.6388,False
10219,506,506,1,2,53,spatial_sustained,0.8537,True
10220,506,506,1,1,45,spatial_sustained,0.5014,False
10221,506,506,1,1,111,spatial_sustained,0.5578,False
10222,506,506,1,3,149,spatial_sustained,0.5389,True
10223,506,506,1,1,162,spatial_sustained,0.8049,False
10224,506,506,1,1,196,spatial_sustained,0.6475,False
10225,506,506,1,2,241,spatial_sustained,0.5637,True
10226,506,506,1,1,448,spatial_sustained,0.7969,False
10227,506,506,1,18,572,spatial_sustained,0.9895,True
10228,506,506,1,8,597,spatial_sustained,0.8458,True
10229,506,506,1,1,576,spatial_sustained,0.7319,False
10230,506,506,1,1,696,spatial_sustained,0.9513,False
10231,506,506,1,2,754,spatial_sustained,0.8423,True
10232,506,506,1,2,859,spatial_sustained,0.5492,True
10233,506,506,1,1,861,spatial_sustained,0.5115,False
10234,506,506,1,3,897,spatial_sustained,0.623,True
10235,506,506,1,1,920,spatial_sustained,0.6963,False
10236,506,506,1,1,983,spatial_sustained,0.5999,False
10237,506,506,1,1,985,spatial_sustained,0.5682,False
10238,506,506,1,1,991,spatial_sustained,0.6395,False
10239,506,506,1,2,1000,spatial_sustained,0.6181,True
10240,506,506,1,1,1008,spatial_sustained,0.5243,False
10241,507,507,1,1,17,spatial_sustained,0.52,False
10242,507,507,1,1,53,spatial_sustained,0.9694,False
10243,507,507,1,1,155,spatial_sustained,0.5798,False
10244,507,507,1,1,258,spatial_sustained,0.7201,False
10245,507,507,1,9,340,spatial_sustained,0.8557,True
10246,507,507,1,1,383,spatial_sustained,0.5952,False
10247,507,507,1,19,543,spatial_sustained,0.9674,True
10248,507,507,1,1,495,spatial_sustained,0.607,False
10249,507,507,1,8,597,spatial_sustained,0.7889,True
10250,507,507,1,2,609,spatial_sustained,0.6516,True
10251,507,507,1,1,611,spatial_sustained,0.5375,False
10252,507,507,1,1,765,spatial_sustained,0.9523,False
10253,507,507,1,1,808,spatial_sustained,0.8441,False
10254,507,507,1,1,890,spatial_sustained,0.5787,False
10255,507,507,1,1,902,spatial_sustained,0.6827,False
10256,507,507,1,2,910,spatial_sustained,0.539,True
10257,507,507,1,1,916,spatial_sustained,0.5197,False
10258,507,507,1,1,928,spatial_sustained,0.5201,False
10259,507,507,1,2,995,spatial_sustained,0.6566,True
10260,507,507,1,1,974,spatial_sustained,0.6982,False
10261,507,507,1,1,976,spatial_sustained,0.5673,False
10262,507,507,1,1,992,spatial_sustained,0.5149,False
10263,507,507,1,1,997,spatial_sustained,0.8352,False
10264,508,508,1,1,4,spatial_sustained,0.5226,False
10265,508,508,1,3,50,spatial_sustained,0.5877,True
10266,508,508,1,1,46,spatial_sustained,0.7496,False
10267,508,508,1,1,48,spatial_sustained,0.5282,False
10268,508,508,1,1,53,spatial_sustained,1.0,False
10269,508,508,1,7,105,spatial_sustained,0.7613,True
10270,508,508,1,3,158,spatial_sustained,0.6964,True
10271,508,508,1,1,130,spatial_sustained,0.536,False
10272,508,508,1,9,232,spatial_sustained,0.8304,True
10273,508,508,1,1,236,spatial_sustained,0.5364,False
10274,508,508,1,1,241,spatial_sustained,0.5617,False
10275,508,508,1,9,340,spatial_sustained,0.8679,True
10276,508,508,1,1,335,spatial_sustained,0.5116,False
10277,508,508,1,1,362,spatial_sustained,0.5393,False
10278,508,508,1,1,409,spatial_sustained,0.955,False
10279,508,508,1,1,417,spatial_sustained,0.6603,False
10280,508,508,1,1,423,spatial_sustained,0.5312,False
10281,508,508,1,9,510,spatial_sustained,0.9856,True
10282,508,508,1,10,559,spatial_sustained,0.6927,True
10283,508,508,1,1,506,spatial_sustained,0.6004,False
10284,508,508,1,9,597,spatial_sustained,0.8136,True
10285,508,508,1,1,576,spatial_sustained,0.7588,False
10286,508,508,1,1,657,spatial_sustained,0.5703,False
10287,508,508,1,11,818,spatial_sustained,0.8038,True
10288,508,508,1,1,759,spatial_sustained,0.5797,False
10289,508,508,1,1,765,spatial_sustained,1.0,False
10290,508,508,1,1,896,spatial_sustained,0.6152,False
10291,508,508,1,1,921,spatial_sustained,0.6085,False
10292,508,508,1,3,957,spatial_sustained,0.6242,True
10293,508,508,1,1,974,spatial_sustained,0.7217,False
10294,508,508,1,3,1008,spatial_sustained,0.5896,True
10295,508,508,1,1,1022,spatial_sustained,0.8247,False
10296,509,509,1,2,4,spatial_sustained,0.5874,True
10297,509,509,1,2,16,spatial_sustained,0.7644,True
10298,509,509,1,1,24,spatial_sustained,0.8266,False
10299,509,509,1,3,27,spatial_sustained,0.8195,True
10300,509,509,1,1,31,spatial_sustained,0.5248,False
10301,509,509,1,1,53,spatial_sustained,1.0,False
10302,509,509,1,2,97,spatial_sustained,0.59,True
10303,509,509,1,7,105,spatial_sustained,0.8368,True
10304,509,509,1,1,102,spatial_sustained,0.8082,False
10305,509,509,1,4,151,spatial_sustained,0.5973,True
10306,509,509,1,1,165,spatial_sustained,0.6673,False
10307,509,509,1,1,180,spatial_sustained,0.5148,False
10308,509,509,1,9,232,spatial_sustained,0.8589,True
10309,509,509,1,1,248,spatial_sustained,0.5623,False
10310,509,509,1,1,272,spatial_sustained,0.6103,False
10311,509,509,1,3,293,spatial_sustained,0.6614,True
10312,509,509,1,9,340,spatial_sustained,0.8859,True
10313,509,509,1,1,318,spatial_sustained,0.6319,False
10314,509,509,1,1,409,spatial_sustained,1.0,False
10315,509,509,1,2,449,spatial_sustained,0.6957,True
10316,509,509,1,3,451,spatial_sustained,0.7337,True
10317,509,509,1,4,498,spatial_sustained,0.6444,True
10318,509,509,1,8,509,spatial_sustained,0.5868,True
10319,509,509,1,8,559,spatial_sustained,0.7127,True
10320,509,509,1,1,506,spatial_sustained,0.5934,False
10321,509,509,1,1,520,spatial_sustained,0.6024,False
10322,509,509,1,9,597,spatial_sustained,0.8669,True
10323,509,509,1,1,570,spatial_sustained,0.5726,False
10324,509,509,1,1,576,spatial_sustained,0.7175,False
10325,509,509,1,7,625,spatial_sustained,0.6464,True
10326,509,509,1,2,667,spatial_sustained,0.5554,True
10327,509,509,1,1,707,spatial_sustained,0.8407,False
10328,509,509,1,6,794,spatial_sustained,0.6777,True
10329,509,509,1,10,819,spatial_sustained,0.8573,True
10330,509,509,1,4,828,spatial_sustained,0.6902,True
10331,509,509,1,3,837,spatial_sustained,0.6695,True
10332,509,509,1,2,988,spatial_sustained,0.5409,True
10333,509,509,1,1,1012,spatial_sustained,0.8248,False
10334,510,510,1,1,8,spatial_sustained,0.6211,False
10335,510,510,1,1,53,spatial_sustained,0.9943,False
10336,510,510,1,3,92,spatial_sustained,0.6485,True
10337,510,510,1,1,66,spatial_sustained,0.5506,False
10338,510,510,1,1,70,spatial_sustained,0.5788,False
10339,510,510,1,7,105,spatial_sustained,0.8835,True
10340,510,510,1,9,150,spatial_sustained,0.9021,True
10341,510,510,1,3,130,spatial_sustained,0.5142,True
10342,510,510,1,1,133,spatial_sustained,0.5122,False
10343,510,510,1,1,186,spatial_sustained,0.9483,False
10344,510,510,1,12,232,spatial_sustained,0.7966,True
10345,510,510,1,6,290,spatial_sustained,0.6382,True
10346,510,510,1,1,227,spatial_sustained,0.5745,False
10347,510,510,1,2,272,spatial_sustained,0.5658,True
10348,510,510,1,9,340,spatial_sustained,0.9238,True
10349,510,510,1,1,332,spatial_sustained,0.9088,False
10350,510,510,1,1,352,spatial_sustained,0.8337,False
10351,510,510,1,1,409,spatial_sustained,1.0,False
10352,510,510,1,2,417,spatial_sustained,0.5284,True
10353,510,510,1,3,464,spatial_sustained,0.5356,True
10354,510,510,1,1,479,spatial_sustained,0.631,False
10355,510,510,1,1,480,spatial_sustained,0.6461,False
10356,510,510,1,4,516,spatial_sustained,0.619,True
10357,510,510,1,1,543,spatial_sustained,0.58,False
10358,510,510,1,1,576,spatial_sustained,0.8607,False
10359,510,510,1,2,669,spatial_sustained,0.5318,True
10360,510,510,1,1,704,spatial_sustained,0.6395,False
10361,510,510,1,2,795,spatial_sustained,0.5363,True
10362,510,510,1,1,765,spatial_sustained,0.997,False
10363,510,510,1,10,820,spatial_sustained,0.8923,True
10364,510,510,1,1,791,spatial_sustained,0.5645,False
10365,510,510,1,1,802,spatial_sustained,0.5101,False
10366,510,510,1,1,838,spatial_sustained,0.556,False
10367,510,510,1,1,856,spatial_sustained,0.558,False
10368,510,510,1,4,924,spatial_sustained,0.6982,True
10369,510,510,1,1,915,spatial_sustained,0.5099,False
10370,510,510,1,1,920,spatial_sustained,0.5146,False
10371,510,510,1,1,927,spatial_sustained,0.5581,False
10372,510,510,1,1,944,spatial_sustained,0.8214,False
10373,510,510,1,1,1000,spatial_sustained,0.5871,False
10374,510,510,1,1,1003,spatial_sustained,0.8391,False
10375,510,510,1,1,1014,spatial_sustained,0.6074,False
10376,511,511,1,1,16,spatial_sustained,0.7956,False
10377,511,511,1,3,27,spatial_sustained,0.7063,True
10378,511,511,1,1,53,spatial_sustained,0.9906,False
10379,511,511,1,9,150,spatial_sustained,0.9713,True
10380,511,511,1,1,131,spatial_sustained,0.5964,False
10381,511,511,1,2,137,spatial_sustained,0.513,True
10382,511,511,1,1,186,spatial_sustained,0.9936,False
10383,511,511,1,9,232,spatial_sustained,0.9231,True
10384,511,511,1,3,255,spatial_sustained,0.7617,True
10385,511,511,1,1,271,spatial_sustained,0.6081,False
10386,511,511,1,9,340,spatial_sustained,0.9677,True
10387,511,511,1,1,332,spatial_sustained,0.9616,False
10388,511,511,1,1,670,spatial_sustained,0.5656,False
10389,511,511,1,2,736,spatial_sustained,0.5623,True
10390,511,511,1,1,761,spatial_sustained,0.708,False
10391,511,511,1,9,819,spatial_sustained,0.9553,True
10392,511,511,1,2,797,spatial_sustained,0.5282,True
10393,511,511,1,1,799,spatial_sustained,0.5149,False
10394,511,511,1,1,802,spatial_sustained,0.5042,False
10395,511,511,1,1,813,spatial_sustained,0.6112,False
10396,511,511,1,1,860,spatial_sustained,0.5185,False
10397,511,511,1,1,888,spatial_sustained,0.5213,False
10398,511,511,1,1,932,spatial_sustained,0.538,False
10399,511,511,1,1,937,spatial_sustained,0.7025,False
10400,511,511,1,1,944,spatial_sustained,0.6117,False
10401,511,511,1,1,960,spatial_sustained,0.5906,False
10402,511,511,1,1,997,spatial_sustained,0.5061,False
10403,511,511,1,2,1013,spatial_sustained,0.7811,True
10404,511,511,1,1,1016,spatial_sustained,0.6287,False
10405,511,511,1,1,1023,spatial_sustained,0.6903,False
10406,512,512,1,1,15,spatial_sustained,0.8227,False
10407,512,512,1,1,38,spatial_sustained,0.5834,False
10408,512,512,1,9,150,spatial_sustained,0.9552,True
10409,512,512,1,2,163,spatial_sustained,0.5653,True
10410,512,512,1,1,159,spatial_sustained,0.5086,False
10411,512,512,1,1,161,spatial_sustained,0.8079,False
10412,512,512,1,1,186,spatial_sustained,0.9885,False
10413,512,512,1,1,258,spatial_sustained,0.8091,False
10414,512,512,1,1,295,spatial_sustained,0.9074,False
10415,512,512,1,9,340,spatial_sustained,0.9751,True
10416,512,512,1,1,332,spatial_sustained,0.974,False
10417,512,512,1,1,479,spatial_sustained,0.6966,False
10418,512,512,1,1,766,spatial_sustained,0.6496,False
10419,512,512,1,9,819,spatial_sustained,0.9628,True
10420,512,512,1,1,1013,spatial_sustained,0.7292,False
10421,512,512,1,1,1016,spatial_sustained,0.6498,False
10422,513,513,1,9,34,spatial_sustained,0.9007,True
10423,513,513,1,1,26,spatial_sustained,0.7405,False
10424,513,513,1,1,28,spatial_sustained,0.8329,False
10425,513,513,1,9,150,spatial_sustained,0.9331,True
10426,513,513,1,1,128,spatial_sustained,0.5495,False
10427,513,513,1,3,163,spatial_sustained,0.6806,True
10428,513,513,1,1,186,spatial_sustained,0.9816,False
10429,513,513,1,1,192,spatial_sustained,0.5579,False
10430,513,513,1,3,255,spatial_sustained,0.7151,True
10431,513,513,1,1,295,spatial_sustained,0.9902,False
10432,513,513,1,9,340,spatial_sustained,0.9716,True
10433,513,513,1,1,320,spatial_sustained,0.8049,False
10434,513,513,1,1,332,spatial_sustained,0.9808,False
10435,513,513,1,1,351,spatial_sustained,0.5378,False
10436,513,513,1,1,808,spatial_sustained,0.6422,False
10437,513,513,1,1,810,spatial_sustained,0.6369,False
10438,513,513,1,1,923,spatial_sustained,0.5401,False
10439,513,513,1,1,992,spatial_sustained,0.6564,False
10440,513,513,1,1,1014,spatial_sustained,0.7668,False
10441,514,514,1,18,98,spatial_sustained,0.7814,True
10442,514,514,1,1,17,spatial_sustained,0.6103,False
10443,514,514,1,1,30,spatial_sustained,0.5564,False
10444,514,514,1,1,93,spatial_sustained,0.5368,False
10445,514,514,1,8,151,spatial_sustained,0.9798,True
10446,514,514,1,1,186,spatial_sustained,0.9777,False
10447,514,514,1,1,224,spatial_sustained,0.5918,False
10448,514,514,1,1,295,spatial_sustained,0.9871,False
10449,514,514,1,1,332,spatial_sustained,0.9741,False
10450,514,514,1,9,494,spatial_sustained,0.8995,True
10451,514,514,1,1,808,spatial_sustained,0.5111,False
10452,514,514,1,1,826,spatial_sustained,0.5372,False
10453,514,514,1,2,919,spatial_sustained,0.6373,True
10454,514,514,1,1,897,spatial_sustained,0.5357,False
10455,514,514,1,1,945,spatial_sustained,0.5314,False
10456,514,514,1,1,948,spatial_sustained,0.5474,False
10457,514,514,1,2,1007,spatial_sustained,0.5507,True
10458,514,514,1,1,1017,spatial_sustained,0.6562,False
10459,514,514,1,1,1023,spatial_sustained,0.5273,False
10460,515,515,1,19,67,spatial_sustained,0.8122,True
10461,515,515,1,9,150,spatial_sustained,0.9749,True
10462,515,515,1,1,186,spatial_sustained,0.9796,False
10463,515,515,1,2,289,spatial_sustained,0.5754,True
10464,515,515,1,1,295,spatial_sustained,0.986,False
10465,515,515,1,1,332,spatial_sustained,0.9717,False
10466,515,515,1,9,494,spatial_sustained,0.9709,True
10467,515,515,1,1,497,spatial_sustained,0.6441,False
10468,515,515,1,1,737,spatial_sustained,0.5463,False
10469,515,515,1,1,754,spatial_sustained,0.5846,False
10470,515,515,1,1,766,spatial_sustained,0.8193,False
10471,515,515,1,1,808,spatial_sustained,0.8448,False
10472,515,515,1,1,831,spatial_sustained,0.5226,False
10473,515,515,1,1,943,spatial_sustained,0.5561,False
10474,515,515,1,1,951,spatial_sustained,0.7508,False
10475,516,516,1,9,34,spatial_sustained,0.9358,True
10476,516,516,1,1,26,spatial_sustained,0.7857,False
10477,516,516,1,9,150,spatial_sustained,0.9786,True
10478,516,516,1,1,192,spatial_sustained,0.7553,False
10479,516,516,1,1,295,spatial_sustained,1.0,False
10480,516,516,1,1,332,spatial_sustained,0.9663,False
10481,516,516,1,9,494,spatial_sustained,0.9737,True
10482,516,516,1,1,511,spatial_sustained,0.5035,False
10483,516,516,1,1,764,spatial_sustained,0.5463,False
10484,516,516,1,1,928,spatial_sustained,0.651,False
10485,516,516,1,1,949,spatial_sustained,0.5206,False
10486,516,516,1,1,999,spatial_sustained,0.6178,False
10487,517,517,1,1,3,spatial_sustained,0.5273,False
10488,517,517,1,1,14,spatial_sustained,0.8779,False
10489,517,517,1,1,55,spatial_sustained,0.5034,False
10490,517,517,1,1,85,spatial_sustained,0.6175,False
10491,517,517,1,4,195,spatial_sustained,0.8502,True
10492,517,517,1,1,160,spatial_sustained,0.7208,False
10493,517,517,1,1,215,spatial_sustained,0.5507,False
10494,517,517,1,2,256,spatial_sustained,0.5744,True
10495,517,517,1,1,295,spatial_sustained,1.0,False
10496,517,517,1,1,312,spatial_sustained,0.5056,False
10497,517,517,1,1,332,spatial_sustained,0.9671,False
10498,517,517,1,1,352,spatial_sustained,0.5854,False
10499,517,517,1,9,494,spatial_sustained,0.9765,True
10500,517,517,1,1,552,spatial_sustained,0.5637,False
10501,517,517,1,1,671,spatial_sustained,0.576,False
10502,517,517,1,1,824,spatial_sustained,0.914,False
10503,517,517,1,1,837,spatial_sustained,0.5091,False
10504,517,517,1,2,897,spatial_sustained,0.5626,True
10505,517,517,1,1,880,spatial_sustained,0.5373,False
10506,517,517,1,1,946,spatial_sustained,0.542,False
10507,517,517,1,1,955,spatial_sustained,0.5985,False
10508,518,518,1,1,14,spatial_sustained,0.9245,False
10509,518,518,1,2,112,spatial_sustained,0.6403,True
10510,518,518,1,1,89,spatial_sustained,0.8922,False
10511,518,518,1,1,128,spatial_sustained,0.5845,False
10512,518,518,1,4,196,spatial_sustained,0.7012,True
10513,518,518,1,1,225,spatial_sustained,0.6635,False
10514,518,518,1,1,295,spatial_sustained,1.0,False
10515,518,518,1,9,494,spatial_sustained,0.9762,True
10516,518,518,1,1,735,spatial_sustained,0.5516,False
10517,518,518,1,1,824,spatial_sustained,0.9413,False
10518,518,518,1,4,1020,spatial_sustained,0.5397,True
10519,518,518,1,1,992,spatial_sustained,0.7323,False
10520,519,519,1,1,14,spatial_sustained,0.9719,False
10521,519,519,1,1,26,spatial_sustained,0.723,False
10522,519,519,1,1,32,spatial_sustained,0.8108,False
10523,519,519,1,2,112,spatial_sustained,0.6837,True
10524,519,519,1,1,89,spatial_sustained,0.9349,False
10525,519,519,1,3,195,spatial_sustained,0.6741,True
10526,519,519,1,3,296,spatial_sustained,0.9529,True
10527,519,519,1,1,383,spatial_sustained,0.5538,False
10528,519,519,1,9,494,spatial_sustained,0.9776,True
10529,519,519,1,1,824,spatial_sustained,0.9429,False
10530,519,519,1,3,992,spatial_sustained,0.6149,True
10531,519,519,1,1,1007,spatial_sustained,0.5091,False
10532,519,519,1,1,1014,spatial_sustained,0.7162,False
10533,519,519,1,1,1017,spatial_sustained,0.6957,False
10534,520,520,1,1,0,spatial_sustained,0.8172,False
10535,520,520,1,2,15,spatial_sustained,0.9052,True
10536,520,520,1,2,69,spatial_sustained,0.5118,True
10537,520,520,1,1,89,spatial_sustained,0.9389,False
10538,520,520,1,4,227,spatial_sustained,0.5482,True
10539,520,520,1,2,329,spatial_sustained,0.9873,True
10540,520,520,1,1,383,spatial_sustained,0.6026,False
10541,520,520,1,16,493,spatial_sustained,0.9395,True
10542,520,520,1,1,448,spatial_sustained,0.6309,False
10543,520,520,1,1,736,spatial_sustained,0.507,False
10544,520,520,1,1,808,spatial_sustained,0.6422,False
10545,520,520,1,1,816,spatial_sustained,0.512,False
10546,520,520,1,1,833,spatial_sustained,0.5805,False
10547,520,520,1,1,861,spatial_sustained,0.7137,False
10548,520,520,1,1,869,spatial_sustained,0.6122,False
10549,520,520,1,1,897,spatial_sustained,0.5182,False
10550,520,520,1,1,994,spatial_sustained,0.5398,False
10551,520,520,1,2,1017,spatial_sustained,0.5908,True
10552,520,520,1,1,1019,spatial_sustained,0.5619,False
10553,521,521,1,1,14,spatial_sustained,0.9753,False
10554,521,521,1,1,89,spatial_sustained,0.9458,False
10555,521,521,1,2,329,spatial_sustained,0.9891,True
10556,521,521,1,16,493,spatial_sustained,0.9409,True
10557,521,521,1,2,734,spatial_sustained,0.6404,True
10558,521,521,1,9,803,spatial_sustained,0.8555,True
10559,521,521,1,1,953,spatial_sustained,0.9155,False
10560,521,521,1,1,965,spatial_sustained,0.8781,False
10561,521,521,1,1,1000,spatial_sustained,0.5716,False
10562,522,522,1,1,89,spatial_sustained,0.9525,False
10563,522,522,1,2,133,spatial_sustained,0.8113,True
10564,522,522,1,2,163,spatial_sustained,0.6353,True
10565,522,522,1,2,176,spatial_sustained,0.6085,True
10566,522,522,1,1,155,spatial_sustained,0.6296,False
10567,522,522,1,2,329,spatial_sustained,0.9907,True
10568,522,522,1,1,321,spatial_sustained,0.7991,False
10569,522,522,1,10,465,spatial_sustained,0.8683,True
10570,522,522,1,1,449,spatial_sustained,0.5691,False
10571,522,522,1,1,618,spatial_sustained,0.8775,False
10572,522,522,1,8,803,spatial_sustained,1.0,True
10573,522,522,1,1,808,spatial_sustained,0.8404,False
10574,522,522,1,1,892,spatial_sustained,0.5299,False
10575,522,522,1,1,948,spatial_sustained,0.6011,False
10576,522,522,1,1,953,spatial_sustained,0.9476,False
10577,522,522,1,4,957,spatial_sustained,0.6227,True
10578,522,522,1,1,965,spatial_sustained,0.9338,False
10579,522,522,1,1,1010,spatial_sustained,0.6577,False
10580,523,523,1,1,4,spatial_sustained,0.5386,False
10581,523,523,1,1,89,spatial_sustained,0.9542,False
10582,523,523,1,1,196,spatial_sustained,0.5957,False
10583,523,523,1,2,329,spatial_sustained,0.9956,True
10584,523,523,1,1,318,spatial_sustained,0.634,False
10585,523,523,1,12,495,spatial_sustained,0.818,True
10586,523,523,1,1,552,spatial_sustained,0.6463,False
10587,523,523,1,1,618,spatial_sustained,0.9562,False
10588,523,523,1,9,727,spatial_sustained,0.9259,True
10589,523,523,1,1,722,spatial_sustained,0.5103,False
10590,523,523,1,1,942,spatial_sustained,0.5017,False
10591,523,523,1,1,953,spatial_sustained,0.9488,False
10592,523,523,1,1,965,spatial_sustained,0.9456,False
10593,523,523,1,1,1023,spatial_sustained,0.5341,False
10594,524,524,1,1,150,spatial_sustained,0.5448,False
10595,524,524,1,1,296,spatial_sustained,1.0,False
10596,524,524,1,9,464,spatial_sustained,0.9204,True
10597,524,524,1,1,618,spatial_sustained,0.9824,False
10598,524,524,1,1,634,spatial_sustained,0.9004,False
10599,524,524,1,9,727,spatial_sustained,0.9639,True
10600,524,524,1,1,831,spatial_sustained,0.6051,False
10601,524,524,1,1,893,spatial_sustained,0.5151,False
10602,524,524,1,1,912,spatial_sustained,0.5125,False
10603,524,524,1,1,930,spatial_sustained,0.526,False
10604,524,524,1,1,942,spatial_sustained,0.5342,False
10605,524,524,1,1,953,spatial_sustained,0.9462,False
10606,524,524,1,1,955,spatial_sustained,0.5897,False
10607,524,524,1,1,965,spatial_sustained,0.9419,False
10608,525,525,1,1,0,spatial_sustained,0.8148,False
10609,525,525,1,1,28,spatial_sustained,0.5132,False
10610,525,525,1,1,95,spatial_sustained,0.5158,False
10611,525,525,1,2,102,spatial_sustained,0.8102,True
10612,525,525,1,1,296,spatial_sustained,1.0,False
10613,525,525,1,1,552,spatial_sustained,0.8199,False
10614,525,525,1,1,607,spatial_sustained,0.9244,False
10615,525,525,1,1,618,spatial_sustained,0.9781,False
10616,525,525,1,1,634,spatial_sustained,0.9439,False
10617,525,525,1,9,727,spatial_sustained,0.9638,True
10618,525,525,1,1,840,spatial_sustained,0.8356,False
10619,525,525,1,1,866,spatial_sustained,0.5409,False
10620,525,525,1,1,901,spatial_sustained,0.5107,False
10621,525,525,1,1,953,spatial_sustained,0.9511,False
10622,525,525,1,1,1006,spatial_sustained,0.5343,False
10623,525,525,1,1,1013,spatial_sustained,0.5293,False
10624,526,526,1,9,94,spatial_sustained,0.8779,True
10625,526,526,1,1,86,spatial_sustained,0.5172,False
10626,526,526,1,1,102,spatial_sustained,0.8127,False
10627,526,526,1,1,225,spatial_sustained,0.8134,False
10628,526,526,1,1,296,spatial_sustained,1.0,False
10629,526,526,1,1,607,spatial_sustained,0.9464,False
10630,526,526,1,1,618,spatial_sustained,0.9825,False
10631,526,526,1,1,634,spatial_sustained,0.9475,False
10632,526,526,1,9,727,spatial_sustained,0.9658,True
10633,526,526,1,9,782,spatial_sustained,0.8822,True
10634,526,526,1,2,893,spatial_sustained,0.5065,True
10635,526,526,1,2,960,spatial_sustained,0.7426,True
10636,526,526,1,1,953,spatial_sustained,0.9522,False
10637,526,526,1,1,967,spatial_sustained,0.8772,False
10638,526,526,1,1,1017,spatial_sustained,0.6108,False
10639,526,526,1,1,1022,spatial_sustained,0.5235,False
10640,527,527,1,1,33,spatial_sustained,0.5081,False
10641,527,527,1,9,94,spatial_sustained,0.9287,True
10642,527,527,1,1,150,spatial_sustained,0.5311,False
10643,527,527,1,1,192,spatial_sustained,0.7936,False
10644,527,527,1,2,226,spatial_sustained,0.8184,True
10645,527,527,1,9,418,spatial_sustained,0.8556,True
10646,527,527,1,1,442,spatial_sustained,0.5148,False
10647,527,527,1,1,552,spatial_sustained,0.6752,False
10648,527,527,1,1,634,spatial_sustained,0.9502,False
10649,527,527,1,9,727,spatial_sustained,0.97,True
10650,527,527,1,2,766,spatial_sustained,0.8214,True
10651,527,527,1,9,782,spatial_sustained,0.9263,True
10652,527,527,1,1,967,spatial_sustained,0.9752,False
10653,527,527,1,1,1003,spatial_sustained,0.8385,False
10654,528,528,1,1,2,spatial_sustained,0.5534,False
10655,528,528,1,1,21,spatial_sustained,0.5643,False
10656,528,528,1,1,37,spatial_sustained,0.5061,False
10657,528,528,1,10,135,spatial_sustained,0.7421,True
10658,528,528,1,1,95,spatial_sustained,0.6742,False
10659,528,528,1,1,117,spatial_sustained,0.5645,False
10660,528,528,1,1,232,spatial_sustained,0.5248,False
10661,528,528,1,1,258,spatial_sustained,0.6271,False
10662,528,528,1,1,288,spatial_sustained,0.5801,False
10663,528,528,1,9,418,spatial_sustained,0.9715,True
10664,528,528,1,8,580,spatial_sustained,0.6277,True
10665,528,528,1,1,634,spatial_sustained,0.7695,False
10666,528,528,1,9,727,spatial_sustained,0.7505,True
10667,528,528,1,7,732,spatial_sustained,0.6125,True
10668,528,528,1,1,722,spatial_sustained,0.806,False
10669,528,528,1,8,782,spatial_sustained,0.6477,True
10670,528,528,1,1,811,spatial_sustained,0.5431,False
10671,528,528,1,4,967,spatial_sustained,0.7411,True
10672,528,528,1,1,940,spatial_sustained,0.5117,False
10673,528,528,1,1,958,spatial_sustained,0.5348,False
10674,528,528,1,1,1003,spatial_sustained,0.5549,False
10675,528,528,1,1,1008,spatial_sustained,0.5512,False
10676,528,528,1,1,1014,spatial_sustained,0.8182,False
10677,528,528,1,2,1017,spatial_sustained,0.6809,True
10678,529,529,1,6,165,spatial_sustained,0.9642,True
10679,529,529,1,1,192,spatial_sustained,0.7892,False
10680,529,529,1,9,418,spatial_sustained,0.9821,True
10681,529,529,1,9,580,spatial_sustained,0.6355,True
10682,529,529,1,1,552,spatial_sustained,0.8256,False
10683,529,529,1,1,634,spatial_sustained,0.7416,False
10684,529,529,1,9,726,spatial_sustained,0.706,True
10685,529,529,1,6,732,spatial_sustained,0.6292,True
10686,529,529,1,8,782,spatial_sustained,0.6268,True
10687,529,529,1,1,841,spatial_sustained,0.7278,False
10688,530,530,1,1,55,spatial_sustained,0.598,False
10689,530,530,1,7,135,spatial_sustained,0.9116,True
10690,530,530,1,2,181,spatial_sustained,0.6389,True
10691,530,530,1,1,195,spatial_sustained,0.5798,False
10692,530,530,1,2,254,spatial_sustained,0.6548,True
10693,530,530,1,1,321,spatial_sustained,0.5862,False
10694,530,530,1,7,418,spatial_sustained,0.8792,True
10695,530,530,1,2,442,spatial_sustained,0.7193,True
10696,530,530,1,1,495,spatial_sustained,0.5645,False
10697,530,530,1,9,580,spatial_sustained,0.8412,True
10698,530,530,1,1,634,spatial_sustained,0.9051,False
10699,530,530,1,9,726,spatial_sustained,0.9099,True
10700,530,530,1,6,732,spatial_sustained,0.8707,True
10701,530,530,1,9,782,spatial_sustained,0.8244,True
10702,530,530,1,1,860,spatial_sustained,0.9057,False
10703,530,530,1,2,948,spatial_sustained,0.6175,True
10704,530,530,1,1,933,spatial_sustained,0.5725,False
10705,530,530,1,1,944,spatial_sustained,0.7031,False
10706,530,530,1,1,992,spatial_sustained,0.6326,False
10707,531,531,1,1,14,spatial_sustained,0.5359,False
10708,531,531,1,8,135,spatial_sustained,0.9104,True
10709,531,531,1,1,125,spatial_sustained,0.6409,False
10710,531,531,1,1,130,spatial_sustained,0.9053,False
10711,531,531,1,1,149,spatial_sustained,0.5083,False
10712,531,531,1,4,287,spatial_sustained,0.7568,True
10713,531,531,1,1,273,spatial_sustained,0.651,False
10714,531,531,1,6,418,spatial_sustained,0.8754,True
10715,531,531,1,1,512,spatial_sustained,0.636,False
10716,531,531,1,14,611,spatial_sustained,0.7915,True
10717,531,531,1,1,609,spatial_sustained,0.6355,False
10718,531,531,1,1,634,spatial_sustained,0.8945,False
10719,531,531,1,1,673,spatial_sustained,0.5632,False
10720,531,531,1,10,726,spatial_sustained,0.8635,True
10721,531,531,1,7,732,spatial_sustained,0.7981,True
10722,531,531,1,8,782,spatial_sustained,0.8536,True
10723,531,531,1,1,753,spatial_sustained,0.5167,False
10724,531,531,1,1,770,spatial_sustained,0.5413,False
10725,531,531,1,1,828,spatial_sustained,0.5766,False
10726,531,531,1,1,916,spatial_sustained,0.5419,False
10727,531,531,1,1,939,spatial_sustained,0.5615,False
10728,531,531,1,1,961,spatial_sustained,0.6497,False
10729,531,531,1,1,991,spatial_sustained,0.5069,False
10730,532,532,1,1,0,spatial_sustained,0.8179,False
10731,532,532,1,1,13,spatial_sustained,0.6639,False
10732,532,532,1,1,19,spatial_sustained,0.5171,False
10733,532,532,1,8,135,spatial_sustained,0.9519,True
10734,532,532,1,1,110,spatial_sustained,0.7439,False
10735,532,532,1,3,158,spatial_sustained,0.7174,True
10736,532,532,1,1,130,spatial_sustained,0.9789,False
10737,532,532,1,1,212,spatial_sustained,0.9172,False
10738,532,532,1,1,221,spatial_sustained,0.6397,False
10739,532,532,1,1,269,spatial_sustained,0.9005,False
10740,532,532,1,7,387,spatial_sustained,0.8752,True
10741,532,532,1,2,519,spatial_sustained,0.5388,True
10742,532,532,1,10,562,spatial_sustained,0.8649,True
10743,532,532,1,9,613,spatial_sustained,0.8447,True
10744,532,532,1,2,657,spatial_sustained,0.7702,True
10745,532,532,1,9,726,spatial_sustained,0.8787,True
10746,532,532,1,6,732,spatial_sustained,0.7956,True
10747,532,532,1,9,782,spatial_sustained,0.8447,True
10748,532,532,1,2,825,spatial_sustained,0.536,True
10749,532,532,1,1,799,spatial_sustained,0.841,False
10750,532,532,1,2,921,spatial_sustained,0.7189,True
10751,532,532,1,1,902,spatial_sustained,0.583,False
10752,532,532,1,1,946,spatial_sustained,0.5114,False
10753,532,532,1,1,951,spatial_sustained,0.5493,False
10754,532,532,1,5,988,spatial_sustained,0.6237,True
10755,533,533,1,1,55,spatial_sustained,0.571,False
10756,533,533,1,1,65,spatial_sustained,0.6705,False
10757,533,533,1,1,75,spatial_sustained,0.5367,False
10758,533,533,1,2,110,spatial_sustained,0.6208,True
10759,533,533,1,7,117,spatial_sustained,0.693,True
10760,533,533,1,11,134,spatial_sustained,0.8697,True
10761,533,533,1,2,233,spatial_sustained,0.593,True
10762,533,533,1,3,237,spatial_sustained,0.727,True
10763,533,533,1,2,272,spatial_sustained,0.5875,True
10764,533,533,1,1,253,spatial_sustained,0.5122,False
10765,533,533,1,1,256,spatial_sustained,0.5363,False
10766,533,533,1,1,335,spatial_sustained,0.5092,False
10767,533,533,1,1,341,spatial_sustained,0.5687,False
10768,533,533,1,1,380,spatial_sustained,0.5017,False
10769,533,533,1,1,417,spatial_sustained,0.522,False
10770,533,533,1,24,563,spatial_sustained,0.8237,True
10771,533,533,1,1,506,spatial_sustained,0.6614,False
10772,533,533,1,9,613,spatial_sustained,0.8503,True
10773,533,533,1,10,732,spatial_sustained,0.7563,True
10774,533,533,1,10,726,spatial_sustained,0.8709,True
10775,533,533,1,2,707,spatial_sustained,0.5261,True
10776,533,533,1,1,698,spatial_sustained,0.5007,False
10777,533,533,1,1,736,spatial_sustained,0.5567,False
10778,533,533,1,9,782,spatial_sustained,0.8721,True
10779,533,533,1,4,794,spatial_sustained,0.5949,True
10780,533,533,1,2,803,spatial_sustained,0.5707,True
10781,533,533,1,4,911,spatial_sustained,0.6266,True
10782,533,533,1,1,890,spatial_sustained,0.607,False
10783,533,533,1,6,934,spatial_sustained,0.5808,True
10784,533,533,1,1,907,spatial_sustained,0.7208,False
10785,533,533,1,1,948,spatial_sustained,0.6367,False
10786,533,533,1,1,985,spatial_sustained,0.514,False
10787,534,534,1,3,33,spatial_sustained,0.6727,True
10788,534,534,1,1,29,spatial_sustained,0.572,False
10789,534,534,1,2,106,spatial_sustained,0.5926,True
10790,534,534,1,4,130,spatial_sustained,0.672,True
10791,534,534,1,2,172,spatial_sustained,0.5974,True
10792,534,534,1,2,258,spatial_sustained,0.6602,True
10793,534,534,1,2,273,spatial_sustained,0.6125,True
10794,534,534,1,5,338,spatial_sustained,0.6245,True
10795,534,534,1,1,351,spatial_sustained,0.7171,False
10796,534,534,1,2,434,spatial_sustained,0.5747,True
10797,534,534,1,12,561,spatial_sustained,0.9368,True
10798,534,534,1,1,570,spatial_sustained,0.5116,False
10799,534,534,1,2,573,spatial_sustained,0.5414,True
10800,534,534,1,9,613,spatial_sustained,0.9123,True
10801,534,534,1,8,702,spatial_sustained,0.8283,True
10802,534,534,1,9,747,spatial_sustained,0.9009,True
10803,534,534,1,1,759,spatial_sustained,0.5338,False
10804,534,534,1,1,826,spatial_sustained,0.6729,False
10805,534,534,1,1,861,spatial_sustained,0.6719,False
10806,534,534,1,2,920,spatial_sustained,0.6121,True
10807,534,534,1,2,908,spatial_sustained,0.5808,True
10808,534,534,1,1,917,spatial_sustained,0.8338,False
10809,534,534,1,1,927,spatial_sustained,0.8184,False
10810,534,534,1,1,937,spatial_sustained,0.8271,False
10811,534,534,1,2,944,spatial_sustained,0.5944,True
10812,534,534,1,1,987,spatial_sustained,0.5682,False
10813,534,534,1,1,992,spatial_sustained,0.5013,False
10814,534,534,1,1,1004,spatial_sustained,0.5894,False
10815,535,535,1,1,74,spatial_sustained,0.6758,False
10816,535,535,1,1,96,spatial_sustained,0.5431,False
10817,535,535,1,2,103,spatial_sustained,0.6132,True
10818,535,535,1,2,161,spatial_sustained,0.899,True
10819,535,535,1,2,352,spatial_sustained,0.7741,True
10820,535,535,1,1,451,spatial_sustained,0.5777,False
10821,535,535,1,1,479,spatial_sustained,0.5818,False
10822,535,535,1,9,562,spatial_sustained,0.998,True
10823,535,535,1,1,559,spatial_sustained,0.9342,False
10824,535,535,1,9,613,spatial_sustained,0.9181,True
10825,535,535,1,3,670,spatial_sustained,0.6851,True
10826,535,535,1,9,747,spatial_sustained,0.9819,True
10827,535,535,1,1,732,spatial_sustained,0.5858,False
10828,535,535,1,2,865,spatial_sustained,0.5341,True
10829,535,535,1,1,880,spatial_sustained,0.5648,False
10830,535,535,1,1,927,spatial_sustained,0.7015,False
10831,535,535,1,1,985,spatial_sustained,0.7303,False
10832,535,535,1,1,1005,spatial_sustained,0.5026,False
10833,536,536,1,1,15,spatial_sustained,0.7278,False
10834,536,536,1,1,65,spatial_sustained,0.6179,False
10835,536,536,1,1,112,spatial_sustained,0.8424,False
10836,536,536,1,1,138,spatial_sustained,0.5405,False
10837,536,536,1,1,195,spatial_sustained,0.5569,False
10838,536,536,1,1,298,spatial_sustained,0.9025,False
10839,536,536,1,1,321,spatial_sustained,0.5088,False
10840,536,536,1,9,562,spatial_sustained,0.9954,True
10841,536,536,1,1,559,spatial_sustained,0.9491,False
10842,536,536,1,9,613,spatial_sustained,0.967,True
10843,536,536,1,9,664,spatial_sustained,0.902,True
10844,536,536,1,9,747,spatial_sustained,0.9887,True
10845,536,536,1,1,808,spatial_sustained,0.6427,False
10846,536,536,1,1,1004,spatial_sustained,0.5478,False
10847,536,536,1,1,1017,spatial_sustained,0.8475,False
10848,537,537,1,1,1,spatial_sustained,0.534,False
10849,537,537,1,1,27,spatial_sustained,0.7413,False
10850,537,537,1,3,131,spatial_sustained,0.6957,True
10851,537,537,1,9,298,spatial_sustained,0.9276,True
10852,537,537,1,1,495,spatial_sustained,0.642,False
10853,537,537,1,9,562,spatial_sustained,0.9934,True
10854,537,537,1,1,559,spatial_sustained,0.9534,False
10855,537,537,1,9,613,spatial_sustained,0.9834,True
10856,537,537,1,9,664,spatial_sustained,0.9882,True
10857,537,537,1,10,748,spatial_sustained,0.9735,True
10858,537,537,1,1,840,spatial_sustained,0.7335,False
10859,537,537,1,1,1012,spatial_sustained,0.5068,False
10860,537,537,1,1,1014,spatial_sustained,0.8222,False
10861,537,537,1,2,1017,spatial_sustained,0.831,True
10862,538,538,1,1,26,spatial_sustained,0.7531,False
10863,538,538,1,3,163,spatial_sustained,0.777,True
10864,538,538,1,9,298,spatial_sustained,0.9676,True
10865,538,538,1,1,283,spatial_sustained,0.887,False
10866,538,538,1,2,351,spatial_sustained,0.6935,True
10867,538,538,1,1,414,spatial_sustained,0.9247,False
10868,538,538,1,9,562,spatial_sustained,0.9899,True
10869,538,538,1,1,559,spatial_sustained,0.9558,False
10870,538,538,1,9,613,spatial_sustained,0.9932,True
10871,538,538,1,9,664,spatial_sustained,0.9901,True
10872,538,538,1,1,840,spatial_sustained,0.6364,False
10873,538,538,1,1,937,spatial_sustained,0.5192,False
10874,538,538,1,1,944,spatial_sustained,0.5068,False
10875,538,538,1,1,998,spatial_sustained,0.6117,False
10876,538,538,1,1,1009,spatial_sustained,0.5605,False
10877,539,539,1,3,195,spatial_sustained,0.824,True
10878,539,539,1,1,179,spatial_sustained,0.8865,False
10879,539,539,1,1,192,spatial_sustained,0.8273,False
10880,539,539,1,9,298,spatial_sustained,0.9714,True
10881,539,539,1,1,283,spatial_sustained,0.9485,False
10882,539,539,1,1,410,spatial_sustained,0.5206,False
10883,539,539,1,1,414,spatial_sustained,0.9435,False
10884,539,539,1,1,451,spatial_sustained,0.589,False
10885,539,539,1,1,544,spatial_sustained,0.899,False
10886,539,539,1,9,664,spatial_sustained,1.0,True
10887,539,539,1,1,754,spatial_sustained,0.5831,False
10888,539,539,1,5,840,spatial_sustained,0.6805,True
10889,539,539,1,1,937,spatial_sustained,0.6465,False
10890,539,539,1,1,990,spatial_sustained,0.6458,False
10891,540,540,1,2,70,spatial_sustained,0.6065,True
10892,540,540,1,1,112,spatial_sustained,0.7605,False
10893,540,540,1,1,160,spatial_sustained,0.6012,False
10894,540,540,1,1,179,spatial_sustained,0.958,False
10895,540,540,1,2,227,spatial_sustained,0.6643,True
10896,540,540,1,9,298,spatial_sustained,0.9751,True
10897,540,540,1,1,283,spatial_sustained,0.9717,False
10898,540,540,1,1,414,spatial_sustained,0.9456,False
10899,540,540,1,1,544,spatial_sustained,0.9932,False
10900,540,540,1,9,664,spatial_sustained,1.0,True
10901,540,540,1,1,754,spatial_sustained,0.8191,False
10902,540,540,1,1,810,spatial_sustained,0.5091,False
10903,540,540,1,1,831,spatial_sustained,0.5783,False
10904,540,540,1,1,892,spatial_sustained,0.7194,False
10905,540,540,1,1,1008,spatial_sustained,0.5153,False
10906,540,540,1,1,1010,spatial_sustained,0.6073,False
10907,541,541,1,10,128,spatial_sustained,0.8708,True
10908,541,541,1,2,117,spatial_sustained,0.6472,True
10909,541,541,1,1,112,spatial_sustained,0.5097,False
10910,541,541,1,1,166,spatial_sustained,0.5321,False
10911,541,541,1,1,179,spatial_sustained,0.9776,False
10912,541,541,1,1,224,spatial_sustained,0.6727,False
10913,541,541,1,9,298,spatial_sustained,0.9801,True
10914,541,541,1,1,283,spatial_sustained,0.9706,False
10915,541,541,1,1,289,spatial_sustained,0.5674,False
10916,541,541,1,1,414,spatial_sustained,0.9494,False
10917,541,541,1,1,544,spatial_sustained,0.9949,False
10918,541,541,1,9,664,spatial_sustained,1.0,True
10919,541,541,1,1,808,spatial_sustained,0.8186,False
10920,541,541,1,1,822,spatial_sustained,0.5615,False
10921,541,541,1,2,943,spatial_sustained,0.52,True
10922,541,541,1,1,955,spatial_sustained,0.669,False
10923,541,541,1,1,1017,spatial_sustained,0.5603,False
10924,542,542,1,10,128,spatial_sustained,0.9269,True
10925,542,542,1,1,136,spatial_sustained,0.6328,False
10926,542,542,1,1,179,spatial_sustained,0.9799,False
10927,542,542,1,9,298,spatial_sustained,0.9822,True
10928,542,542,1,1,283,spatial_sustained,1.0,False
10929,542,542,1,1,412,spatial_sustained,0.6375,False
10930,542,542,1,1,414,spatial_sustained,0.9583,False
10931,542,542,1,1,495,spatial_sustained,0.8958,False
10932,542,542,1,9,571,spatial_sustained,0.925,True
10933,542,542,1,1,544,spatial_sustained,0.9927,False
10934,542,542,1,1,754,spatial_sustained,0.7626,False
10935,542,542,1,1,935,spatial_sustained,0.5072,False
10936,543,543,1,1,15,spatial_sustained,0.6377,False
10937,543,543,1,7,69,spatial_sustained,0.8456,True
10938,543,543,1,9,98,spatial_sustained,0.9288,True
10939,543,543,1,2,112,spatial_sustained,0.8276,True
10940,543,543,1,1,133,spatial_sustained,0.6244,False
10941,543,543,1,1,179,spatial_sustained,0.9796,False
10942,543,543,1,2,227,spatial_sustained,0.7388,True
10943,543,543,1,9,298,spatial_sustained,0.9804,True
10944,543,543,1,1,425,spatial_sustained,0.5509,False
10945,543,543,1,9,571,spatial_sustained,0.9583,True
10946,543,543,1,1,544,spatial_sustained,1.0,False
10947,543,543,1,1,767,spatial_sustained,0.6272,False
10948,543,543,1,1,888,spatial_sustained,0.6926,False
10949,543,543,1,1,999,spatial_sustained,0.5418,False
10950,544,544,1,1,27,spatial_sustained,0.6594,False
10951,544,544,1,7,69,spatial_sustained,0.9349,True
10952,544,544,1,9,98,spatial_sustained,0.9173,True
10953,544,544,1,1,179,spatial_sustained,0.9796,False
10954,544,544,1,9,298,spatial_sustained,0.9827,True
10955,544,544,1,1,449,spatial_sustained,0.5119,False
10956,544,544,1,9,571,spatial_sustained,0.9579,True
10957,544,544,1,1,544,spatial_sustained,1.0,False
10958,544,544,1,1,749,spatial_sustained,0.5256,False
10959,544,544,1,1,864,spatial_sustained,0.5016,False
10960,544,544,1,2,902,spatial_sustained,0.6156,True
10961,544,544,1,1,942,spatial_sustained,0.553,False
10962,544,544,1,1,992,spatial_sustained,0.824,False
10963,545,545,1,1,15,spatial_sustained,0.6263,False
10964,545,545,1,7,69,spatial_sustained,0.9654,True
10965,545,545,1,1,161,spatial_sustained,0.8292,False
10966,545,545,1,1,226,spatial_sustained,0.6414,False
10967,545,545,1,9,571,spatial_sustained,0.9606,True
10968,545,545,1,1,544,spatial_sustained,1.0,False
10969,545,545,1,9,837,spatial_sustained,0.8906,True
10970,545,545,1,1,888,spatial_sustained,0.5067,False
10971,545,545,1,1,1017,spatial_sustained,0.745,False
10972,546,546,1,2,28,spatial_sustained,0.7405,True
10973,546,546,1,7,69,spatial_sustained,0.9768,True
10974,546,546,1,9,153,spatial_sustained,0.8897,True
10975,546,546,1,9,571,spatial_sustained,0.9616,True
10976,546,546,1,1,544,spatial_sustained,1.0,False
10977,546,546,1,1,642,spatial_sustained,0.8826,False
10978,546,546,1,1,657,spatial_sustained,0.8125,False
10979,546,546,1,18,843,spatial_sustained,0.8991,True
10980,546,546,1,1,861,spatial_sustained,0.5038,False
10981,546,546,1,3,910,spatial_sustained,0.559,True
10982,546,546,1,1,1014,spatial_sustained,0.5332,False
10983,547,547,1,1,16,spatial_sustained,0.7122,False
10984,547,547,1,7,69,spatial_sustained,0.9749,True
10985,547,547,1,15,185,spatial_sustained,0.9219,True
10986,547,547,1,1,150,spatial_sustained,0.5892,False
10987,547,547,1,2,227,spatial_sustained,0.8145,True
10988,547,547,1,1,642,spatial_sustained,0.9825,False
10989,547,547,1,8,838,spatial_sustained,0.9365,True
10990,547,547,1,9,874,spatial_sustained,0.9759,True
10991,547,547,1,1,912,spatial_sustained,0.5413,False
10992,548,548,1,15,185,spatial_sustained,0.9282,True
10993,548,548,1,9,203,spatial_sustained,0.8889,True
10994,548,548,1,1,417,spatial_sustained,0.6923,False
10995,548,548,1,2,575,spatial_sustained,0.5822,True
10996,548,548,1,1,642,spatial_sustained,0.9846,False
10997,548,548,1,1,756,spatial_sustained,0.5159,False
10998,548,548,1,27,841,spatial_sustained,0.9125,True
10999,548,548,1,1,919,spatial_sustained,0.5191,False
11000,548,548,1,1,1016,spatial_sustained,0.8338,False
11001,549,549,1,1,20,spatial_sustained,0.5383,False
11002,549,549,1,15,185,spatial_sustained,0.9196,True
11003,549,549,1,1,161,spatial_sustained,0.7804,False
11004,549,549,1,9,203,spatial_sustained,0.927,True
11005,549,549,1,1,492,spatial_sustained,0.8829,False
11006,549,549,1,1,560,spatial_sustained,0.7175,False
11007,549,549,1,1,575,spatial_sustained,0.519,False
11008,549,549,1,1,642,spatial_sustained,0.9853,False
11009,549,549,1,1,731,spatial_sustained,0.8876,False
11010,549,549,1,1,733,spatial_sustained,0.5639,False
11011,549,549,1,1,736,spatial_sustained,0.8908,False
11012,549,549,1,18,843,spatial_sustained,0.927,True
11013,549,549,1,1,832,spatial_sustained,0.8583,False
11014,549,549,1,1,897,spatial_sustained,0.5236,False
11015,549,549,1,1,942,spatial_sustained,0.5831,False
11016,549,549,1,1,962,spatial_sustained,0.5014,False
11017,549,549,1,1,992,spatial_sustained,0.8317,False
11018,549,549,1,1,1012,spatial_sustained,0.6877,False
11019,549,549,1,1,1014,spatial_sustained,0.526,False
11020,549,549,1,1,1016,spatial_sustained,0.8769,False
11021,550,550,1,1,20,spatial_sustained,0.5514,False
11022,550,550,1,15,185,spatial_sustained,0.916,True
11023,550,550,1,1,161,spatial_sustained,0.798,False
11024,550,550,1,9,203,spatial_sustained,0.9268,True
11025,550,550,1,1,221,spatial_sustained,0.5438,False
11026,550,550,1,1,492,spatial_sustained,0.9257,False
11027,550,550,1,1,642,spatial_sustained,0.9839,False
11028,550,550,1,11,794,spatial_sustained,0.8544,True
11029,550,550,1,1,736,spatial_sustained,0.9648,False
11030,550,550,1,9,812,spatial_sustained,0.9878,True
11031,550,550,1,1,809,spatial_sustained,0.5691,False
11032,550,550,1,1,832,spatial_sustained,0.8981,False
11033,550,550,1,1,894,spatial_sustained,0.5558,False
11034,550,550,1,1,942,spatial_sustained,0.5626,False
11035,550,550,1,1,988,spatial_sustained,0.6074,False
11036,550,550,1,1,991,spatial_sustained,0.7234,False
11037,550,550,1,1,998,spatial_sustained,0.5562,False
11038,550,550,1,1,1014,spatial_sustained,0.6565,False
11039,550,550,1,1,1016,spatial_sustained,0.8911,False
11040,551,551,1,1,66,spatial_sustained,0.5069,False
11041,551,551,1,1,80,spatial_sustained,0.8155,False
11042,551,551,1,15,185,spatial_sustained,0.9025,True
11043,551,551,1,9,203,spatial_sustained,0.906,True
11044,551,551,1,1,286,spatial_sustained,0.5699,False
11045,551,551,1,1,642,spatial_sustained,0.9858,False
11046,551,551,1,10,794,spatial_sustained,0.9786,True
11047,551,551,1,1,736,spatial_sustained,0.9928,False
11048,551,551,1,9,812,spatial_sustained,0.9795,True
11049,551,551,1,1,799,spatial_sustained,0.5874,False
11050,551,551,1,1,832,spatial_sustained,0.9144,False
11051,551,551,1,1,834,spatial_sustained,0.6528,False
11052,551,551,1,1,924,spatial_sustained,0.5837,False
11053,551,551,1,1,927,spatial_sustained,0.817,False
11054,552,552,1,1,28,spatial_sustained,0.6933,False
11055,552,552,1,9,203,spatial_sustained,0.6186,True
11056,552,552,1,9,217,spatial_sustained,0.6207,True
11057,552,552,1,1,423,spatial_sustained,0.8838,False
11058,552,552,1,1,495,spatial_sustained,0.5995,False
11059,552,552,1,1,560,spatial_sustained,0.5621,False
11060,552,552,1,1,642,spatial_sustained,0.996,False
11061,552,552,1,1,722,spatial_sustained,0.8055,False
11062,552,552,1,10,794,spatial_sustained,0.9954,True
11063,552,552,1,1,736,spatial_sustained,1.0,False
11064,552,552,1,8,812,spatial_sustained,0.7063,True
11065,552,552,1,1,832,spatial_sustained,0.9345,False
11066,553,553,1,1,26,spatial_sustained,0.7533,False
11067,553,553,1,10,217,spatial_sustained,0.5957,True
11068,553,553,1,1,163,spatial_sustained,0.6045,False
11069,553,553,1,9,203,spatial_sustained,0.6016,True
11070,553,553,1,1,329,spatial_sustained,0.6292,False
11071,553,553,1,1,423,spatial_sustained,0.6714,False
11072,553,553,1,8,478,spatial_sustained,0.6064,True
11073,553,553,1,1,642,spatial_sustained,1.0,False
11074,553,553,1,1,743,spatial_sustained,0.8855,False
11075,553,553,1,11,795,spatial_sustained,0.9335,True
11076,553,553,1,8,812,spatial_sustained,0.6735,True
11077,553,553,1,1,990,spatial_sustained,0.5033,False
11078,554,554,1,1,66,spatial_sustained,0.5958,False
11079,554,554,1,1,95,spatial_sustained,0.6296,False
11080,554,554,1,1,96,spatial_sustained,0.7918,False
11081,554,554,1,9,203,spatial_sustained,0.7187,True
11082,554,554,1,1,329,spatial_sustained,0.8567,False
11083,554,554,1,1,423,spatial_sustained,0.7774,False
11084,554,554,1,10,478,spatial_sustained,0.7109,True
11085,554,554,1,1,451,spatial_sustained,0.7196,False
11086,554,554,1,3,527,spatial_sustained,0.5291,True
11087,554,554,1,1,717,spatial_sustained,0.6807,False
11088,554,554,1,1,743,spatial_sustained,0.9716,False
11089,554,554,1,9,794,spatial_sustained,0.9999,True
11090,554,554,1,8,812,spatial_sustained,0.8399,True
11091,554,554,1,2,817,spatial_sustained,0.6059,True
11092,554,554,1,2,897,spatial_sustained,0.673,True
11093,554,554,1,2,936,spatial_sustained,0.6077,True
11094,555,555,1,1,0,spatial_sustained,0.7137,False
11095,555,555,1,1,17,spatial_sustained,0.8081,False
11096,555,555,1,1,26,spatial_sustained,0.5427,False
11097,555,555,1,1,86,spatial_sustained,0.6573,False
11098,555,555,1,1,112,spatial_sustained,0.7822,False
11099,555,555,1,1,228,spatial_sustained,0.5658,False
11100,555,555,1,2,269,spatial_sustained,0.5674,True
11101,555,555,1,1,288,spatial_sustained,0.538,False
11102,555,555,1,1,318,spatial_sustained,0.6292,False
11103,555,555,1,1,364,spatial_sustained,0.6749,False
11104,555,555,1,9,477,spatial_sustained,0.7473,True
11105,555,555,1,1,743,spatial_sustained,1.0,False
11106,555,555,1,1,746,spatial_sustained,0.5042,False
11107,555,555,1,9,794,spatial_sustained,1.0,True
11108,555,555,1,1,870,spatial_sustained,0.5499,False
11109,555,555,1,2,965,spatial_sustained,0.6368,True
11110,555,555,1,1,948,spatial_sustained,0.5389,False
11111,555,555,1,2,1005,spatial_sustained,0.6534,True
11112,555,555,1,1,1014,spatial_sustained,0.6543,False
11113,555,555,1,1,1016,spatial_sustained,0.5451,False
11114,556,556,1,1,166,spatial_sustained,0.5852,False
11115,556,556,1,1,329,spatial_sustained,0.5296,False
11116,556,556,1,1,369,spatial_sustained,0.5118,False
11117,556,556,1,2,426,spatial_sustained,0.7548,True
11118,556,556,1,1,461,spatial_sustained,0.5224,False
11119,556,556,1,11,593,spatial_sustained,0.7295,True
11120,556,556,1,1,513,spatial_sustained,0.5302,False
11121,556,556,1,1,552,spatial_sustained,0.8185,False
11122,556,556,1,1,743,spatial_sustained,1.0,False
11123,556,556,1,1,766,spatial_sustained,0.7127,False
11124,556,556,1,1,840,spatial_sustained,0.6874,False
11125,556,556,1,1,843,spatial_sustained,0.6392,False
11126,556,556,1,1,863,spatial_sustained,0.6028,False
11127,556,556,1,1,888,spatial_sustained,0.5652,False
11128,556,556,1,2,936,spatial_sustained,0.6398,True
11129,556,556,1,1,913,spatial_sustained,0.5404,False
11130,556,556,1,1,965,spatial_sustained,0.5438,False
11131,556,556,1,1,1000,spatial_sustained,0.7435,False
11132,556,556,1,1,1002,spatial_sustained,0.5191,False
11133,557,557,1,2,25,spatial_sustained,0.7421,True
11134,557,557,1,1,34,spatial_sustained,0.6496,False
11135,557,557,1,1,62,spatial_sustained,0.5035,False
11136,557,557,1,2,118,spatial_sustained,0.639,True
11137,557,557,1,1,128,spatial_sustained,0.6495,False
11138,557,557,1,1,159,spatial_sustained,0.5245,False
11139,557,557,1,2,233,spatial_sustained,0.7367,True
11140,557,557,1,1,242,spatial_sustained,0.5321,False
11141,557,557,1,1,255,spatial_sustained,0.6229,False
11142,557,557,1,1,282,spatial_sustained,0.5422,False
11143,557,557,1,2,365,spatial_sustained,0.5552,True
11144,557,557,1,1,369,spatial_sustained,0.5387,False
11145,557,557,1,1,415,spatial_sustained,0.7616,False
11146,557,557,1,1,421,spatial_sustained,0.5457,False
11147,557,557,1,27,562,spatial_sustained,0.7222,True
11148,557,557,1,1,511,spatial_sustained,0.7204,False
11149,557,557,1,1,526,spatial_sustained,0.5023,False
11150,557,557,1,1,735,spatial_sustained,0.592,False
11151,557,557,1,1,743,spatial_sustained,1.0,False
11152,557,557,1,1,760,spatial_sustained,0.5091,False
11153,557,557,1,5,835,spatial_sustained,0.5557,True
11154,557,557,1,5,951,spatial_sustained,0.6159,True
11155,557,557,1,1,903,spatial_sustained,0.5965,False
11156,557,557,1,1,957,spatial_sustained,0.5433,False
11157,557,557,1,2,1000,spatial_sustained,0.5324,True
11158,557,557,1,2,1019,spatial_sustained,0.6074,True
11159,557,557,1,3,1021,spatial_sustained,0.5514,True
11160,557,557,1,1,1007,spatial_sustained,0.5376,False
11161,558,558,1,3,36,spatial_sustained,0.738,True
11162,558,558,1,1,24,spatial_sustained,0.8304,False
11163,558,558,1,1,28,spatial_sustained,0.7657,False
11164,558,558,1,6,163,spatial_sustained,0.787,True
11165,558,558,1,1,112,spatial_sustained,0.8492,False
11166,558,558,1,1,156,spatial_sustained,0.579,False
11167,558,558,1,1,220,spatial_sustained,0.5202,False
11168,558,558,1,1,223,spatial_sustained,0.8333,False
11169,558,558,1,1,257,spatial_sustained,0.5574,False
11170,558,558,1,1,273,spatial_sustained,0.5103,False
11171,558,558,1,1,292,spatial_sustained,0.5045,False
11172,558,558,1,1,318,spatial_sustained,0.835,False
11173,558,558,1,1,329,spatial_sustained,0.5035,False
11174,558,558,1,3,392,spatial_sustained,0.5991,True
11175,558,558,1,1,421,spatial_sustained,0.5115,False
11176,558,558,1,3,462,spatial_sustained,0.8503,True
11177,558,558,1,1,448,spatial_sustained,0.6362,False
11178,558,558,1,1,515,spatial_sustained,0.5878,False
11179,558,558,1,5,641,spatial_sustained,0.6818,True
11180,558,558,1,1,670,spatial_sustained,0.7542,False
11181,558,558,1,1,675,spatial_sustained,0.5804,False
11182,558,558,1,3,764,spatial_sustained,0.7236,True
11183,558,558,1,1,743,spatial_sustained,1.0,False
11184,558,558,1,1,752,spatial_sustained,0.5478,False
11185,558,558,1,5,863,spatial_sustained,0.7209,True
11186,558,558,1,3,920,spatial_sustained,0.7102,True
11187,558,558,1,1,904,spatial_sustained,0.5355,False
11188,558,558,1,3,961,spatial_sustained,0.5826,True
11189,558,558,1,3,965,spatial_sustained,0.6311,True
11190,558,558,1,3,948,spatial_sustained,0.6825,True
11191,558,558,1,1,1012,spatial_sustained,0.807,False
11192,558,558,1,1,1015,spatial_sustained,0.6327,False
11193,558,558,1,1,1020,spatial_sustained,0.6931,False
11194,558,558,1,1,1022,spatial_sustained,0.5047,False
11195,559,559,1,1,25,spatial_sustained,0.8263,False
11196,559,559,1,2,112,spatial_sustained,0.8023,True
11197,559,559,1,1,129,spatial_sustained,0.507,False
11198,559,559,1,1,163,spatial_sustained,0.6174,False
11199,559,559,1,4,289,spatial_sustained,0.6057,True
11200,559,559,1,1,318,spatial_sustained,0.5835,False
11201,559,559,1,1,415,spatial_sustained,0.6001,False
11202,559,559,1,2,452,spatial_sustained,0.524,True
11203,559,559,1,1,495,spatial_sustained,1.0,False
11204,559,559,1,2,552,spatial_sustained,0.6212,True
11205,559,559,1,1,708,spatial_sustained,0.5044,False
11206,559,559,1,1,743,spatial_sustained,1.0,False
11207,559,559,1,2,765,spatial_sustained,0.5868,True
11208,559,559,1,1,870,spatial_sustained,0.829,False
11209,559,559,1,3,913,spatial_sustained,0.5932,True
11210,559,559,1,1,951,spatial_sustained,0.8429,False
11211,559,559,1,4,986,spatial_sustained,0.6327,True
11212,559,559,1,1,963,spatial_sustained,0.7274,False
11213,559,559,1,2,998,spatial_sustained,0.6441,True
11214,559,559,1,1,969,spatial_sustained,0.5584,False
11215,560,560,1,1,14,spatial_sustained,0.5971,False
11216,560,560,1,1,25,spatial_sustained,0.6954,False
11217,560,560,1,4,112,spatial_sustained,0.7257,True
11218,560,560,1,1,93,spatial_sustained,0.8564,False
11219,560,560,1,3,195,spatial_sustained,0.7418,True
11220,560,560,1,1,246,spatial_sustained,0.5337,False
11221,560,560,1,9,458,spatial_sustained,0.8987,True
11222,560,560,1,1,442,spatial_sustained,0.8178,False
11223,560,560,1,1,576,spatial_sustained,0.5705,False
11224,560,560,1,1,743,spatial_sustained,0.9984,False
11225,560,560,1,4,766,spatial_sustained,0.6115,True
11226,560,560,1,1,896,spatial_sustained,0.8266,False
11227,560,560,1,1,949,spatial_sustained,0.6361,False
11228,560,560,1,1,954,spatial_sustained,0.5532,False
11229,560,560,1,1,999,spatial_sustained,0.734,False
11230,560,560,1,1,1001,spatial_sustained,0.5055,False
11231,560,560,1,1,1016,spatial_sustained,0.6653,False
11232,561,561,1,1,17,spatial_sustained,0.6226,False
11233,561,561,1,3,111,spatial_sustained,0.7438,True
11234,561,561,1,1,93,spatial_sustained,0.9293,False
11235,561,561,1,5,195,spatial_sustained,0.7952,True
11236,561,561,1,8,459,spatial_sustained,0.9753,True
11237,561,561,1,9,539,spatial_sustained,0.9042,True
11238,561,561,1,1,560,spatial_sustained,0.654,False
11239,561,561,1,1,600,spatial_sustained,0.8737,False
11240,561,561,1,1,863,spatial_sustained,0.6441,False
11241,561,561,1,1,936,spatial_sustained,0.5879,False
11242,561,561,1,1,954,spatial_sustained,0.5769,False
11243,561,561,1,1,1006,spatial_sustained,0.5198,False
11244,561,561,1,1,1017,spatial_sustained,0.6261,False
11245,562,562,1,1,16,spatial_sustained,0.8086,False
11246,562,562,1,1,37,spatial_sustained,0.5362,False
11247,562,562,1,1,93,spatial_sustained,0.9026,False
11248,562,562,1,2,112,spatial_sustained,0.7636,True
11249,562,562,1,1,129,spatial_sustained,0.5067,False
11250,562,562,1,1,192,spatial_sustained,0.8207,False
11251,562,562,1,3,196,spatial_sustained,0.6687,True
11252,562,562,1,3,285,spatial_sustained,0.5694,True
11253,562,562,1,1,349,spatial_sustained,0.5506,False
11254,562,562,1,9,539,spatial_sustained,0.9865,True
11255,562,562,1,1,544,spatial_sustained,0.524,False
11256,562,562,1,1,575,spatial_sustained,0.569,False
11257,562,562,1,1,600,spatial_sustained,0.913,False
11258,562,562,1,2,671,spatial_sustained,0.5543,True
11259,562,562,1,4,865,spatial_sustained,0.6626,True
11260,562,562,1,1,808,spatial_sustained,0.5553,False
11261,562,562,1,1,880,spatial_sustained,0.6289,False
11262,562,562,1,1,936,spatial_sustained,0.5553,False
11263,562,562,1,1,939,spatial_sustained,0.7417,False
11264,562,562,1,1,949,spatial_sustained,0.5014,False
11265,562,562,1,1,954,spatial_sustained,0.5006,False
11266,562,562,1,1,1023,spatial_sustained,0.6603,False
11267,563,563,1,3,81,spatial_sustained,0.6835,True
11268,563,563,1,1,93,spatial_sustained,0.905,False
11269,563,563,1,3,192,spatial_sustained,0.6861,True
11270,563,563,1,4,196,spatial_sustained,0.7156,True
11271,563,563,1,11,349,spatial_sustained,0.5627,True
11272,563,563,1,1,396,spatial_sustained,0.899,False
11273,563,563,1,9,539,spatial_sustained,0.9945,True
11274,563,563,1,1,575,spatial_sustained,0.5959,False
11275,563,563,1,1,600,spatial_sustained,0.9235,False
11276,563,563,1,9,652,spatial_sustained,0.8967,True
11277,563,563,1,10,702,spatial_sustained,0.8593,True
11278,563,563,1,1,754,spatial_sustained,0.6467,False
11279,563,563,1,2,833,spatial_sustained,0.5961,True
11280,563,563,1,1,808,spatial_sustained,0.673,False
11281,563,563,1,1,824,spatial_sustained,0.5339,False
11282,563,563,1,1,861,spatial_sustained,0.5728,False
11283,563,563,1,1,927,spatial_sustained,0.8199,False
11284,564,564,1,1,112,spatial_sustained,0.7619,False
11285,564,564,1,1,189,spatial_sustained,0.5626,False
11286,564,564,1,1,227,spatial_sustained,0.5244,False
11287,564,564,1,11,348,spatial_sustained,0.6589,True
11288,564,564,1,1,288,spatial_sustained,0.5546,False
11289,564,564,1,1,396,spatial_sustained,0.9991,False
11290,564,564,1,7,450,spatial_sustained,0.8679,True
11291,564,564,1,3,497,spatial_sustained,0.5422,True
11292,564,564,1,24,607,spatial_sustained,0.8882,True
11293,564,564,1,30,680,spatial_sustained,0.6994,True
11294,564,564,1,1,593,spatial_sustained,0.5335,False
11295,564,564,1,1,600,spatial_sustained,0.9351,False
11296,564,564,1,1,612,spatial_sustained,0.517,False
11297,564,564,1,10,724,spatial_sustained,0.8585,True
11298,564,564,1,1,665,spatial_sustained,0.5082,False
11299,564,564,1,1,695,spatial_sustained,0.5958,False
11300,564,564,1,1,707,spatial_sustained,0.506,False
11301,564,564,1,5,803,spatial_sustained,0.555,True
11302,564,564,1,1,820,spatial_sustained,0.5163,False
11303,564,564,1,1,824,spatial_sustained,0.5201,False
11304,564,564,1,1,942,spatial_sustained,0.6553,False
11305,564,564,1,1,955,spatial_sustained,0.6379,False
11306,564,564,1,1,960,spatial_sustained,0.5298,False
11307,564,564,1,1,962,spatial_sustained,0.5127,False
11308,564,564,1,1,999,spatial_sustained,0.813,False
11309,564,564,1,1,1010,spatial_sustained,0.5174,False
11310,564,564,1,1,1019,spatial_sustained,0.5316,False
11311,565,565,1,1,16,spatial_sustained,0.5395,False
11312,565,565,1,1,36,spatial_sustained,0.5293,False
11313,565,565,1,1,63,spatial_sustained,0.5107,False
11314,565,565,1,1,64,spatial_sustained,0.8049,False
11315,565,565,1,1,86,spatial_sustained,0.5656,False
11316,565,565,1,1,91,spatial_sustained,0.6224,False
11317,565,565,1,1,102,spatial_sustained,0.7304,False
11318,565,565,1,1,112,spatial_sustained,0.6446,False
11319,565,565,1,4,186,spatial_sustained,0.544,True
11320,565,565,1,15,319,spatial_sustained,0.6656,True
11321,565,565,1,4,227,spatial_sustained,0.7979,True
11322,565,565,1,1,244,spatial_sustained,0.507,False
11323,565,565,1,1,311,spatial_sustained,0.5046,False
11324,565,565,1,2,366,spatial_sustained,0.5314,True
11325,565,565,1,1,337,spatial_sustained,0.5025,False
11326,565,565,1,1,364,spatial_sustained,0.8975,False
11327,565,565,1,1,372,spatial_sustained,0.5479,False
11328,565,565,1,1,407,spatial_sustained,0.5005,False
11329,565,565,1,7,450,spatial_sustained,0.8716,True
11330,565,565,1,1,429,spatial_sustained,0.549,False
11331,565,565,1,1,433,spatial_sustained,0.6029,False
11332,565,565,1,1,487,spatial_sustained,0.608,False
11333,565,565,1,3,523,spatial_sustained,0.5427,True
11334,565,565,1,9,528,spatial_sustained,0.5929,True
11335,565,565,1,4,532,spatial_sustained,0.5442,True
11336,565,565,1,9,539,spatial_sustained,0.9959,True
11337,565,565,1,1,534,spatial_sustained,0.5414,False
11338,565,565,1,3,574,spatial_sustained,0.6165,True
11339,565,565,1,29,697,spatial_sustained,0.7068,True
11340,565,565,1,19,651,spatial_sustained,0.774,True
11341,565,565,1,2,707,spatial_sustained,0.5509,True
11342,565,565,1,2,745,spatial_sustained,0.5557,True
11343,565,565,1,1,767,spatial_sustained,0.8092,False
11344,565,565,1,1,772,spatial_sustained,0.5266,False
11345,565,565,1,1,774,spatial_sustained,0.5578,False
11346,565,565,1,1,840,spatial_sustained,0.5722,False
11347,565,565,1,1,905,spatial_sustained,0.629,False
11348,565,565,1,1,920,spatial_sustained,0.519,False
11349,565,565,1,1,942,spatial_sustained,0.5049,False
11350,565,565,1,1,944,spatial_sustained,0.6086,False
11351,565,565,1,1,962,spatial_sustained,0.5104,False
11352,565,565,1,1,992,spatial_sustained,0.8373,False
11353,565,565,1,1,1005,spatial_sustained,0.613,False
11354,566,566,1,1,15,spatial_sustained,0.8373,False
11355,566,566,1,1,95,spatial_sustained,0.5111,False
11356,566,566,1,9,165,spatial_sustained,0.8855,True
11357,566,566,1,1,151,spatial_sustained,0.5286,False
11358,566,566,1,2,223,spatial_sustained,0.5369,True
11359,566,566,1,1,192,spatial_sustained,0.5487,False
11360,566,566,1,1,364,spatial_sustained,0.9575,False
11361,566,566,1,1,381,spatial_sustained,0.5611,False
11362,566,566,1,9,439,spatial_sustained,0.8819,True
11363,566,566,1,7,450,spatial_sustained,0.8757,True
11364,566,566,1,10,466,spatial_sustained,0.8568,True
11365,566,566,1,1,442,spatial_sustained,0.7181,False
11366,566,566,1,12,570,spatial_sustained,0.9365,True
11367,566,566,1,2,552,spatial_sustained,0.5883,True
11368,566,566,1,2,631,spatial_sustained,0.7343,True
11369,566,566,1,1,608,spatial_sustained,0.555,False
11370,566,566,1,9,652,spatial_sustained,0.9603,True
11371,566,566,1,1,743,spatial_sustained,0.5476,False
11372,566,566,1,1,748,spatial_sustained,0.9898,False
11373,566,566,1,4,910,spatial_sustained,0.6275,True
11374,566,566,1,1,861,spatial_sustained,0.5412,False
11375,566,566,1,2,935,spatial_sustained,0.563,True
11376,566,566,1,1,905,spatial_sustained,0.5724,False
11377,566,566,1,1,994,spatial_sustained,0.6234,False
11378,567,567,1,1,6,spatial_sustained,0.9199,False
11379,567,567,1,1,15,spatial_sustained,0.8099,False
11380,567,567,1,1,29,spatial_sustained,0.5751,False
11381,567,567,1,2,95,spatial_sustained,0.5095,True
11382,567,567,1,1,112,spatial_sustained,0.8843,False
11383,567,567,1,9,164,spatial_sustained,0.9144,True
11384,567,567,1,1,159,spatial_sustained,0.516,False
11385,567,567,1,1,161,spatial_sustained,0.5904,False
11386,567,567,1,1,179,spatial_sustained,0.5169,False
11387,567,567,1,9,269,spatial_sustained,0.8946,True
11388,567,567,1,1,342,spatial_sustained,0.8873,False
11389,567,567,1,1,364,spatial_sustained,0.961,False
11390,567,567,1,1,381,spatial_sustained,0.5964,False
11391,567,567,1,9,439,spatial_sustained,0.9805,True
11392,567,567,1,9,465,spatial_sustained,0.9775,True
11393,567,567,1,1,451,spatial_sustained,0.61,False
11394,567,567,1,1,479,spatial_sustained,0.5011,False
11395,567,567,1,9,539,spatial_sustained,0.9974,True
11396,567,567,1,1,552,spatial_sustained,0.8216,False
11397,567,567,1,3,575,spatial_sustained,0.6365,True
11398,567,567,1,9,652,spatial_sustained,0.9569,True
11399,567,567,1,1,672,spatial_sustained,0.5197,False
11400,567,567,1,1,713,spatial_sustained,0.5101,False
11401,567,567,1,1,726,spatial_sustained,0.5369,False
11402,567,567,1,1,737,spatial_sustained,0.574,False
11403,567,567,1,10,816,spatial_sustained,0.8857,True
11404,567,567,1,1,813,spatial_sustained,0.552,False
11405,567,567,1,1,862,spatial_sustained,0.5098,False
11406,567,567,1,1,896,spatial_sustained,0.5427,False
11407,567,567,1,1,941,spatial_sustained,0.5294,False
11408,567,567,1,1,944,spatial_sustained,0.6627,False
11409,567,567,1,1,1007,spatial_sustained,0.5055,False
11410,568,568,1,1,6,spatial_sustained,0.9954,False
11411,568,568,1,1,95,spatial_sustained,0.5585,False
11412,568,568,1,1,112,spatial_sustained,0.5592,False
11413,568,568,1,9,165,spatial_sustained,0.9327,True
11414,568,568,1,9,269,spatial_sustained,0.9718,True
11415,568,568,1,1,342,spatial_sustained,0.9574,False
11416,568,568,1,9,439,spatial_sustained,0.9971,True
11417,568,568,1,9,465,spatial_sustained,0.9512,True
11418,568,568,1,1,500,spatial_sustained,0.5156,False
11419,568,568,1,12,570,spatial_sustained,0.8969,True
11420,568,568,1,10,653,spatial_sustained,0.9139,True
11421,568,568,1,2,708,spatial_sustained,0.5199,True
11422,568,568,1,9,728,spatial_sustained,0.9212,True
11423,568,568,1,3,737,spatial_sustained,0.557,True
11424,568,568,1,1,745,spatial_sustained,0.6547,False
11425,568,568,1,1,775,spatial_sustained,0.5264,False
11426,568,568,1,9,816,spatial_sustained,0.9734,True
11427,568,568,1,1,800,spatial_sustained,0.502,False
11428,568,568,1,1,813,spatial_sustained,0.5501,False
11429,568,568,1,1,893,spatial_sustained,0.75,False
11430,568,568,1,1,936,spatial_sustained,0.5517,False
11431,568,568,1,10,976,spatial_sustained,0.8252,True
11432,568,568,1,1,1022,spatial_sustained,0.5442,False
11433,569,569,1,1,6,spatial_sustained,0.9972,False
11434,569,569,1,1,15,spatial_sustained,0.5603,False
11435,569,569,1,1,52,spatial_sustained,0.9052,False
11436,569,569,1,2,94,spatial_sustained,0.5486,True
11437,569,569,1,1,109,spatial_sustained,0.5384,False
11438,569,569,1,10,166,spatial_sustained,0.9008,True
11439,569,569,1,1,174,spatial_sustained,0.5045,False
11440,569,569,1,9,269,spatial_sustained,0.9881,True
11441,569,569,1,1,342,spatial_sustained,0.9808,False
11442,569,569,1,11,412,spatial_sustained,0.7719,True
11443,569,569,1,9,439,spatial_sustained,0.9981,True
11444,569,569,1,9,465,spatial_sustained,0.9345,True
11445,569,569,1,1,480,spatial_sustained,0.7073,False
11446,569,569,1,1,544,spatial_sustained,0.5938,False
11447,569,569,1,1,551,spatial_sustained,0.8097,False
11448,569,569,1,2,673,spatial_sustained,0.543,True
11449,569,569,1,3,713,spatial_sustained,0.5125,True
11450,569,569,1,1,685,spatial_sustained,0.527,False
11451,569,569,1,9,728,spatial_sustained,0.9595,True
11452,569,569,1,1,722,spatial_sustained,0.5256,False
11453,569,569,1,1,733,spatial_sustained,0.5758,False
11454,569,569,1,5,769,spatial_sustained,0.6101,True
11455,569,569,1,3,815,spatial_sustained,0.5312,True
11456,569,569,1,1,804,spatial_sustained,0.5044,False
11457,569,569,1,2,842,spatial_sustained,0.5191,True
11458,569,569,1,1,831,spatial_sustained,0.8254,False
11459,569,569,1,1,924,spatial_sustained,0.5954,False
11460,569,569,1,1,927,spatial_sustained,0.6916,False
11461,569,569,1,11,975,spatial_sustained,0.8095,True
11462,569,569,1,2,1017,spatial_sustained,0.5571,True
11463,569,569,1,1,1005,spatial_sustained,0.5042,False
11464,569,569,1,1,1021,spatial_sustained,0.5937,False
11465,569,569,1,1,1023,spatial_sustained,0.5525,False
11466,570,570,1,1,6,spatial_sustained,0.9969,False
11467,570,570,1,1,25,spatial_sustained,0.5183,False
11468,570,570,1,1,52,spatial_sustained,0.9698,False
11469,570,570,1,2,123,spatial_sustained,0.5166,True
11470,570,570,1,3,195,spatial_sustained,0.8849,True
11471,570,570,1,1,223,spatial_sustained,0.5516,False
11472,570,570,1,9,269,spatial_sustained,0.9927,True
11473,570,570,1,1,342,spatial_sustained,0.9931,False
11474,570,570,1,8,411,spatial_sustained,0.9093,True
11475,570,570,1,10,440,spatial_sustained,0.9542,True
11476,570,570,1,9,465,spatial_sustained,0.9448,True
11477,570,570,1,1,451,spatial_sustained,0.5165,False
11478,570,570,1,1,508,spatial_sustained,0.563,False
11479,570,570,1,1,572,spatial_sustained,0.5348,False
11480,570,570,1,1,575,spatial_sustained,0.5692,False
11481,570,570,1,15,748,spatial_sustained,0.5728,True
11482,570,570,1,28,804,spatial_sustained,0.5822,True
11483,570,570,1,1,691,spatial_sustained,0.5112,False
11484,570,570,1,11,729,spatial_sustained,0.8826,True
11485,570,570,1,4,784,spatial_sustained,0.5628,True
11486,570,570,1,3,787,spatial_sustained,0.5805,True
11487,570,570,1,3,850,spatial_sustained,0.5226,True
11488,570,570,1,15,974,spatial_sustained,0.7396,True
11489,570,570,1,1,919,spatial_sustained,0.5986,False
11490,570,570,1,1,948,spatial_sustained,0.6002,False
11491,570,570,1,1,959,spatial_sustained,0.5295,False
11492,570,570,1,1,968,spatial_sustained,0.5767,False
11493,570,570,1,2,1015,spatial_sustained,0.5481,True
11494,571,571,1,1,6,spatial_sustained,0.9997,False
11495,571,571,1,2,16,spatial_sustained,0.6653,True
11496,571,571,1,2,63,spatial_sustained,0.5254,True
11497,571,571,1,1,36,spatial_sustained,0.5021,False
11498,571,571,1,1,52,spatial_sustained,0.9982,False
11499,571,571,1,1,59,spatial_sustained,0.5174,False
11500,571,571,1,1,93,spatial_sustained,0.5269,False
11501,571,571,1,1,135,spatial_sustained,0.5109,False
11502,571,571,1,1,170,spatial_sustained,0.5122,False
11503,571,571,1,1,190,spatial_sustained,0.5071,False
11504,571,571,1,1,225,spatial_sustained,0.8143,False
11505,571,571,1,9,269,spatial_sustained,0.9937,True
11506,571,571,1,1,342,spatial_sustained,0.993,False
11507,571,571,1,8,411,spatial_sustained,0.9436,True
11508,571,571,1,9,439,spatial_sustained,0.9972,True
11509,571,571,1,3,433,spatial_sustained,0.55,True
11510,571,571,1,1,447,spatial_sustained,0.5389,False
11511,571,571,1,1,498,spatial_sustained,0.9827,False
11512,571,571,1,1,508,spatial_sustained,0.6299,False
11513,571,571,1,1,519,spatial_sustained,0.5101,False
11514,571,571,1,1,572,spatial_sustained,0.504,False
11515,571,571,1,1,596,spatial_sustained,0.8699,False
11516,571,571,1,11,727,spatial_sustained,0.8706,True
11517,571,571,1,4,669,spatial_sustained,0.5375,True
11518,571,571,1,1,640,spatial_sustained,0.5288,False
11519,571,571,1,7,747,spatial_sustained,0.5598,True
11520,571,571,1,2,735,spatial_sustained,0.5517,True
11521,571,571,1,1,755,spatial_sustained,0.512,False
11522,571,571,1,9,803,spatial_sustained,0.5361,True
11523,571,571,1,1,781,spatial_sustained,0.5653,False
11524,571,571,1,1,785,spatial_sustained,0.5227,False
11525,571,571,1,4,850,spatial_sustained,0.5344,True
11526,571,571,1,2,888,spatial_sustained,0.5367,True
11527,571,571,1,1,861,spatial_sustained,0.5192,False
11528,571,571,1,12,974,spatial_sustained,0.7843,True
11529,571,571,1,7,958,spatial_sustained,0.867,True
11530,571,571,1,1,999,spatial_sustained,0.8163,False
11531,571,571,1,1,1019,spatial_sustained,0.547,False
11532,572,572,1,1,6,spatial_sustained,1.0,False
11533,572,572,1,1,52,spatial_sustained,0.9998,False
11534,572,572,1,1,61,spatial_sustained,0.5002,False
11535,572,572,1,1,131,spatial_sustained,0.5014,False
11536,572,572,1,1,148,spatial_sustained,0.5008,False
11537,572,572,1,1,224,spatial_sustained,0.5362,False
11538,572,572,1,1,342,spatial_sustained,0.9903,False
11539,572,572,1,8,411,spatial_sustained,0.9535,True
11540,572,572,1,9,439,spatial_sustained,0.9968,True
11541,572,572,1,4,434,spatial_sustained,0.6134,True
11542,572,572,1,4,513,spatial_sustained,0.5334,True
11543,572,572,1,1,498,spatial_sustained,0.9865,False
11544,572,572,1,2,547,spatial_sustained,0.5093,True
11545,572,572,1,9,574,spatial_sustained,0.8894,True
11546,572,572,1,1,596,spatial_sustained,0.8945,False
11547,572,572,1,1,673,spatial_sustained,0.5592,False
11548,572,572,1,15,760,spatial_sustained,0.7823,True
11549,572,572,1,33,909,spatial_sustained,0.7303,True
11550,572,572,1,5,770,spatial_sustained,0.5764,True
11551,572,572,1,4,849,spatial_sustained,0.5388,True
11552,572,572,1,8,958,spatial_sustained,0.886,True
11553,572,572,1,1,997,spatial_sustained,0.6244,False
11554,573,573,1,8,411,spatial_sustained,0.9475,True
11555,573,573,1,2,471,spatial_sustained,0.5838,True
11556,573,573,1,1,498,spatial_sustained,0.988,False
11557,573,573,1,9,574,spatial_sustained,0.9667,True
11558,573,573,1,1,596,spatial_sustained,0.8794,False
11559,573,573,1,9,728,spatial_sustained,0.9286,True
11560,573,573,1,1,903,spatial_sustained,0.8883,False
11561,573,573,1,9,940,spatial_sustained,0.9706,True
11562,573,573,1,8,958,spatial_sustained,0.8883,True
11563,573,573,1,9,976,spatial_sustained,0.8264,True
11564,574,574,1,1,21,spatial_sustained,0.541,False
11565,574,574,1,2,63,spatial_sustained,0.5181,True
11566,574,574,1,2,61,spatial_sustained,0.53,True
11567,574,574,1,1,80,spatial_sustained,0.8235,False
11568,574,574,1,1,102,spatial_sustained,0.8084,False
11569,574,574,1,9,378,spatial_sustained,0.9235,True
11570,574,574,1,1,416,spatial_sustained,0.6201,False
11571,574,574,1,1,470,spatial_sustained,0.536,False
11572,574,574,1,1,498,spatial_sustained,0.9988,False
11573,574,574,1,9,574,spatial_sustained,0.9834,True
11574,574,574,1,1,596,spatial_sustained,0.8785,False
11575,574,574,1,9,728,spatial_sustained,0.9441,True
11576,574,574,1,1,868,spatial_sustained,0.5054,False
11577,574,574,1,1,903,spatial_sustained,0.9841,False
11578,574,574,1,11,941,spatial_sustained,0.9203,True
11579,574,574,1,8,958,spatial_sustained,0.9082,True
11580,574,574,1,2,945,spatial_sustained,0.6941,True
11581,574,574,1,1,981,spatial_sustained,0.5364,False
11582,574,574,1,1,984,spatial_sustained,0.5576,False
11583,575,575,1,1,32,spatial_sustained,0.5222,False
11584,575,575,1,1,102,spatial_sustained,0.8101,False
11585,575,575,1,1,112,spatial_sustained,0.6627,False
11586,575,575,1,1,129,spatial_sustained,0.6558,False
11587,575,575,1,1,191,spatial_sustained,0.5243,False
11588,575,575,1,1,195,spatial_sustained,0.726,False
11589,575,575,1,2,253,spatial_sustained,0.5668,True
11590,575,575,1,9,378,spatial_sustained,0.9642,True
11591,575,575,1,1,383,spatial_sustained,0.5525,False
11592,575,575,1,1,433,spatial_sustained,0.5584,False
11593,575,575,1,1,479,spatial_sustained,0.5174,False
11594,575,575,1,1,498,spatial_sustained,1.0,False
11595,575,575,1,9,574,spatial_sustained,0.9716,True
11596,575,575,1,1,596,spatial_sustained,0.8815,False
11597,575,575,1,9,728,spatial_sustained,0.9407,True
11598,575,575,1,3,736,spatial_sustained,0.5837,True
11599,575,575,1,2,832,spatial_sustained,0.5097,True
11600,575,575,1,1,844,spatial_sustained,0.5327,False
11601,575,575,1,8,958,spatial_sustained,0.6441,True
11602,575,575,1,1,903,spatial_sustained,1.0,False
11603,575,575,1,1,930,spatial_sustained,0.5227,False
11604,575,575,1,1,1009,spatial_sustained,0.5028,False
11605,576,576,1,633,550,spatial_sustained,0.5551,True
11606,576,576,1,3,43,spatial_sustained,0.5138,True
11607,576,576,1,1,46,spatial_sustained,0.512,False
11608,576,576,1,1,50,spatial_sustained,0.5119,False
11609,576,576,1,3,62,spatial_sustained,0.509,True
11610,576,576,1,1,73,spatial_sustained,0.5135,False
11611,576,576,1,2,129,spatial_sustained,0.5336,True
11612,576,576,1,1,296,spatial_sustained,0.5294,False
11613,576,576,1,1,861,spatial_sustained,0.502,False
11614,576,576,1,2,967,spatial_sustained,0.5192,True
11615,577,577,1,8,100,spatial_sustained,0.9321,True
11616,577,577,1,9,574,spatial_sustained,0.6433,True
11617,577,577,1,1,839,spatial_sustained,0.5768,False
11618,577,577,1,1,903,spatial_sustained,1.0,False
11619,577,577,1,1,989,spatial_sustained,0.5202,False
11620,577,577,1,1,991,spatial_sustained,0.565,False
11621,578,578,1,8,100,spatial_sustained,0.9498,True
11622,578,578,1,7,349,spatial_sustained,0.6465,True
11623,578,578,1,1,337,spatial_sustained,0.8791,False
11624,578,578,1,1,352,spatial_sustained,0.8159,False
11625,578,578,1,1,436,spatial_sustained,0.8782,False
11626,578,578,1,9,574,spatial_sustained,0.7565,True
11627,578,578,1,1,631,spatial_sustained,0.9557,False
11628,578,578,1,1,839,spatial_sustained,0.7301,False
11629,578,578,1,8,958,spatial_sustained,0.5824,True
11630,578,578,1,3,919,spatial_sustained,0.5917,True
11631,578,578,1,1,903,spatial_sustained,1.0,False
11632,578,578,1,1,1005,spatial_sustained,0.5854,False
11633,579,579,1,1,8,spatial_sustained,0.5653,False
11634,579,579,1,9,100,spatial_sustained,0.9308,True
11635,579,579,1,1,152,spatial_sustained,0.5033,False
11636,579,579,1,7,349,spatial_sustained,0.7019,True
11637,579,579,1,1,337,spatial_sustained,0.9623,False
11638,579,579,1,1,358,spatial_sustained,0.5473,False
11639,579,579,1,1,384,spatial_sustained,0.5045,False
11640,579,579,1,1,396,spatial_sustained,0.5376,False
11641,579,579,1,2,452,spatial_sustained,0.6444,True
11642,579,579,1,1,426,spatial_sustained,0.5112,False
11643,579,579,1,1,436,spatial_sustained,0.9809,False
11644,579,579,1,4,554,spatial_sustained,0.5269,True
11645,579,579,1,1,561,spatial_sustained,0.542,False
11646,579,579,1,3,663,spatial_sustained,0.7094,True
11647,579,579,1,5,701,spatial_sustained,0.5543,True
11648,579,579,1,1,681,spatial_sustained,0.8438,False
11649,579,579,1,11,747,spatial_sustained,0.5955,True
11650,579,579,1,1,697,spatial_sustained,0.5515,False
11651,579,579,1,2,737,spatial_sustained,0.5368,True
11652,579,579,1,1,722,spatial_sustained,0.8054,False
11653,579,579,1,1,741,spatial_sustained,0.501,False
11654,579,579,1,6,805,spatial_sustained,0.6442,True
11655,579,579,1,1,784,spatial_sustained,0.537,False
11656,579,579,1,1,799,spatial_sustained,0.5773,False
11657,579,579,1,1,813,spatial_sustained,0.5198,False
11658,579,579,1,1,864,spatial_sustained,0.8156,False
11659,579,579,1,2,901,spatial_sustained,0.5517,True
11660,579,579,1,2,980,spatial_sustained,0.5639,True
11661,579,579,1,1,1001,spatial_sustained,0.5059,False
11662,579,579,1,1,1004,spatial_sustained,0.6157,False
11663,580,580,1,2,57,spatial_sustained,0.5395,True
11664,580,580,1,10,101,spatial_sustained,0.906,True
11665,580,580,1,1,73,spatial_sustained,0.5463,False
11666,580,580,1,1,84,spatial_sustained,0.6853,False
11667,580,580,1,3,184,spatial_sustained,0.5186,True
11668,580,580,1,3,292,spatial_sustained,0.5561,True
11669,580,580,1,6,349,spatial_sustained,0.7028,True
11670,580,580,1,1,337,spatial_sustained,0.8346,False
11671,580,580,1,1,436,spatial_sustained,1.0,False
11672,580,580,1,10,483,spatial_sustained,0.8708,True
11673,580,580,1,15,594,spatial_sustained,0.743,True
11674,580,580,1,2,520,spatial_sustained,0.5946,True
11675,580,580,1,1,580,spatial_sustained,0.5171,False
11676,580,580,1,1,631,spatial_sustained,0.9613,False
11677,580,580,1,1,643,spatial_sustained,0.5206,False
11678,580,580,1,1,681,spatial_sustained,0.8537,False
11679,580,580,1,1,703,spatial_sustained,0.5897,False
11680,580,580,1,1,708,spatial_sustained,0.5574,False
11681,580,580,1,1,748,spatial_sustained,0.7527,False
11682,580,580,1,4,807,spatial_sustained,0.5925,True
11683,580,580,1,1,878,spatial_sustained,0.5715,False
11684,580,580,1,1,918,spatial_sustained,0.5565,False
11685,580,580,1,1,927,spatial_sustained,0.8149,False
11686,580,580,1,2,962,spatial_sustained,0.569,True
11687,580,580,1,2,1000,spatial_sustained,0.7414,True
11688,581,581,1,1,24,spatial_sustained,0.8282,False
11689,581,581,1,1,36,spatial_sustained,0.5976,False
11690,581,581,1,1,131,spatial_sustained,0.5288,False
11691,581,581,1,1,160,spatial_sustained,0.6218,False
11692,581,581,1,9,202,spatial_sustained,0.8922,True
11693,581,581,1,7,349,spatial_sustained,0.8055,True
11694,581,581,1,2,356,spatial_sustained,0.6014,True
11695,581,581,1,1,337,spatial_sustained,0.8066,False
11696,581,581,1,2,436,spatial_sustained,0.928,True
11697,581,581,1,1,425,spatial_sustained,0.5829,False
11698,581,581,1,9,483,spatial_sustained,0.9739,True
11699,581,581,1,35,593,spatial_sustained,0.8035,True
11700,581,581,1,1,631,spatial_sustained,1.0,False
11701,581,581,1,1,681,spatial_sustained,0.7486,False
11702,581,581,1,1,711,spatial_sustained,0.5176,False
11703,581,581,1,1,718,spatial_sustained,0.5331,False
11704,581,581,1,1,752,spatial_sustained,0.7988,False
11705,581,581,1,1,865,spatial_sustained,0.5055,False
11706,581,581,1,6,957,spatial_sustained,0.6647,True
11707,581,581,1,1,1004,spatial_sustained,0.5568,False
11708,581,581,1,1,1016,spatial_sustained,0.8307,False
11709,582,582,1,2,55,spatial_sustained,0.7406,True
11710,582,582,1,8,167,spatial_sustained,0.7317,True
11711,582,582,1,9,202,spatial_sustained,0.8493,True
11712,582,582,1,1,192,spatial_sustained,0.8312,False
11713,582,582,1,1,226,spatial_sustained,0.8116,False
11714,582,582,1,1,312,spatial_sustained,0.8932,False
11715,582,582,1,15,410,spatial_sustained,0.8888,True
11716,582,582,1,2,436,spatial_sustained,0.9365,True
11717,582,582,1,1,423,spatial_sustained,0.9136,False
11718,582,582,1,9,483,spatial_sustained,0.9155,True
11719,582,582,1,1,551,spatial_sustained,0.728,False
11720,582,582,1,1,631,spatial_sustained,1.0,False
11721,582,582,1,1,681,spatial_sustained,0.7441,False
11722,582,582,1,1,701,spatial_sustained,0.5142,False
11723,582,582,1,1,703,spatial_sustained,0.5062,False
11724,582,582,1,1,797,spatial_sustained,0.6005,False
11725,582,582,1,10,926,spatial_sustained,0.8635,True
11726,582,582,1,3,901,spatial_sustained,0.5567,True
11727,582,582,1,1,912,spatial_sustained,0.8416,False
11728,582,582,1,1,992,spatial_sustained,0.5536,False
11729,582,582,1,1,994,spatial_sustained,0.8108,False
11730,582,582,1,1,1021,spatial_sustained,0.5941,False
11731,583,583,1,1,27,spatial_sustained,0.8163,False
11732,583,583,1,1,55,spatial_sustained,0.6134,False
11733,583,583,1,7,167,spatial_sustained,0.7326,True
11734,583,583,1,3,195,spatial_sustained,0.6496,True
11735,583,583,1,9,202,spatial_sustained,0.7369,True
11736,583,583,1,1,312,spatial_sustained,0.9994,False
11737,583,583,1,20,410,spatial_sustained,0.8524,True
11738,583,583,1,2,436,spatial_sustained,0.9428,True
11739,583,583,1,10,483,spatial_sustained,0.868,True
11740,583,583,1,1,423,spatial_sustained,0.9308,False
11741,583,583,1,2,561,spatial_sustained,0.5533,True
11742,583,583,1,1,631,spatial_sustained,0.9979,False
11743,583,583,1,1,681,spatial_sustained,0.9072,False
11744,583,583,1,1,737,spatial_sustained,0.508,False
11745,583,583,1,1,800,spatial_sustained,0.5247,False
11746,583,583,1,8,926,spatial_sustained,0.9134,True
11747,583,583,1,1,928,spatial_sustained,0.5179,False
11748,583,583,1,1,940,spatial_sustained,0.5777,False
11749,583,583,1,9,983,spatial_sustained,0.8806,True
11750,583,583,1,1,963,spatial_sustained,0.5793,False
11751,584,584,1,8,167,spatial_sustained,0.7459,True
11752,584,584,1,2,227,spatial_sustained,0.7623,True
11753,584,584,1,1,289,spatial_sustained,0.8074,False
11754,584,584,1,1,312,spatial_sustained,1.0,False
11755,584,584,1,19,382,spatial_sustained,0.8936,True
11756,584,584,1,8,394,spatial_sustained,0.88,True
11757,584,584,1,1,404,spatial_sustained,0.902,False
11758,584,584,1,1,423,spatial_sustained,0.965,False
11759,584,584,1,5,528,spatial_sustained,0.7144,True
11760,584,584,1,9,653,spatial_sustained,0.9186,True
11761,584,584,1,1,624,spatial_sustained,0.5409,False
11762,584,584,1,1,631,spatial_sustained,0.9093,False
11763,584,584,1,2,766,spatial_sustained,0.7736,True
11764,584,584,1,1,828,spatial_sustained,0.8376,False
11765,584,584,1,9,926,spatial_sustained,0.833,True
11766,584,584,1,10,983,spatial_sustained,0.7932,True
11767,584,584,1,1,994,spatial_sustained,0.5388,False
11768,584,584,1,1,999,spatial_sustained,0.7394,False
11769,585,585,1,1,15,spatial_sustained,0.8023,False
11770,585,585,1,4,112,spatial_sustained,0.6255,True
11771,585,585,1,16,196,spatial_sustained,0.8246,True
11772,585,585,1,1,160,spatial_sustained,0.6297,False
11773,585,585,1,1,312,spatial_sustained,0.9973,False
11774,585,585,1,8,394,spatial_sustained,0.9145,True
11775,585,585,1,1,404,spatial_sustained,0.9106,False
11776,585,585,1,8,444,spatial_sustained,0.9825,True
11777,585,585,1,1,449,spatial_sustained,0.6303,False
11778,585,585,1,4,560,spatial_sustained,0.6054,True
11779,585,585,1,9,653,spatial_sustained,0.9541,True
11780,585,585,1,1,631,spatial_sustained,0.9548,False
11781,585,585,1,1,765,spatial_sustained,0.7707,False
11782,585,585,1,1,826,spatial_sustained,0.6418,False
11783,585,585,1,1,828,spatial_sustained,0.8409,False
11784,585,585,1,9,926,spatial_sustained,0.836,True
11785,585,585,1,3,961,spatial_sustained,0.6119,True
11786,585,585,1,1,1012,spatial_sustained,0.5754,False
11787,586,586,1,1,37,spatial_sustained,0.5362,False
11788,586,586,1,1,112,spatial_sustained,0.7703,False
11789,586,586,1,14,196,spatial_sustained,0.8895,True
11790,586,586,1,1,312,spatial_sustained,0.9968,False
11791,586,586,1,1,404,spatial_sustained,0.9201,False
11792,586,586,1,8,444,spatial_sustained,0.9839,True
11793,586,586,1,1,447,spatial_sustained,0.5258,False
11794,586,586,1,1,497,spatial_sustained,0.9,False
11795,586,586,1,1,631,spatial_sustained,0.9567,False
11796,586,586,1,1,639,spatial_sustained,0.5334,False
11797,586,586,1,1,808,spatial_sustained,0.5274,False
11798,586,586,1,9,925,spatial_sustained,0.8298,True
11799,586,586,1,1,880,spatial_sustained,0.5027,False
11800,586,586,1,1,1016,spatial_sustained,0.6725,False
11801,587,587,1,1,15,spatial_sustained,0.6603,False
11802,587,587,1,13,196,spatial_sustained,0.9219,True
11803,587,587,1,1,192,spatial_sustained,0.831,False
11804,587,587,1,9,343,spatial_sustained,0.9135,True
11805,587,587,1,3,414,spatial_sustained,0.5264,True
11806,587,587,1,1,425,spatial_sustained,0.8155,False
11807,587,587,1,1,476,spatial_sustained,0.5924,False
11808,587,587,1,1,514,spatial_sustained,0.9429,False
11809,587,587,1,1,550,spatial_sustained,0.5191,False
11810,587,587,1,1,631,spatial_sustained,0.9471,False
11811,587,587,1,1,735,spatial_sustained,0.5012,False
11812,587,587,1,1,808,spatial_sustained,0.82,False
11813,587,587,1,8,926,spatial_sustained,0.9306,True
11814,587,587,1,1,896,spatial_sustained,0.5895,False
11815,587,587,1,1,903,spatial_sustained,0.5168,False
11816,587,587,1,1,910,spatial_sustained,0.865,False
11817,587,587,1,1,955,spatial_sustained,0.5097,False
11818,587,587,1,1,1011,spatial_sustained,0.5077,False
11819,588,588,1,1,23,spatial_sustained,0.5381,False
11820,588,588,1,1,52,spatial_sustained,0.5288,False
11821,588,588,1,1,96,spatial_sustained,0.5564,False
11822,588,588,1,9,141,spatial_sustained,0.8765,True
11823,588,588,1,1,112,spatial_sustained,0.6801,False
11824,588,588,1,11,195,spatial_sustained,0.932,True
11825,588,588,1,4,257,spatial_sustained,0.7612,True
11826,588,588,1,1,276,spatial_sustained,0.5109,False
11827,588,588,1,10,343,spatial_sustained,0.9462,True
11828,588,588,1,1,337,spatial_sustained,0.5355,False
11829,588,588,1,1,340,spatial_sustained,0.5186,False
11830,588,588,1,6,550,spatial_sustained,0.5584,True
11831,588,588,1,2,514,spatial_sustained,0.9663,True
11832,588,588,1,2,571,spatial_sustained,0.5235,True
11833,588,588,1,1,544,spatial_sustained,0.5689,False
11834,588,588,1,12,785,spatial_sustained,0.5498,True
11835,588,588,1,1,697,spatial_sustained,0.5013,False
11836,588,588,1,1,724,spatial_sustained,0.947,False
11837,588,588,1,1,813,spatial_sustained,0.5582,False
11838,588,588,1,1,835,spatial_sustained,0.5033,False
11839,588,588,1,1,886,spatial_sustained,0.6002,False
11840,588,588,1,8,926,spatial_sustained,0.9145,True
11841,588,588,1,8,973,spatial_sustained,0.603,True
11842,588,588,1,2,962,spatial_sustained,0.6049,True
11843,588,588,1,1,978,spatial_sustained,0.533,False
11844,588,588,1,1,980,spatial_sustained,0.5221,False
11845,589,589,1,1,1,spatial_sustained,0.5059,False
11846,589,589,1,1,12,spatial_sustained,0.54,False
11847,589,589,1,1,17,spatial_sustained,0.7506,False
11848,589,589,1,1,30,spatial_sustained,0.5215,False
11849,589,589,1,1,86,spatial_sustained,0.5255,False
11850,589,589,1,1,88,spatial_sustained,0.5018,False
11851,589,589,1,9,141,spatial_sustained,0.9168,True
11852,589,589,1,1,112,spatial_sustained,0.7965,False
11853,589,589,1,5,186,spatial_sustained,0.5263,True
11854,589,589,1,12,196,spatial_sustained,0.9195,True
11855,589,589,1,2,180,spatial_sustained,0.5141,True
11856,589,589,1,1,289,spatial_sustained,0.9454,False
11857,589,589,1,9,343,spatial_sustained,0.9999,True
11858,589,589,1,1,382,spatial_sustained,0.5121,False
11859,589,589,1,1,452,spatial_sustained,0.506,False
11860,589,589,1,5,512,spatial_sustained,0.7284,True
11861,589,589,1,1,498,spatial_sustained,0.5404,False
11862,589,589,1,6,573,spatial_sustained,0.5346,True
11863,589,589,1,1,550,spatial_sustained,0.5553,False
11864,589,589,1,1,631,spatial_sustained,0.5697,False
11865,589,589,1,1,653,spatial_sustained,0.5944,False
11866,589,589,1,1,695,spatial_sustained,0.5134,False
11867,589,589,1,1,724,spatial_sustained,0.9939,False
11868,589,589,1,8,776,spatial_sustained,0.553,True
11869,589,589,1,4,897,spatial_sustained,0.6049,True
11870,589,589,1,2,926,spatial_sustained,0.8175,True
11871,589,589,1,3,911,spatial_sustained,0.8072,True
11872,589,589,1,1,921,spatial_sustained,0.6561,False
11873,589,589,1,1,1016,spatial_sustained,0.6174,False
11874,590,590,1,1,26,spatial_sustained,0.7783,False
11875,590,590,1,1,102,spatial_sustained,0.5335,False
11876,590,590,1,1,112,spatial_sustained,0.9,False
11877,590,590,1,3,196,spatial_sustained,0.7949,True
11878,590,590,1,2,289,spatial_sustained,0.74,True
11879,590,590,1,9,343,spatial_sustained,0.9997,True
11880,590,590,1,2,514,spatial_sustained,0.9909,True
11881,590,590,1,1,559,spatial_sustained,0.7633,False
11882,590,590,1,1,724,spatial_sustained,0.9924,False
11883,590,590,1,2,737,spatial_sustained,0.5451,True
11884,590,590,1,1,754,spatial_sustained,0.7371,False
11885,590,590,1,1,860,spatial_sustained,0.5131,False
11886,590,590,1,2,911,spatial_sustained,0.9917,True
11887,590,590,1,1,945,spatial_sustained,0.5235,False
11888,590,590,1,1,1008,spatial_sustained,0.5442,False
11889,590,590,1,1,1016,spatial_sustained,0.5449,False
11890,591,591,1,1,0,spatial_sustained,0.51,False
11891,591,591,1,1,28,spatial_sustained,0.8108,False
11892,591,591,1,1,112,spatial_sustained,0.554,False
11893,591,591,1,1,161,spatial_sustained,0.8109,False
11894,591,591,1,9,219,spatial_sustained,0.8674,True
11895,591,591,1,3,196,spatial_sustained,0.8033,True
11896,591,591,1,1,255,spatial_sustained,0.5386,False
11897,591,591,1,1,289,spatial_sustained,0.9407,False
11898,591,591,1,2,381,spatial_sustained,0.5185,True
11899,591,591,1,1,508,spatial_sustained,0.5068,False
11900,591,591,1,1,514,spatial_sustained,0.9836,False
11901,591,591,1,1,724,spatial_sustained,0.9905,False
11902,591,591,1,2,767,spatial_sustained,0.6093,True
11903,591,591,1,1,826,spatial_sustained,0.636,False
11904,591,591,1,2,911,spatial_sustained,0.9931,True
11905,591,591,1,3,925,spatial_sustained,0.732,True
11906,591,591,1,1,946,spatial_sustained,0.503,False
11907,591,591,1,1,985,spatial_sustained,0.6606,False
11908,591,591,1,1,1008,spatial_sustained,0.5232,False
11909,592,592,1,1,37,spatial_sustained,0.5237,False
11910,592,592,1,1,64,spatial_sustained,0.8055,False
11911,592,592,1,10,219,spatial_sustained,0.8904,True
11912,592,592,1,3,196,spatial_sustained,0.5745,True
11913,592,592,1,1,425,spatial_sustained,0.5082,False
11914,592,592,1,1,514,spatial_sustained,0.9834,False
11915,592,592,1,9,717,spatial_sustained,0.9087,True
11916,592,592,1,1,724,spatial_sustained,1.0,False
11917,592,592,1,1,870,spatial_sustained,0.5437,False
11918,592,592,1,2,911,spatial_sustained,0.994,True
11919,592,592,1,1,920,spatial_sustained,0.5554,False
11920,592,592,1,1,925,spatial_sustained,0.6482,False
11921,592,592,1,1,937,spatial_sustained,0.5561,False
11922,592,592,1,1,959,spatial_sustained,0.5693,False
11923,592,592,1,1,1005,spatial_sustained,0.5383,False
11924,592,592,1,1,1016,spatial_sustained,0.6084,False
11925,592,592,1,1,1023,spatial_sustained,0.5093,False
11926,593,593,1,1,112,spatial_sustained,0.8925,False
11927,593,593,1,1,166,spatial_sustained,0.5809,False
11928,593,593,1,9,219,spatial_sustained,0.9124,True
11929,593,593,1,3,226,spatial_sustained,0.7988,True
11930,593,593,1,1,241,spatial_sustained,0.5167,False
11931,593,593,1,9,332,spatial_sustained,0.8828,True
11932,593,593,1,1,514,spatial_sustained,0.9841,False
11933,593,593,1,1,668,spatial_sustained,0.5079,False
11934,593,593,1,9,717,spatial_sustained,0.9517,True
11935,593,593,1,1,722,spatial_sustained,0.525,False
11936,593,593,1,1,724,spatial_sustained,1.0,False
11937,593,593,1,1,768,spatial_sustained,0.5466,False
11938,593,593,1,1,808,spatial_sustained,0.5468,False
11939,593,593,1,1,832,spatial_sustained,0.6578,False
11940,593,593,1,2,911,spatial_sustained,0.9961,True
11941,593,593,1,2,958,spatial_sustained,0.5641,True
11942,594,594,1,1,58,spatial_sustained,0.5027,False
11943,594,594,1,2,112,spatial_sustained,0.705,True
11944,594,594,1,1,191,spatial_sustained,0.513,False
11945,594,594,1,9,332,spatial_sustained,0.9179,True
11946,594,594,1,9,717,spatial_sustained,0.9475,True
11947,594,594,1,5,724,spatial_sustained,0.6427,True
11948,594,594,1,1,714,spatial_sustained,0.5159,False
11949,594,594,1,1,809,spatial_sustained,0.5407,False
11950,594,594,1,2,911,spatial_sustained,0.9973,True
11951,594,594,1,1,1016,spatial_sustained,0.587,False
11952,595,595,1,1,24,spatial_sustained,0.701,False
11953,595,595,1,1,192,spatial_sustained,0.7476,False
11954,595,595,1,1,236,spatial_sustained,0.529,False
11955,595,595,1,9,332,spatial_sustained,0.9089,True
11956,595,595,1,1,337,spatial_sustained,0.5084,False
11957,595,595,1,1,417,spatial_sustained,0.6041,False
11958,595,595,1,1,432,spatial_sustained,0.514,False
11959,595,595,1,9,717,spatial_sustained,0.9418,True
11960,595,595,1,1,713,spatial_sustained,0.5311,False
11961,595,595,1,2,756,spatial_sustained,0.7505,True
11962,595,595,1,1,808,spatial_sustained,0.8119,False
11963,595,595,1,1,834,spatial_sustained,0.786,False
11964,595,595,1,1,836,spatial_sustained,0.5061,False
11965,595,595,1,3,925,spatial_sustained,0.5566,True
11966,595,595,1,1,898,spatial_sustained,0.5041,False
11967,595,595,1,1,911,spatial_sustained,0.9934,False
11968,595,595,1,2,996,spatial_sustained,0.5705,True
11969,595,595,1,1,1014,spatial_sustained,0.5498,False
11970,595,595,1,1,1017,spatial_sustained,0.5332,False
11971,596,596,1,1,24,spatial_sustained,0.5449,False
11972,596,596,1,1,70,spatial_sustained,0.5133,False
11973,596,596,1,1,150,spatial_sustained,0.5403,False
11974,596,596,1,1,192,spatial_sustained,0.8354,False
11975,596,596,1,13,301,spatial_sustained,0.8072,True
11976,596,596,1,1,367,spatial_sustained,0.505,False
11977,596,596,1,2,433,spatial_sustained,0.5635,True
11978,596,596,1,1,474,spatial_sustained,0.5083,False
11979,596,596,1,4,509,spatial_sustained,0.5728,True
11980,596,596,1,1,497,spatial_sustained,0.5435,False
11981,596,596,1,1,621,spatial_sustained,0.5962,False
11982,596,596,1,9,746,spatial_sustained,0.8728,True
11983,596,596,1,1,743,spatial_sustained,0.5635,False
11984,596,596,1,1,826,spatial_sustained,0.5093,False
11985,596,596,1,2,903,spatial_sustained,0.5316,True
11986,596,596,1,1,893,spatial_sustained,0.8542,False
11987,596,596,1,1,919,spatial_sustained,0.5943,False
11988,597,597,1,1,20,spatial_sustained,0.5222,False
11989,597,597,1,1,55,spatial_sustained,0.5396,False
11990,597,597,1,9,92,spatial_sustained,0.8695,True
11991,597,597,1,1,225,spatial_sustained,0.8138,False
11992,597,597,1,1,318,spatial_sustained,0.6076,False
11993,597,597,1,9,746,spatial_sustained,0.9647,True
11994,597,597,1,1,917,spatial_sustained,0.8658,False
11995,597,597,1,1,925,spatial_sustained,0.5003,False
11996,597,597,1,1,937,spatial_sustained,0.8195,False
11997,598,598,1,1,16,spatial_sustained,0.6581,False
11998,598,598,1,9,92,spatial_sustained,0.7905,True
11999,598,598,1,1,311,spatial_sustained,0.532,False
12000,598,598,1,9,746,spatial_sustained,0.9893,True
12001,598,598,1,2,841,spatial_sustained,0.6903,True
12002,598,598,1,2,898,spatial_sustained,0.56,True
12003,598,598,1,1,917,spatial_sustained,0.9899,False
12004,598,598,1,1,919,spatial_sustained,0.5025,False
12005,598,598,1,1,944,spatial_sustained,0.5984,False
12006,598,598,1,2,1017,spatial_sustained,0.668,True
12007,599,599,1,10,92,spatial_sustained,0.7887,True
12008,599,599,1,1,670,spatial_sustained,0.536,False
12009,599,599,1,10,747,spatial_sustained,0.9799,True
12010,599,599,1,1,722,spatial_sustained,0.805,False
12011,599,599,1,2,865,spatial_sustained,0.6052,True
12012,599,599,1,1,917,spatial_sustained,1.0,False
12013,599,599,1,1,1003,spatial_sustained,0.5447,False
